"NAVN","REGISTERENHETID","LAT","LON"
"FAGERNES HOTELL AS",3129320,69.5615396904856,19.185273757571
"SENTRUMHUS AS",3146311,69.648213007648,18.9504318831437
"SEAFOOD TROMSØ AS",3133684,69.6869955349625,18.7339865420323
"KALDFJORD HAND/FISKEF AS",3133714,69.6870221655393,18.7353950371162
"D N LUFTFARTSSELSKAP AS",3136310,69.6826974349071,18.9088841789472
"IKAS EIENDOM AS",3136746,69.6754123326095,18.9285773634798
"BENJAMIN AS",3141344,69.670692878562,18.9718083543436
"GLØERSEN OG OLSEN AS",3142233,69.6928950921453,19.0108118449681
"SELMER - SANDE AS",3142251,69.6926018187138,19.0069721395991
"BRØDRENE HARILA TROMSØ AS",3142321,69.6867928333505,19.0038128173152
"SAS INTERNATION. HOTEL AS",3144713,69.6464525383062,18.9365603091962
"PER NYSTAD AS",4098712,69.671957977001,18.9327952183806
"PER NYSTAD AS",4098713,69.6719138216073,18.9327611921948
"PER NYSTAD AS",4098714,69.6719354700683,18.9329977564042
"PER NYSTAD AS",4098715,69.6718823682897,18.9329620709183
"PER NYSTAD AS",4098716,69.6718362001477,18.933418608385
"PER NYSTAD AS",4098717,69.6718032985935,18.9332833130427
"PER NYSTAD AS",4098718,69.6717467359412,18.9334020174139
"PER NYSTAD AS",4098719,69.671702580667,18.9333679903188
"PER NYSTAD AS",4098720,69.6719256516899,18.9326341912531
"PER NYSTAD AS",4098721,69.6717712678365,18.9335099216819
"TROMSØ FRYSERI & K AS",3128234,69.6498132292752,18.9928123795664
"SCANBOX AS",3136809,69.6728648138021,18.9264000482297
"MASKINENTREPRENØREN AS",3141211,69.6744855060294,18.979677220656
"THON HOTELLBYGG AS",3145110,69.6484313162227,18.9535000963792
"THON HOTELLBYGG AS",3145113,69.6484850697594,18.9527099666668
"THON HOTELLBYGG AS",3146144,69.6483541992415,18.9541310079775
"THON HOTELLBYGG AS",4099796,69.6486604271862,18.9536975888302
"THON HOTELLBYGG AS",4173438,69.6482312712185,18.9540048773508
"THON HOTELLBYGG AS",4173439,69.6482312712185,18.9540048773508
"THON HOTELLBYGG AS",4173440,69.6482312712185,18.9540048773508
"THON HOTELLBYGG AS",4173441,69.6482312712185,18.9540048773508
"THON HOTELLBYGG AS",4173442,69.6482312712185,18.9540048773508
"THON HOTELLBYGG AS",4173443,69.6483202322778,18.9532471205355
"THON HOTELLBYGG AS",4179775,69.6483202322778,18.9532471205355
"THON HOTELLBYGG AS",4179776,69.6483202322778,18.9532471205355
"THON HOTELLBYGG AS",4179777,69.6483202322778,18.9532471205355
"THON HOTELLBYGG AS",4179778,69.6483202322778,18.9532471205355
"THON HOTELLBYGG AS",4179779,69.6483202322778,18.9532471205355
"THON HOTELLBYGG AS",4179780,69.6483202322778,18.9532471205355
"THON HOTELLBYGG AS",4179781,69.6483202322778,18.9532471205355
"THON HOTELLBYGG AS",4179782,69.6483202322778,18.9532471205355
"THON HOTELLBYGG AS",4179783,69.6483202322778,18.9532471205355
"THON HOTELLBYGG AS",4179784,69.6483202322778,18.9532471205355
"THON HOTELLBYGG AS",4179785,69.6483202322778,18.9532471205355
"THON HOTELLBYGG AS",4179786,69.6483202322778,18.9532471205355
"THON HOTELLBYGG AS",4179787,69.6483202322778,18.9532471205355
"THON HOTELLBYGG AS",4179788,69.6483202322778,18.9532471205355
"THON HOTELLBYGG AS",4179789,69.6483202322778,18.9532471205355
"SHELL DRIFT OG EIENDOM AS",3142221,69.6995097229961,19.0193611804081
"NORSKE SHELL AS",3125168,69.6975942637985,19.0795275103107
"NORSKE SHELL AS",3126982,69.6440480664412,18.9828254680806
"NORSKE SHELL AS",3127219,69.644162611409,18.982924365058
"Antek AS",3262459,69.7231960641999,19.0978196758315
"Antek AS",3303755,69.7231315764055,19.098273477913
"Antek AS",3331655,69.634070281706,18.9632609557638
"Antek AS",3331656,69.6339250407171,18.9632080776351
"Antek AS",3331657,69.6338526010105,18.9630346505488
"Antek AS",3564297,69.8255157275055,19.016767618866
"Antek AS",3564298,69.8256825375879,19.0175309061643
"Antek AS",3564299,69.8256049591349,19.0184921963448
"Antek AS",3564300,69.8252550956134,19.0170874610698
"Antek AS",3564301,69.8253041502625,19.0179323653569
"Antek AS",3564302,69.8253728902708,19.0188200792255
"Antek AS",3564303,69.8249221037619,19.017310183806
"Antek AS",3564304,69.8249552718562,19.0178266814538
"Antek AS",3564306,69.8251270982403,19.0191193039242
"Antek AS",3564307,69.8246883659469,19.0176325444704
"Antek AS",3564308,69.8249081060412,19.0187937481307
"Antek AS",3564309,69.8249428133059,19.0192819109644
"Antek AS",3564310,69.8244713288281,19.0179711022126
"Antek AS",3564311,69.8246207440962,19.0188273434214
"Antek AS",3564312,69.8247358299396,19.0195338805241
"Antek AS",3564313,69.8242533867555,19.0182704384534
"Antek AS",3564314,69.8243364989384,19.0186845430257
"Antek AS",3577307,69.8243626439401,19.0192725657128
"JÆGER AUTOMOBIL AS",3126451,69.6667657318621,19.0246790349865
"HOME HOTELL AS",3146583,69.6505223420747,18.9595683664856
"RØNNINGSBAKK EIENDOM AS",3138857,69.6333854339871,18.922639348659
"ICA DISTRIBUSJON AS",3138405,69.6309396318388,18.9231421985995
"THON KJØPESENTER VEST AS",3127951,69.6399623232932,18.9708618605299
"THON KJØPESENTER VEST AS",3128222,69.6405061729581,18.9730276386407
"Eide Handel AS",4164826,69.6316154482672,18.926258537596
"STAMVEIEN 1 EIENDOM AS",3142412,69.6845031603387,19.0045437950523
"SALMAR FARMING AS",3133347,69.8414325731558,18.8064304889303
"DDB AS",3135528,69.6975938007103,18.9788187308247
"DDB AS",3135530,69.6979582483526,18.9789906826484
"DDB AS",3135531,69.6981371663786,18.9790242958731
"DDB AS",3135533,69.6985319532361,18.9790467215289
"DDB AS",3135534,69.6987108712382,18.9790803362598
"DDB AS",3135535,69.6988903728542,18.9790881883764
"DDB AS",3135536,69.699078820366,18.9790977214562
"DDB AS",3135537,69.699246457895,18.9792327113887
"DDB AS",3135545,69.699461308123,18.9820415565357
"DDB AS",3135546,69.6995610654118,18.9823966727071
"DDB AS",3135550,69.70009529644,18.9822125163713
"DDB AS",3135554,69.7001217394048,18.9816404886472
"DDB AS",3135561,69.6990231784624,18.9799669236741
"DDB AS",3135575,69.6989012457907,18.9805908596556
"DDB AS",3135576,69.6990379573668,18.9809011592136
"DDB AS",3139592,69.6399898318501,18.9028577657629
"DDB AS",3142831,69.5343706558782,19.6398243941017
"DDB AS",3146168,69.6500238243754,18.9557841728869
"DDB AS",4098258,69.6988205312298,18.9801875697514
"DDB AS",4098259,69.698778720656,18.9800503483709
"DDB AS",4098260,69.6999395145315,18.981950327899
"DDB AS",4098261,69.6999395145315,18.981950327899
"DDB AS",4098262,69.6995678989526,18.9805091463238
"DDB AS",4098263,69.6995678989526,18.9805091463238
"DDB AS",4098264,69.699626036796,18.9811151713971
"DDB AS",4098265,69.699626036796,18.9811151713971
"DDB AS",4098266,69.6992983676908,18.9805102609756
"DDB AS",4098267,69.6992983676908,18.9805102609756
"DDB AS",4098268,69.6992551878276,18.9800363978179
"DDB AS",4098269,69.6992987497346,18.9800963312301
"DDB AS",4098270,69.6991614530095,18.9798117964951
"DDB AS",4098271,69.6991556155207,18.9800694316941
"DDB AS",4098272,69.6990373779721,18.9797367344778
"DDB AS",4098273,69.6990231784624,18.9799669236741
"DDB AS",4098292,69.6992361087224,18.9812747322421
"DDB AS",4098293,69.6991769911814,18.9811083792008
"DDB AS",4099714,69.6477666140891,18.9511050789206
"DDB AS",4099715,69.6477666140891,18.9511050789206
"DDB AS",4099716,69.6477666140891,18.9511050789206
"STOREBRAND LIVSFORSIKRING AS",3146446,69.6499686571566,18.9534507527594
"STOREBRAND LIVSFORSIKRING AS",3146449,69.6502197312071,18.9534716848277
"Motor Trade Eiendom og Finans AS",3146337,69.6419723743317,18.9421162685712
"NORSK KJØKKENINVEST AS",4099563,69.6580922292094,18.9664807360785
"BMI NORGE AS",3142220,69.6983116829402,19.0171415821678
"BMI NORGE AS",3856519,69.5964307493794,19.8937438105858
"BJØRN BYGG AS",3128276,69.6319844949209,18.9577654151073
"BJØRN BYGG AS",3128277,69.6320543237291,18.957855790525
"BJØRN BYGG AS",3128278,69.6321241524885,18.9579461665406
"BJØRN BYGG AS",3128279,69.6321934009027,18.9580622262969
"BJØRN BYGG AS",3128280,69.6323114423349,18.9580068338689
"BJØRN BYGG AS",3128281,69.6323532718102,18.9581435802344
"BJØRN BYGG AS",3128282,69.6324713132663,18.9580881878648
"BJØRN BYGG AS",3128294,69.6328621834152,18.9594763717591
"BJØRN BYGG AS",3128295,69.6329654739036,18.9596761592655
"BJØRN BYGG AS",3128300,69.6329177032582,18.9586097830719
"BJØRN BYGG AS",3128301,69.6329601126445,18.958720850492
"BJØRN BYGG AS",3128302,69.6330735110339,18.9588709333145
"BJØRN BYGG AS",3128303,69.6331779631043,18.9590193513125
"BJØRN BYGG AS",3128304,69.6333109949694,18.9590957169386
"BJØRN BYGG AS",3128305,69.6333981349483,18.9592151200628
"BJØRN BYGG AS",3128306,69.6334769091484,18.959307172926
"BJØRN BYGG AS",3128307,69.6335383714338,18.9593702084982
"BJØRN BYGG AS",3128308,69.6336284137313,18.959361189895
"BJØRN BYGG AS",3128309,69.6336976611601,18.9594772625644
"BJØRN BYGG AS",3128310,69.6337466940139,18.9596927424113
"BJØRN BYGG AS",3128311,69.6338451019553,18.9597110769667
"BJØRN BYGG AS",3128312,69.6339155102621,18.959775781639
"BJØRN BYGG AS",3128313,69.6339740694977,18.9599672460684
"BJØRN BYGG AS",3128314,69.6340343703392,18.9600816556556
"BJØRN BYGG AS",3128342,69.6326482982296,18.9617835553848
"BJØRN BYGG AS",3128343,69.632419183143,18.9615860997802
"BJØRN BYGG AS",3128344,69.6323038228255,18.9611261712068
"BJØRN BYGG AS",3128345,69.6321558031609,18.9609180472661
"BJØRN BYGG AS",3128346,69.6319762991424,18.9609103875042
"BJØRN BYGG AS",3128347,69.6318116770682,18.9607610726227
"BJØRN BYGG AS",3128348,69.6317119790203,18.9606805971498
"BJØRN BYGG AS",3128351,69.6320586787962,18.9620347572983
"BJØRN BYGG AS",3128352,69.6319207680636,18.9617769316166
"BJØRN BYGG AS",3128353,69.6318151566854,18.9616798742185
"BJØRN BYGG AS",3128354,69.6317101260593,18.9615571353461
"BJØRN BYGG AS",3128355,69.631613529999,18.961379230402
"BJØRN BYGG AS",3128356,69.6315124952579,18.9611592351998
"BJØRN BYGG AS",3128357,69.6319731674435,18.9626378025763
"BJØRN BYGG AS",3128358,69.6318689622959,18.9625977427569
"BJØRN BYGG AS",3128359,69.6316844858861,18.9624524513125
"BJØRN BYGG AS",3128360,69.6315989630633,18.9623410830079
"BJØRN BYGG AS",3128361,69.6314910631943,18.9623054947581
"BJØRN BYGG AS",3128362,69.6314022522604,18.9621806199997
"BJØRN BYGG AS",3128363,69.631312953233,18.9620376021671
"BJØRN BYGG AS",3128364,69.6324085031281,18.9636474620165
"BJØRN BYGG AS",3128365,69.6325885880642,18.9636294616714
"BJØRN BYGG AS",3128750,69.6316812415377,18.9572705098192
"BJØRN BYGG AS",3128751,69.6316119925797,18.9571544554624
"BJØRN BYGG AS",3131323,69.6866890111838,18.8061222383944
"BJØRN BYGG AS",3131324,69.6866207942764,18.8063685272309
"BJØRN BYGG AS",3131327,69.6863471584127,18.8079688441906
"BJØRN BYGG AS",3131328,69.6862970641792,18.8084562319887
"BJØRN BYGG AS",3131330,69.6861150290283,18.8082347953029
"BJØRN BYGG AS",3131331,69.6861661885108,18.8078639426843
"BJØRN BYGG AS",3131332,69.6861415668432,18.8073424531363
"BJØRN BYGG AS",3131334,69.6863450889015,18.8062414552086
"BJØRN BYGG AS",3131335,69.6864166549308,18.8058406488875
"BJØRN BYGG AS",3131340,69.6858110940068,18.8084981801013
"BJØRN BYGG AS",3131343,69.6860415376573,18.8107112578613
"BJØRN BYGG AS",3131363,69.6861918446844,18.8058519898781
"BJØRN BYGG AS",3131364,69.6861605356514,18.8060531945923
"BJØRN BYGG AS",3131365,69.6861186038262,18.8063300509481
"BJØRN BYGG AS",3131366,69.6860699570609,18.8065022875362
"BJØRN BYGG AS",3131367,69.686012362384,18.8066729163893
"BJØRN BYGG AS",3131368,69.6858037577937,18.8063510714325
"BJØRN BYGG AS",3131369,69.6858445731561,18.8061257245689
"BJØRN BYGG AS",3131370,69.6858680509365,18.8058714109106
"BJØRN BYGG AS",3131371,69.6858999179326,18.8056444559287
"BJØRN BYGG AS",3131372,69.6859496801538,18.8054207130759
"BJØRN BYGG AS",3131373,69.685998325864,18.8052484749515
"BJØRN BYGG AS",3131374,69.686038581737,18.8050488768198
"BJØRN BYGG AS",3131409,69.6867096978827,18.8059966833023
"BJØRN BYGG AS",3131410,69.6866001073144,18.8064940814299
"BJØRN BYGG AS",3131411,69.6862847648521,18.8086091431159
"BJØRN BYGG AS",3131417,69.6863267518006,18.8081642503497
"BJØRN BYGG AS",3133005,69.7064029119952,18.9057294182135
"BJØRN BYGG AS",3133008,69.7066436789594,18.9062138062499
"BJØRN BYGG AS",3133010,69.7065802577385,18.9066420739316
"BJØRN BYGG AS",3133018,69.7059565356482,18.9080280129661
"BJØRN BYGG AS",3135512,69.703837402774,18.98239874229
"BJØRN BYGG AS",3135514,69.7034151950375,18.982396966983
"BJØRN BYGG AS",3135516,69.7030727315368,18.9820478975202
"BJØRN BYGG AS",3136932,69.6742741047039,18.9432772461638
"BJØRN BYGG AS",3136934,69.6744610920093,18.9437513328383
"BJØRN BYGG AS",3136936,69.6747641096798,18.9438593692624
"BJØRN BYGG AS",3136938,69.6749871889191,18.9439266991082
"BJØRN BYGG AS",3241639,69.6315178647737,18.957304569171
"BJØRN BYGG AS",3241640,69.6314218015829,18.9572222089864
"BJØRN BYGG AS",3241641,69.6313525525864,18.9571061562227
"BJØRN BYGG AS",3241642,69.6312731970194,18.957039802935
"BJØRN BYGG AS",3241643,69.6311950016878,18.956922086206
"BJØRN BYGG AS",3241644,69.6311263325929,18.9567803537761
"BJØRN BYGG AS",3241645,69.6310380306834,18.9567123371507
"BJØRN BYGG AS",3245383,69.6322755592166,18.9643216183762
"BJØRN BYGG AS",3245384,69.6321360494286,18.9639757860935
"BJØRN BYGG AS",3284142,69.6313405981219,18.9580323494087
"BJØRN BYGG AS",3301887,69.6688091663886,18.9374043480711
"BJØRN BYGG AS",3301888,69.6688056924338,18.9383596062658
"BJØRN BYGG AS",3301889,69.6687482656055,18.9381164284756
"BJØRN BYGG AS",3301890,69.6686192674279,18.9378599664365
"BJØRN BYGG AS",3301891,69.6685618398961,18.9376167921275
"BJØRN BYGG AS",3301892,69.6683047098932,18.9366648550007
"BJØRN BYGG AS",3301893,69.6686218745672,18.9365428666135
"BJØRN BYGG AS",3301894,69.6687687697979,18.9360017524589
"BJØRN BYGG AS",3301895,69.6687673267207,18.9356656281382
"BJØRN BYGG AS",3304682,69.6689606825151,18.9350556171272
"BJØRN BYGG AS",3304683,69.6690778528585,18.9354390488896
"BJØRN BYGG AS",3304684,69.6692230158936,18.935776007357
"BJØRN BYGG AS",3304685,69.669702945983,18.9364076146924
"BJØRN BYGG AS",3304686,69.6687748294031,18.9353311634841
"BJØRN BYGG AS",3305609,69.6697450782211,18.9369321597702
"BJØRN BYGG AS",3306627,69.6682210187679,18.9363909800053
"BJØRN BYGG AS",3306628,69.668442946756,18.93650966422
"BJØRN BYGG AS",3306629,69.6689012248202,18.9377056234426
"BJØRN BYGG AS",3306630,69.6690230092933,18.9378832423925
"BJØRN BYGG AS",3306824,69.6683794541979,18.9369370718726
"BJØRN BYGG AS",3312443,69.6691494202877,18.9346514233229
"BJØRN BYGG AS",3312444,69.6692319600013,18.9349767608501
"BJØRN BYGG AS",3312445,69.6693228684021,18.9353294892982
"BJØRN BYGG AS",3312446,69.6694126217594,18.9357336784012
"BJØRN BYGG AS",3312447,69.6691084305785,18.9380799485037
"BJØRN BYGG AS",3318304,69.6689982002271,18.936586865294
"BJØRN BYGG AS",3318305,69.6691145032874,18.9366084478458
"BJØRN BYGG AS",3318306,69.669231383638,18.9366043020774
"BJØRN BYGG AS",3318307,69.6693577876677,18.9365760877769
"BJØRN BYGG AS",3318308,69.6694662989137,18.9365445527358
"BJØRN BYGG AS",3338378,69.6695066910219,18.9379471953783
"BJØRN BYGG AS",3338379,69.669405393418,18.9380575703337
"BJØRN BYGG AS",3338380,69.6693309348632,18.9381729268918
"BJØRN BYGG AS",3344058,69.6699845974915,18.9382684459739
"BJØRN BYGG AS",3360556,69.6699003445498,18.9356174779784
"BJØRN BYGG AS",3360806,69.6697857727868,18.9355187121147
"BJØRN BYGG AS",3360807,69.6700685946387,18.9357262044112
"BJØRN BYGG AS",3360809,69.6697375724451,18.9372666390552
"BJØRN BYGG AS",3360810,69.6697323757659,18.9374982014891
"BJØRN BYGG AS",4098130,69.6324426219597,18.9589597294845
"BJØRN BYGG AS",4098131,69.6322827514528,18.9588783690656
"BJØRN BYGG AS",4098132,69.6324175246737,18.9588776803008
"BJØRN BYGG AS",4098133,69.6322893759369,18.9589827682921
"BJØRN BYGG AS",4098134,69.6324103197241,18.9587989638573
"BJØRN BYGG AS",4098135,69.6322792688778,18.9590324683854
"BJØRN BYGG AS",4098136,69.632196191611,18.9587332905679
"BJØRN BYGG AS",4098137,69.6320654810649,18.9585541995059
"BJØRN BYGG AS",4098138,69.6320161070449,18.9587513321197
"BJØRN BYGG AS",4098139,69.6319061907059,18.9584471608612
"BJØRN BYGG AS",4098140,69.6321944504051,18.9588103399347
"BJØRN BYGG AS",4098141,69.632063739939,18.9586312484164
"BJØRN BYGG AS",4098142,69.6320190089896,18.9586229175675
"BJØRN BYGG AS",4098143,69.6318955034376,18.9585225430915
"BJØRN BYGG AS",4098144,69.6321831825578,18.9589114061002
"BJØRN BYGG AS",4098145,69.632051891799,18.9587579970107
"BJØRN BYGG AS",4098146,69.6320386424928,18.9585492010888
"BJØRN BYGG AS",4098147,69.6318770306896,18.9585448936148
"BJØRN BYGG AS",4098148,69.6320654810649,18.9585541995059
"BJØRN BYGG AS",4098149,69.6332222349063,18.9602398179645
"BJØRN BYGG AS",4098150,69.6332037619418,18.9602621683555
"BJØRN BYGG AS",4098151,69.6331841277129,18.9603358872445
"BJØRN BYGG AS",4098152,69.6333439974861,18.9604172622186
"BJØRN BYGG AS",4098153,69.633324943847,18.9604652970135
"BJØRN BYGG AS",4098154,69.6333053095322,18.9605390161299
"BJØRN BYGG AS",4098155,69.6333393521892,18.9606227378273
"BJØRN BYGG AS",4098156,69.6333673520384,18.9605763702486
"BJØRN BYGG AS",4098157,69.6333696746902,18.9604736323153
"BJØRN BYGG AS",4098158,69.6334688991201,18.9608532216587
"BJØRN BYGG AS",4098159,69.6334521682054,18.9607985180482
"BJØRN BYGG AS",4098160,69.63347180263,18.9607247986688
"BJØRN BYGG AS",4098161,69.6330436546609,18.9597938666548
"BJØRN BYGG AS",4098162,69.6330436546609,18.9597938666548
"BJØRN BYGG AS",4098163,69.6330436546609,18.9597938666548
"BJØRN BYGG AS",4098164,69.6331356762351,18.9600947274524
"BJØRN BYGG AS",4098165,69.6331356762351,18.9600947274524
"BJØRN BYGG AS",4098166,69.6331356762351,18.9600947274524
"BJØRN BYGG AS",4098167,69.63347180263,18.9607247986688
"BJØRN BYGG AS",4098168,69.6339887022626,18.9605116076149
"BJØRN BYGG AS",4098169,69.6339540789091,18.9604535687048
"BJØRN BYGG AS",4098170,69.6339272404045,18.9604485673883
"BJØRN BYGG AS",4098171,69.6338749607637,18.9607741381438
"BJØRN BYGG AS",4098172,69.633891691682,18.9608288428309
"BJØRN BYGG AS",4098173,69.6339078418636,18.9609092327269
"BJØRN BYGG AS",4098174,69.6338567229017,18.9611834319319
"BJØRN BYGG AS",4098175,69.6338411535932,18.9610773569895
"BJØRN BYGG AS",4098176,69.6338339496505,18.9609986345465
"BJØRN BYGG AS",4098177,69.6336939497251,18.9612304734389
"BJØRN BYGG AS",4098178,69.6336873266036,18.9611260666433
"BJØRN BYGG AS",4098179,69.6336980150049,18.9610506794237
"BJØRN BYGG AS",4098180,69.6326482982296,18.9617835553848
"BJØRN BYGG AS",4098181,69.6327212622962,18.9621324510073
"BJØRN BYGG AS",4098182,69.6326173937662,18.9619583375055
"BJØRN BYGG AS",4098183,69.6327593704588,18.9620363870392
"BJØRN BYGG AS",4098184,69.6324500872325,18.9614113187303
"BJØRN BYGG AS",4098185,69.6325403635229,18.9617892283347
"BJØRN BYGG AS",4098186,69.632419183143,18.9615860997802
"BJØRN BYGG AS",4098187,69.6325712678167,18.9616144465941
"BJØRN BYGG AS",4098188,69.6322491041924,18.9623539588614
"BJØRN BYGG AS",4098189,69.6322491041924,18.9623539588614
"BJØRN BYGG AS",4098190,69.6322491041924,18.9623539588614
"BJØRN BYGG AS",4098191,69.6322491041924,18.9623539588614
"BJØRN BYGG AS",4098192,69.6322491041924,18.9623539588614
"BJØRN BYGG AS",4098193,69.6322491041924,18.9623539588614
"BJØRN BYGG AS",4098194,69.6325001766665,18.9627721649957
"BJØRN BYGG AS",4098195,69.6325001766665,18.9627721649957
"BJØRN BYGG AS",4098196,69.6325001766665,18.9627721649957
"BJØRN BYGG AS",4098197,69.6325001766665,18.9627721649957
"BJØRN BYGG AS",4098198,69.6325001766665,18.9627721649957
"BJØRN BYGG AS",4098199,69.6325001766665,18.9627721649957
"BJØRN BYGG AS",4098200,69.6314535007345,18.9626157147445
"BJØRN BYGG AS",4098201,69.6314535007345,18.9626157147445
"BJØRN BYGG AS",4098202,69.6314535007345,18.9626157147445
"BJØRN BYGG AS",4098203,69.6314535007345,18.9626157147445
"BJØRN BYGG AS",4098204,69.6314535007345,18.9626157147445
"BJØRN BYGG AS",4098205,69.6314535007345,18.9626157147445
"BJØRN BYGG AS",4098206,69.6316674517075,18.9630863055317
"BJØRN BYGG AS",4098207,69.6316674517075,18.9630863055317
"BJØRN BYGG AS",4098208,69.6316674517075,18.9630863055317
"BJØRN BYGG AS",4098209,69.6316674517075,18.9630863055317
"BJØRN BYGG AS",4098210,69.6316674517075,18.9630863055317
"BJØRN BYGG AS",4098211,69.6316674517075,18.9630863055317
"BJØRN BYGG AS",4098212,69.631904708636,18.9634400344024
"BJØRN BYGG AS",4098213,69.631904708636,18.9634400344024
"BJØRN BYGG AS",4098214,69.631904708636,18.9634400344024
"BJØRN BYGG AS",4098215,69.631904708636,18.9634400344024
"BJØRN BYGG AS",4098216,69.631904708636,18.9634400344024
"BJØRN BYGG AS",4098217,69.631904708636,18.9634400344024
"BJØRN BYGG AS",4099556,69.6580922292094,18.9664807360785
"BJØRN BYGG AS",4099557,69.6580922292094,18.9664807360785
"BJØRN BYGG AS",4099558,69.6580922292094,18.9664807360785
"BJØRN BYGG AS",4099559,69.6580922292094,18.9664807360785
"BJØRN BYGG AS",4099560,69.6580922292094,18.9664807360785
"BJØRN BYGG AS",4099561,69.6580922292094,18.9664807360785
"BJØRN BYGG AS",4099562,69.6580922292094,18.9664807360785
"BJØRN BYGG AS",4099564,69.6580922292094,18.9664807360785
"BJØRN BYGG AS",4099565,69.6580922292094,18.9664807360785
"BJØRN BYGG AS",4099566,69.6580922292094,18.9664807360785
"BJØRN BYGG AS",4099567,69.6580922292094,18.9664807360785
"BJØRN BYGG AS",4114419,69.6316410451544,18.957856181242
"BJØRN BYGG AS",4114420,69.6315916719245,18.9580533115885
"BJØRN BYGG AS",4114421,69.6315858687908,18.958310135677
"BJØRN BYGG AS",4114422,69.6315858687908,18.958310135677
"BJØRN BYGG AS",4114423,69.6315302091258,18.9579902857195
"BJØRN BYGG AS",4114424,69.631561689885,18.9577898242374
"BJØRN BYGG AS",4114425,69.6313868275516,18.9575767337807
"BJØRN BYGG AS",4114426,69.6313642932394,18.9577788596958
"BJØRN BYGG AS",4114427,69.6313405981219,18.9580323494087
"BJØRN BYGG AS",4114428,69.6312170922041,18.957931981653
"BJØRN BYGG AS",4114429,69.6312670455341,18.957709172435
"BJØRN BYGG AS",4114430,69.6313086325896,18.9574590144489
"BJØRN BYGG AS",4114431,69.6311600282737,18.957276607741
"BJØRN BYGG AS",4114432,69.6311207623152,18.9574240368914
"BJØRN BYGG AS",4114433,69.631113799636,18.9577322191972
"BJØRN BYGG AS",4114434,69.6310093463934,18.9575838221477
"BJØRN BYGG AS",4114435,69.6310240946476,18.9573286703214
"BJØRN BYGG AS",4114436,69.631046628433,18.9571265471387
"BJØRN BYGG AS",4119428,69.6321360494286,18.9639757860935
"BJØRN BYGG AS",4119429,69.6320643536051,18.963848933875
"BJØRN BYGG AS",4119430,69.6322755592166,18.9643216183762
"BJØRN BYGG AS",4119431,69.6322153773795,18.964202069833
"BJØRN BYGG AS",234335587,69.630176540288,18.9557551123535
"BJØRN BYGG AS",234335598,69.6303548833214,18.9560926097021
"BJØRN BYGG AS",234335600,69.6302987382342,18.955953216443
"Jøvik Sildolje & Kraftforfabrikk AS",3139211,69.6737221893253,18.9784744501468
"Jøvik Sildolje & Kraftforfabrikk AS",3143460,69.6044852518023,19.810145372504
"Jøvik Sildolje & Kraftforfabrikk AS",3143466,69.604735747341,19.8137854799632
"Jøvik Sildolje & Kraftforfabrikk AS",3143467,69.6043774159802,19.8166433276241
"Jøvik Sildolje & Kraftforfabrikk AS",3143486,69.6043594806532,19.8121019747753
"Jøvik Sildolje & Kraftforfabrikk AS",3271213,69.6730638713288,18.9762061236947
"Jøvik Sildolje & Kraftforfabrikk AS",3330937,69.6038214351656,19.811722461943
"HAUGEN AS",3127974,69.6403637314697,18.9789095542694
"SCANDINAVIAN MEDICAL CENTERS AS",4099723,69.6441913823998,18.9417952072627
"BALDER AS",3317447,69.6262821083952,18.9493039385055
"BALDER AS",3317448,69.6263251028733,18.9493892762323
"BALDER AS",3317449,69.6263686763264,18.9494489379219
"BALDER AS",3317450,69.6264122497582,18.9495085998576
"BALDER AS",3317451,69.6264564022005,18.9495425855532
"BALDER AS",3317452,69.6264993965581,18.949627924467
"BALDER AS",3317453,69.6265435489758,18.9496619105533
"BALDER AS",3317454,69.6265871223316,18.9497215734225
"BALDER AS",3317538,69.6267518901599,18.949984242132
"BALDER AS",3317539,69.6268044096893,18.9500455683508
"BALDER AS",3317540,69.6268396157331,18.950077893689
"BALDER AS",3317541,69.626883188941,18.9501375582516
"BALDER AS",3317542,69.6269267621276,18.9501972230604
"BALDER AS",3317543,69.6269703352931,18.9502568881152
"BALDER AS",3317544,69.6270139084373,18.9503165534161
"BALDER AS",3317545,69.6270658486881,18.9504035584192
"BALDER AS",3317546,69.6271529948512,18.9505228904106
"BALDER AS",3317547,69.6272395617337,18.9506679007833
"BALDER AS",3317548,69.6273267077092,18.9507872348447
"BALDER AS",3317549,69.6274121158837,18.9509836026809
"BALDER AS",4167062,69.6684175503474,18.9352390515294
"BALDER AS",4167063,69.668199217011,18.9337182399676
"BALDER AS",4167064,69.668199217011,18.9337182399676
"BALDER AS",4167065,69.668199217011,18.9337182399676
"BALDER AS",234456694,69.6665998503519,19.0174139019505
"ØKOHUS NORGE AS",3135453,69.6951372968105,18.9650869761407
"ØKOHUS NORGE AS",3135700,69.6972013500105,18.9775032102959
"ØKOHUS NORGE AS",3135701,69.6973349553942,18.9775541711071
"ØKOHUS NORGE AS",3135704,69.6976190853507,18.9780990841352
"Tromsø Automobilcompani Taco AS",3136359,69.6731631268385,18.9219384080973
"Tromsø Automobilcompani Taco AS",3136360,69.6723920195753,18.9250463977616
"Tromsø Automobilcompani Taco AS",3136378,69.6730550848793,18.9317040861013
"Tromsø Automobilcompani Taco AS",3136637,69.6725350561266,18.9198533105587
"Tromsø Automobilcompani Taco AS",3136802,69.6735167962999,18.9273734948562
"Tromsø Automobilcompani Taco AS",3136941,69.6752185963762,18.9448225610703
"Tromsø Automobilcompani Taco AS",3137006,69.6725853365788,18.9304568056406
"Tromsø Automobilcompani Taco AS",3138654,69.6294106317808,18.9196108739012
"Tromsø Automobilcompani Taco AS",3138742,69.6299648233199,18.9205382599578
"Tromsø Automobilcompani Taco AS",3139485,69.6306488614419,18.9212833413054
"Tromsø Automobilcompani Taco AS",3139605,69.6305809136415,18.9199040237248
"Tromsø Automobilcompani Taco AS",3140464,69.6298506592074,18.9188152329307
"Tromsø Automobilcompani Taco AS",3140465,69.6299259246602,18.9182617820774
"Tromsø Automobilcompani Taco AS",3140756,69.630350308296,18.9229818612329
"Tromsø Automobilcompani Taco AS",3145379,69.6481675441456,18.9608070051175
"Tromsø Automobilcompani Taco AS",3244534,69.672786241602,18.9250935136029
"Tromsø Automobilcompani Taco AS",3246074,69.6733398475279,18.918813399702
"Tromsø Automobilcompani Taco AS",3345853,69.6491911658253,18.9536673709005
"Tromsø Automobilcompani Taco AS",4099077,69.6301744611643,18.9187975610082
"Tromsø Automobilcompani Taco AS",4141786,69.649286095917,18.9538399162232
"HANSEN BERNHOF EIENDOMSTAKSERING AS",1112094985,69.5668322376559,19.1390804001458
"CETHO EIENDOM AS",3141880,69.681580831473,18.9944005477154
"NG EIENDOM NORD AS",3435926,69.667602781395,19.0238302450895
"CETHO EIENDOM AS",358164439,69.645619733375,18.9422770650962
"CETHO EIENDOM AS",358164445,69.645619733375,18.9422770650962
"CETHO EIENDOM AS",358164613,69.645619733375,18.9422770650962
"CETHO EIENDOM AS",358164616,69.645619733375,18.9422770650962
"Berg Odd AS",3144062,69.6412948721444,18.4175739557197
"Berg Odd AS",234456975,69.6701233967384,19.0419823622936
"RØDBRYGGA AS",4136712,69.6464857967922,18.9313558416408
"Strandgata Eiendom AS",263543920,69.6648612319769,18.9706262988595
"Strandgata Eiendom AS",1045035378,69.6521685748018,18.9698401973941
"ARNESEN EIENDOM AS",3145350,69.6485453702197,18.9603870626761
"ARNESEN EIENDOM AS",3145351,69.6486633013678,18.9611317712653
"ARNESEN EIENDOM AS",3250417,69.667557883848,18.9162470338924
"SULLAND TROMSØ AS",3137005,69.6756088847791,18.9240886268512
"MACK LUDWIG AS",3137678,69.6451789663058,18.9150883499178
"MACK LUDWIG AS",3138330,69.6353103379785,18.9345504846689
"MACK LUDWIG AS",3140604,69.6373215753479,18.9193674732696
"MACK LUDWIG AS",3145073,69.646064937813,18.948878709791
"MACK LUDWIG AS",3145078,69.6465003006051,18.9506888436472
"MACK LUDWIG AS",3146107,69.6462297686396,18.950016547698
"MACK LUDWIG AS",3146273,69.6456696007665,18.9525085957814
"MACK LUDWIG AS",3146274,69.6457845869782,18.9520706191169
"MACK LUDWIG AS",3146613,69.6455057400903,18.9504522374702
"MACK LUDWIG AS",3146614,69.6446533778367,18.9497259768888
"MACK LUDWIG AS",3262460,69.6448906153088,18.9147255351136
"IFO AS",3145899,69.6485297712523,18.9582934573425
"IFO AS",3241648,69.684002084766,18.7987506257565
"IFO AS",4166565,69.6572839518032,18.9660714767862
"IFO AS",4171037,69.6485297712523,18.9582934573425
"IFO AS",4171038,69.6485297712523,18.9582934573425
"IFO AS",4171039,69.6485297712523,18.9582934573425
"IFO AS",4171040,69.6485297712523,18.9582934573425
"IFO AS",4171041,69.6485297712523,18.9582934573425
"IFO AS",4171042,69.6485297712523,18.9582934573425
"IFO AS",4171043,69.6485297712523,18.9582934573425
"IFO AS",4171044,69.6485297712523,18.9582934573425
"IFO AS",4171045,69.6485297712523,18.9582934573425
"IFO AS",4171046,69.6485297712523,18.9582934573425
"IFO AS",4174124,69.6485297712523,18.9582934573425
"IFO AS",4174256,69.6485297712523,18.9582934573425
"IFO AS",4181904,69.6549692731701,18.9635476951793
"IFO AS",4185667,69.6515379553751,18.9591511141633
"IFO AS",4185668,69.6515379553751,18.9591511141633
"IFO AS",4185669,69.6515379553751,18.9591511141633
"IFO AS",4211906,69.654692512088,18.9634701775163
"IFO AS",4215856,69.6531032583345,18.9614437984879
"IFO AS",4215859,69.6531032583345,18.9614437984879
"IFO AS",4301020,69.6547936087266,18.9629727038717
"IFO AS",4311348,69.6531032583345,18.9614437984879
"IFO AS",4311863,69.6531032583345,18.9614437984879
"RENTEX AS",3146252,69.6554955936342,18.9621226072005
"JØR AS",3146159,69.6492117930794,18.9551424825802
"Madsen Eiendom AS",4166126,69.6325653355976,18.9203473630582
"LIND EIENDOM AS",4323965,69.6855912449098,18.9823830939455
"LIND EIENDOM AS",4325365,69.6860871410592,18.9830968530405
"LIND EIENDOM AS",4325372,69.6860871410592,18.9830968530405
"LIND EIENDOM AS",4325376,69.6860871410592,18.9830968530405
"LIND EIENDOM AS",250317350,69.6860588612743,18.9838284716706
"BO COMPAGNIET AS",4103607,69.6761066767586,19.0494036412165
"BO COMPAGNIET AS",4103608,69.676046435987,19.0492887497248
"BO COMPAGNIET AS",4103609,69.6759951402931,19.0491755671178
"BO COMPAGNIET AS",4122091,69.6849324903261,18.9840950602198
"BO COMPAGNIET AS",4122092,69.6849635991981,18.9843077560202
"BO COMPAGNIET AS",4122093,69.6850429432266,18.9843743840358
"BO COMPAGNIET AS",4128167,69.6746050789144,18.975590561146
"BO COMPAGNIET AS",4128168,69.6746754805589,18.975655446009
"BO COMPAGNIET AS",4128169,69.6747375192551,18.9756929201005
"BO COMPAGNIET AS",4128170,69.6746181059337,18.9754121010474
"BO COMPAGNIET AS",4128171,69.6746711987208,18.9754478972641
"BO COMPAGNIET AS",4128172,69.6747594923446,18.9755161360507
"BO COMPAGNIET AS",234610640,69.6479096852617,18.9519318107557
"Moe Gården AS",3139334,69.6408772692183,18.9254674049824
"Moe Gården AS",3146178,69.6505948859754,18.9563552012686
"Eriksen Eiendom AS",3144059,69.6330099816739,18.4025401117104
"NLM EIENDOM TROMSØ AS",3131896,69.6853041449934,18.835500642579
"NLM EIENDOM TROMSØ AS",3136806,69.6732944383953,18.9400975672283
"NLM EIENDOM TROMSØ AS",3138235,69.6386899832192,18.9308679485163
"NLM EIENDOM TROMSØ AS",3138926,69.6635887937944,18.9645636242937
"NLM EIENDOM TROMSØ AS",3139186,69.6633187953145,18.9637899621696
"NLM EIENDOM TROMSØ AS",3146015,69.6516380220797,18.9519287350326
"NLM EIENDOM TROMSØ AS",4151262,69.6702648000244,19.0350584844307
"NLM EIENDOM TROMSØ AS",4161776,69.6418628494114,18.9399956184497
"TROMSØ EIENDOMSINVEST I AS",3124465,69.7839479865497,19.4524154269153
"TROMSØ EIENDOMSINVEST I AS",3145143,69.6520543663356,18.9557752497337
"TROMSØ EIENDOMSINVEST I AS",3145145,69.6519348304032,18.9562950968983
"TROMSØ EIENDOMSINVEST I AS",3145146,69.6520219718581,18.9564145951612
"TROMSØ EIENDOMSINVEST I AS",3145148,69.6521102735162,18.9564826799275
"TROMSØ EIENDOMSINVEST I AS",3146296,69.6476542397618,18.9552911788467
"BRENNBYGGET AS",3146302,69.6474987367532,18.9574044264442
"PROMINENT NORGE AS",3129827,69.5561553365243,18.8161294177718
"Wibe Eiendom AS",3138758,69.6712919544444,18.9691557890139
"Berg Holding AS",4128274,69.6498843177253,18.9468270254889
"Fossbakk Eiendom AS",3141706,69.6623628231251,18.9647478269573
"Gisund Eiendom AS",4099322,69.664462693094,18.9660442699023
"Gisund Eiendom AS",4099323,69.664462693094,18.9660442699023
"STOREGGA EIENDOM AS",3125470,69.689004826248,19.0728691572471
"STOREGGA EIENDOM AS",4143404,69.6904704351648,18.8600454693183
"STOREGGA EIENDOM AS",4174050,69.6904704351648,18.8600454693183
"STOREGGA EIENDOM AS",234453565,69.6904704351648,18.8600454693183
"Kiil Interiørdesign AS",4302837,69.6536074719314,18.9615533709214
"Barlindhaug Eiendom AS",3131485,69.691864803944,18.8799285153663
"Barlindhaug Eiendom AS",3131514,69.684934434685,18.8289396209461
"Barlindhaug Eiendom AS",3131552,69.6843311014865,18.8225771582501
"Barlindhaug Eiendom AS",3138189,69.6429813352547,18.9024526459734
"Barlindhaug Eiendom AS",3138190,69.6428298121577,18.9023990085829
"Barlindhaug Eiendom AS",3138191,69.6427045572054,18.9023759998935
"Barlindhaug Eiendom AS",3138192,69.6420813409263,18.9024060132033
"Barlindhaug Eiendom AS",3138193,69.6420763000933,18.902753412832
"Barlindhaug Eiendom AS",3138195,69.64243558154,18.9023523937562
"Barlindhaug Eiendom AS",3138565,69.6303291800659,18.9191097512011
"Barlindhaug Eiendom AS",3248881,69.6430179535776,18.9016956032066
"Barlindhaug Eiendom AS",3248882,69.642901359271,18.901687090518
"Barlindhaug Eiendom AS",3248883,69.6427289309558,18.901725089273
"Barlindhaug Eiendom AS",3272559,69.645612487148,18.9057231254901
"Barlindhaug Eiendom AS",3272560,69.6454828673179,18.9054928422929
"Barlindhaug Eiendom AS",3272561,69.6453532471755,18.9052625619159
"Barlindhaug Eiendom AS",3272562,69.6452207637593,18.9051607868761
"Barlindhaug Eiendom AS",3272564,69.6450966544417,18.9050863582829
"Barlindhaug Eiendom AS",3273967,69.644872538995,18.9026452615252
"Barlindhaug Eiendom AS",3273968,69.6448717572778,18.9030838079199
"Barlindhaug Eiendom AS",3273969,69.6448726915293,18.9034452538661
"Barlindhaug Eiendom AS",3273970,69.6448913319258,18.9037376990941
"Barlindhaug Eiendom AS",3273971,69.6449091999226,18.9042261237636
"Barlindhaug Eiendom AS",3376847,69.6464560442798,18.9073750695042
"Barlindhaug Eiendom AS",3382629,69.6458807160429,18.9017466277433
"Barlindhaug Eiendom AS",3382630,69.6453448460238,18.9020094754696
"Barlindhaug Eiendom AS",3382631,69.6448276488831,18.9018370519484
"Barlindhaug Eiendom AS",3382632,69.6447949284816,18.9012891329752
"Barlindhaug Eiendom AS",3395376,69.6456899729928,18.9018406208075
"Barlindhaug Eiendom AS",3395377,69.6457716382899,18.9018040098768
"Barlindhaug Eiendom AS",3395378,69.6454354581389,18.9019745092872
"Barlindhaug Eiendom AS",3395379,69.6455439638156,18.901942829883
"Barlindhaug Eiendom AS",3399167,69.6462592891708,18.9029000638242
"Barlindhaug Eiendom AS",3444488,69.6431267149339,18.9068142930205
"Barlindhaug Eiendom AS",3581668,69.6850973460936,18.8124959370898
"Barlindhaug Eiendom AS",3581669,69.6850504827338,18.8131648334241
"Barlindhaug Eiendom AS",3581670,69.6847076186368,18.8132350003512
"Barlindhaug Eiendom AS",3581671,69.6846973849877,18.8126721780679
"Barlindhaug Eiendom AS",3581672,69.6847084005134,18.8121648813277
"Barlindhaug Eiendom AS",3581673,69.6847015753746,18.8116931537424
"Barlindhaug Eiendom AS",3581675,69.6849090951146,18.8151248299625
"Barlindhaug Eiendom AS",3581676,69.6848749330248,18.8145059905962
"Barlindhaug Eiendom AS",3581677,69.6844834589015,18.8155730098885
"Barlindhaug Eiendom AS",3581678,69.6844649574829,18.8148949569768
"Barlindhaug Eiendom AS",3581679,69.6844475702962,18.8144135767978
"Barlindhaug Eiendom AS",3581784,69.6843020643738,18.8123037872882
"Barlindhaug Eiendom AS",3581785,69.6844464585314,18.8128105909048
"Barlindhaug Eiendom AS",3581786,69.6844492540782,18.8133436320714
"Barlindhaug Eiendom AS",3581787,69.6841608427809,18.8116915457696
"Barlindhaug Eiendom AS",3600959,69.6845194190286,18.8180095280045
"Barlindhaug Eiendom AS",3600960,69.6844637051082,18.8163165614016
"Barlindhaug Eiendom AS",3600961,69.6844998229564,18.8187453530541
"Barlindhaug Eiendom AS",3600962,69.6846465548661,18.8204650774538
"Barlindhaug Eiendom AS",3600964,69.6846757415746,18.8217655147898
"Barlindhaug Eiendom AS",3600965,69.6846855558834,18.8223050031121
"Barlindhaug Eiendom AS",3600966,69.6846919577103,18.8228361212013
"Barlindhaug Eiendom AS",3600970,69.6847739996203,18.8237298852061
"Barlindhaug Eiendom AS",3600971,69.6847872774133,18.8242338098732
"Barlindhaug Eiendom AS",3600974,69.6849863620326,18.8242490454708
"Barlindhaug Eiendom AS",3600975,69.6850037727093,18.8248105965757
"Barlindhaug Eiendom AS",3600976,69.6850319186503,18.8253740862466
"Barlindhaug Eiendom AS",3600977,69.6850314367673,18.8258496829321
"Barlindhaug Eiendom AS",3600978,69.6850459896953,18.8264184771943
"Barlindhaug Eiendom AS",3600979,69.6850398491914,18.8269887069363
"Barlindhaug Eiendom AS",3600980,69.6848099172561,18.8266990141735
"Barlindhaug Eiendom AS",3600981,69.684481252215,18.826776696095
"Barlindhaug Eiendom AS",3600982,69.6844441663222,18.8261702421669
"Barlindhaug Eiendom AS",3600983,69.6847431919954,18.8260923715518
"Barlindhaug Eiendom AS",3600992,69.6844682683034,18.8246105658823
"Barlindhaug Eiendom AS",3600993,69.6848020094817,18.8247121457267
"Barlindhaug Eiendom AS",3604027,69.6849432653844,18.8230107046249
"Barlindhaug Eiendom AS",3604028,69.6849418848147,18.8227028144532
"Barlindhaug Eiendom AS",3604029,69.6849255192999,18.8223405179021
"Barlindhaug Eiendom AS",3604030,69.6849211708274,18.8220863826058
"Barlindhaug Eiendom AS",3604031,69.6849127987265,18.8217694768796
"Barlindhaug Eiendom AS",3604032,69.6849247272909,18.821427793951
"Barlindhaug Eiendom AS",3604033,69.6849165221328,18.8211031630717
"Barlindhaug Eiendom AS",3604034,69.6849078661902,18.8208404963515
"Barlindhaug Eiendom AS",3604035,69.6849046922961,18.8205322842035
"Barlindhaug Eiendom AS",3604036,69.684901295467,18.8201930095462
"Barlindhaug Eiendom AS",3617662,69.6850360572574,18.826132307898
"Barlindhaug Eiendom AS",3617663,69.6850391458479,18.8266912772391
"Barlindhaug Eiendom AS",3617664,69.6850432396806,18.827245258038
"Barlindhaug Eiendom AS",3631648,69.6853954426897,18.81989944765
"Barlindhaug Eiendom AS",3631650,69.685381659109,18.8205329395069
"Barlindhaug Eiendom AS",3631654,69.685395396289,18.8209749115014
"Barlindhaug Eiendom AS",3631656,69.685402977091,18.8214933325369
"Barlindhaug Eiendom AS",3631658,69.6854164337076,18.8219068173535
"Barlindhaug Eiendom AS",3631662,69.6854374331304,18.8224276594682
"Barlindhaug Eiendom AS",3631663,69.6854329923905,18.8228379180787
"Barlindhaug Eiendom AS",3631669,69.685451073002,18.823492670204
"Barlindhaug Eiendom AS",3631727,69.6854525539528,18.8239608737902
"Barlindhaug Eiendom AS",3631731,69.6854634299561,18.8244100904583
"Barlindhaug Eiendom AS",3631733,69.6854491955536,18.8248573619535
"Barlindhaug Eiendom AS",3631736,69.6854398797014,18.8253262029576
"Barlindhaug Eiendom AS",3631740,69.6858054009578,18.8202137631794
"Barlindhaug Eiendom AS",3631741,69.6858096272313,18.8207626128008
"Barlindhaug Eiendom AS",3631745,69.6858048501384,18.821271059933
"Barlindhaug Eiendom AS",3631746,69.6858174622643,18.821805910345
"Barlindhaug Eiendom AS",3631749,69.6858270498692,18.8223970934197
"Barlindhaug Eiendom AS",3631756,69.6858083467751,18.82284356718
"Barlindhaug Eiendom AS",3631760,69.6858182902631,18.8239544662899
"Barlindhaug Eiendom AS",3631761,69.6858782656569,18.8244177203651
"Barlindhaug Eiendom AS",3631766,69.685895064319,18.8249248927269
"Barlindhaug Eiendom AS",3631772,69.686118121945,18.8214464642529
"Barlindhaug Eiendom AS",3631788,69.6858886569497,18.825383927131
"Barlindhaug Eiendom AS",3631790,69.6859163612818,18.8258439478508
"Barlindhaug Eiendom AS",3631792,69.6859179418199,18.8263897412393
"Barlindhaug Eiendom AS",3631802,69.6861266128566,18.8204371193175
"Barlindhaug Eiendom AS",3631810,69.6861189301424,18.8209140258748
"Barlindhaug Eiendom AS",3631881,69.6861398136076,18.822637057251
"Barlindhaug Eiendom AS",3631882,69.6861311155958,18.8231603176884
"Barlindhaug Eiendom AS",3631883,69.6862090927057,18.8237457507981
"Barlindhaug Eiendom AS",3631887,69.6862717677318,18.8248274070817
"Barlindhaug Eiendom AS",3631889,69.6862091003006,18.8253124914328
"Barlindhaug Eiendom AS",3631890,69.6862252791072,18.8258480001576
"Barlindhaug Eiendom AS",3631893,69.6862244623118,18.826297709495
"Barlindhaug Eiendom AS",3631896,69.6862376236612,18.8267654549693
"Barlindhaug Eiendom AS",3631899,69.6864376112824,18.8201803429257
"Barlindhaug Eiendom AS",3631902,69.6864624207887,18.8206501864409
"Barlindhaug Eiendom AS",3631907,69.6864625120374,18.8211000626373
"Barlindhaug Eiendom AS",3631909,69.6864560565075,18.8216030520663
"Barlindhaug Eiendom AS",3631912,69.6864633012089,18.8220955849104
"Barlindhaug Eiendom AS",3631913,69.6864672458265,18.8225745961111
"Barlindhaug Eiendom AS",3631920,69.6864795783906,18.8230396081931
"Barlindhaug Eiendom AS",3631921,69.6864912903229,18.8235743151327
"Barlindhaug Eiendom AS",3631933,69.6864937752753,18.8240789186369
"Barlindhaug Eiendom AS",3631935,69.6865064095382,18.8249835078044
"Barlindhaug Eiendom AS",3631936,69.6865184522037,18.8255027645998
"Barlindhaug Eiendom AS",3631938,69.686530773914,18.8260091454907
"Barlindhaug Eiendom AS",3631940,69.6865463925607,18.8265290495337
"Barlindhaug Eiendom AS",3649298,69.6849296613998,18.815997159321
"Barlindhaug Eiendom AS",3649306,69.6849445895177,18.8161782258569
"Barlindhaug Eiendom AS",3649309,69.6849465437721,18.8163362752172
"Barlindhaug Eiendom AS",3649318,69.6849487217886,18.8164840240912
"Barlindhaug Eiendom AS",3649333,69.684944128882,18.8168192739459
"Barlindhaug Eiendom AS",3649336,69.6849361272172,18.8170220644034
"Barlindhaug Eiendom AS",3649338,69.684932880089,18.8171714216204
"Barlindhaug Eiendom AS",3649341,69.6849305275974,18.8173209399223
"Barlindhaug Eiendom AS",3658616,69.6849107243554,18.8175707236252
"Barlindhaug Eiendom AS",3658635,69.6849077007377,18.8177097800908
"Barlindhaug Eiendom AS",3658663,69.684909094829,18.8178522174124
"Barlindhaug Eiendom AS",3658664,69.6849090863766,18.8181417588358
"Barlindhaug Eiendom AS",3658672,69.6849100333727,18.818263434069
"Barlindhaug Eiendom AS",3658673,69.6849103095371,18.818374647662
"Barlindhaug Eiendom AS",3658675,69.6849088507851,18.8185243268307
"Barlindhaug Eiendom AS",3681915,69.6579826823147,19.015780206293
"Barlindhaug Eiendom AS",3686804,69.6868239474557,18.8264059334092
"Barlindhaug Eiendom AS",3686811,69.6868202752138,18.8261622375009
"Barlindhaug Eiendom AS",3686827,69.6868182237979,18.825926590673
"Barlindhaug Eiendom AS",4107507,69.6430083165022,18.9032574696397
"Barlindhaug Eiendom AS",4107508,69.6430083165022,18.9032574696397
"Barlindhaug Eiendom AS",4107509,69.6430083165022,18.9032574696397
"Barlindhaug Eiendom AS",4107510,69.6429451167773,18.9032716604315
"Barlindhaug Eiendom AS",4107511,69.6429451167773,18.9032716604315
"Barlindhaug Eiendom AS",4107512,69.6429451167773,18.9032716604315
"Barlindhaug Eiendom AS",4107513,69.6428807724063,18.9033372466045
"Barlindhaug Eiendom AS",4107514,69.6428807724063,18.9033372466045
"Barlindhaug Eiendom AS",4107515,69.6428807724063,18.9033372466045
"Barlindhaug Eiendom AS",4107516,69.6428807724063,18.9033372466045
"Barlindhaug Eiendom AS",4107517,69.6428270917735,18.9033273833082
"Barlindhaug Eiendom AS",4107518,69.6428270917735,18.9033273833082
"Barlindhaug Eiendom AS",4107519,69.6428270917735,18.9033273833082
"Barlindhaug Eiendom AS",4107520,69.6428270917735,18.9033273833082
"Barlindhaug Eiendom AS",4107521,69.6427812132583,18.9033705591535
"Barlindhaug Eiendom AS",4107522,69.6427812132583,18.9033705591535
"Barlindhaug Eiendom AS",4107523,69.6427812132583,18.9033705591535
"Barlindhaug Eiendom AS",4107524,69.6427812132583,18.9033705591535
"Barlindhaug Eiendom AS",4107525,69.6427812132583,18.9033705591535
"Barlindhaug Eiendom AS",4107526,69.6427263879615,18.9034120909089
"Barlindhaug Eiendom AS",4107527,69.6427263879615,18.9034120909089
"Barlindhaug Eiendom AS",4107528,69.6427263879615,18.9034120909089
"Barlindhaug Eiendom AS",4107529,69.6427263879615,18.9034120909089
"Barlindhaug Eiendom AS",4107530,69.6427263879615,18.9034120909089
"Barlindhaug Eiendom AS",4107531,69.6425278419755,18.9034530172592
"Barlindhaug Eiendom AS",4107532,69.6425278419755,18.9034530172592
"Barlindhaug Eiendom AS",4107533,69.6425278419755,18.9034530172592
"Barlindhaug Eiendom AS",4107534,69.6425278419755,18.9034530172592
"Barlindhaug Eiendom AS",4107535,69.6425278419755,18.9034530172592
"Barlindhaug Eiendom AS",4107536,69.6424730166601,18.9034945483232
"Barlindhaug Eiendom AS",4107537,69.6424730166601,18.9034945483232
"Barlindhaug Eiendom AS",4107538,69.6424730166601,18.9034945483232
"Barlindhaug Eiendom AS",4107539,69.6424730166601,18.9034945483232
"Barlindhaug Eiendom AS",4107540,69.6424730166601,18.9034945483232
"Barlindhaug Eiendom AS",4107541,69.6424008701455,18.9035070941757
"Barlindhaug Eiendom AS",4107542,69.6424008701455,18.9035070941757
"Barlindhaug Eiendom AS",4107543,69.6424008701455,18.9035070941757
"Barlindhaug Eiendom AS",4107544,69.6424008701455,18.9035070941757
"Barlindhaug Eiendom AS",4107545,69.6423281512771,18.9035453370051
"Barlindhaug Eiendom AS",4107546,69.6423281512771,18.9035453370051
"Barlindhaug Eiendom AS",4107547,69.6423281512771,18.9035453370051
"Barlindhaug Eiendom AS",4111833,69.642160714453,18.9017858376599
"Barlindhaug Eiendom AS",4111834,69.6420265126104,18.9017611902533
"Barlindhaug Eiendom AS",4111835,69.6420533529794,18.901766119708
"Barlindhaug Eiendom AS",4111836,69.642160714453,18.9017858376599
"Barlindhaug Eiendom AS",4111837,69.6420265126104,18.9017611902533
"Barlindhaug Eiendom AS",4111838,69.6420265126104,18.9017611902533
"Barlindhaug Eiendom AS",4111839,69.642160714453,18.9017858376599
"Barlindhaug Eiendom AS",4111840,69.6420265126104,18.9017611902533
"Barlindhaug Eiendom AS",4111841,69.6420265126104,18.9017611902533
"Barlindhaug Eiendom AS",4111842,69.642160714453,18.9017858376599
"Barlindhaug Eiendom AS",4128098,69.6448533444608,18.9083447138047
"Barlindhaug Eiendom AS",4128099,69.6448533444608,18.9083447138047
"Barlindhaug Eiendom AS",4128100,69.6448533444608,18.9083447138047
"Barlindhaug Eiendom AS",4128101,69.6448533444608,18.9083447138047
"Barlindhaug Eiendom AS",4128102,69.6448533444608,18.9083447138047
"Barlindhaug Eiendom AS",4128103,69.6448533444608,18.9083447138047
"Barlindhaug Eiendom AS",4128104,69.6448533444608,18.9083447138047
"Barlindhaug Eiendom AS",4128105,69.6448533444608,18.9083447138047
"Barlindhaug Eiendom AS",4128106,69.6448950830894,18.9076814520544
"Barlindhaug Eiendom AS",4128107,69.6448950830894,18.9076814520544
"Barlindhaug Eiendom AS",4128108,69.6448950830894,18.9076814520544
"Barlindhaug Eiendom AS",4128109,69.6448950830894,18.9076814520544
"Barlindhaug Eiendom AS",4128110,69.6448950830894,18.9076814520544
"Barlindhaug Eiendom AS",4128111,69.6448950830894,18.9076814520544
"Barlindhaug Eiendom AS",4128112,69.6451569469191,18.9083463843961
"Barlindhaug Eiendom AS",4128113,69.6451569469191,18.9083463843961
"Barlindhaug Eiendom AS",4128114,69.6451569469191,18.9083463843961
"Barlindhaug Eiendom AS",4128115,69.6451569469191,18.9083463843961
"Barlindhaug Eiendom AS",4128116,69.6451569469191,18.9083463843961
"Barlindhaug Eiendom AS",4128117,69.6451569469191,18.9083463843961
"Barlindhaug Eiendom AS",4128118,69.6451569469191,18.9083463843961
"Barlindhaug Eiendom AS",4128119,69.6451569469191,18.9083463843961
"Barlindhaug Eiendom AS",4128120,69.6451140486209,18.9077320569492
"Barlindhaug Eiendom AS",4128121,69.6451140486209,18.9077320569492
"Barlindhaug Eiendom AS",4128122,69.6451140486209,18.9077320569492
"Barlindhaug Eiendom AS",4128123,69.6451140486209,18.9077320569492
"Barlindhaug Eiendom AS",4128124,69.6451140486209,18.9077320569492
"Barlindhaug Eiendom AS",4128125,69.6451140486209,18.9077320569492
"Barlindhaug Eiendom AS",4128126,69.6454600018592,18.9085337586066
"Barlindhaug Eiendom AS",4128127,69.6454600018592,18.9085337586066
"Barlindhaug Eiendom AS",4128128,69.6454600018592,18.9085337586066
"Barlindhaug Eiendom AS",4128129,69.6454600018592,18.9085337586066
"Barlindhaug Eiendom AS",4128130,69.6454600018592,18.9085337586066
"Barlindhaug Eiendom AS",4128131,69.6454600018592,18.9085337586066
"Barlindhaug Eiendom AS",4128132,69.6454600018592,18.9085337586066
"Barlindhaug Eiendom AS",4128133,69.6454600018592,18.9085337586066
"Barlindhaug Eiendom AS",4141047,69.6458186054776,18.9061480979459
"Barlindhaug Eiendom AS",4141048,69.6458454456947,18.9061530339353
"Barlindhaug Eiendom AS",4141049,69.6458275522167,18.9061497432742
"Barlindhaug Eiendom AS",4141050,69.6458364989556,18.906151388604
"Barlindhaug Eiendom AS",4141051,69.6461551449219,18.9063648310388
"Barlindhaug Eiendom AS",4141052,69.646181985131,18.9063697673906
"Barlindhaug Eiendom AS",4141053,69.6461640916583,18.9063664764879
"Barlindhaug Eiendom AS",4141054,69.6461730383946,18.9063681219385
"Barlindhaug Eiendom AS",4141055,69.645986875237,18.9062564636187
"Barlindhaug Eiendom AS",4141056,69.6460137154501,18.9062613997893
"Barlindhaug Eiendom AS",4141057,69.6459958219748,18.9062581090075
"Barlindhaug Eiendom AS",4141058,69.6460047687124,18.9062597543976
"Barlindhaug Eiendom AS",4141059,69.6463245601201,18.9064217966199
"Barlindhaug Eiendom AS",4141060,69.6463514003269,18.9064267330883
"Barlindhaug Eiendom AS",4141061,69.6463335068558,18.9064234421079
"Barlindhaug Eiendom AS",4141062,69.6463424535914,18.9064250875974
"Barlindhaug Eiendom AS",4141063,69.6464934024935,18.9065044651393
"Barlindhaug Eiendom AS",4141064,69.6465202426971,18.9065094017565
"Barlindhaug Eiendom AS",4141065,69.646502349228,18.9065061106769
"Barlindhaug Eiendom AS",4141066,69.6465112959625,18.906507756216
"Barlindhaug Eiendom AS",4146879,69.6445526826317,18.9069217278841
"Barlindhaug Eiendom AS",4146880,69.6445526826317,18.9069217278841
"Barlindhaug Eiendom AS",4146881,69.6445526826317,18.9069217278841
"Barlindhaug Eiendom AS",4146882,69.6445526826317,18.9069217278841
"Barlindhaug Eiendom AS",4146883,69.6445526826317,18.9069217278841
"Barlindhaug Eiendom AS",4146884,69.6445526826317,18.9069217278841
"Barlindhaug Eiendom AS",4146885,69.6445526826317,18.9069217278841
"Barlindhaug Eiendom AS",4146886,69.6445526826317,18.9069217278841
"Barlindhaug Eiendom AS",4146887,69.6445526826317,18.9069217278841
"Barlindhaug Eiendom AS",4146888,69.6445880296204,18.9077539909079
"Barlindhaug Eiendom AS",4146889,69.6445880296204,18.9077539909079
"Barlindhaug Eiendom AS",4146890,69.6445880296204,18.9077539909079
"Barlindhaug Eiendom AS",4146891,69.6445880296204,18.9077539909079
"Barlindhaug Eiendom AS",4146892,69.6445880296204,18.9077539909079
"Barlindhaug Eiendom AS",4146893,69.6445880296204,18.9077539909079
"Barlindhaug Eiendom AS",4146894,69.6445880296204,18.9077539909079
"Barlindhaug Eiendom AS",4146895,69.6445880296204,18.9077539909079
"Barlindhaug Eiendom AS",4146896,69.6445880296204,18.9077539909079
"Barlindhaug Eiendom AS",4146897,69.6445880296204,18.9077539909079
"Barlindhaug Eiendom AS",4181339,69.6458250427233,18.9034395995076
"Barlindhaug Eiendom AS",4181340,69.6458273321008,18.9033367943662
"Barlindhaug Eiendom AS",4181341,69.6458301937381,18.9032082879063
"Barlindhaug Eiendom AS",4181342,69.6458420020532,18.9030814254486
"Barlindhaug Eiendom AS",4181343,69.6455621559819,18.9033448639718
"Barlindhaug Eiendom AS",4181344,69.6455693193099,18.9032248914448
"Barlindhaug Eiendom AS",4181345,69.6455724097806,18.9030861061307
"Barlindhaug Eiendom AS",4181346,69.6455818773388,18.9029433313452
"Barlindhaug Eiendom AS",4181347,69.6453006173165,18.9031883910131
"Barlindhaug Eiendom AS",4181348,69.6453117153292,18.9030536862319
"Barlindhaug Eiendom AS",4181349,69.6453162516497,18.902930651765
"Barlindhaug Eiendom AS",4181350,69.6453230350439,18.9027873854631
"Barlindhaug Eiendom AS",4214102,69.6421163065392,18.9066026788476
"Barlindhaug Eiendom AS",4214109,69.6421513020375,18.9070477495296
"Barlindhaug Eiendom AS",4214110,69.6421513020375,18.9070477495296
"Barlindhaug Eiendom AS",4214307,69.6425533321266,18.9071474904903
"Barlindhaug Eiendom AS",4250375,69.6434956033278,18.9071917802523
"Barlindhaug Eiendom AS",4250376,69.6434956033278,18.9071917802523
"Barlindhaug Eiendom AS",4250381,69.6434540745997,18.9074421518942
"Barlindhaug Eiendom AS",4250385,69.6434956033278,18.9071917802523
"Barlindhaug Eiendom AS",4250388,69.6433643867397,18.9078385119733
"Barlindhaug Eiendom AS",4250392,69.6434956033278,18.9071917802523
"Barlindhaug Eiendom AS",4250397,69.6433678245937,18.9076843228955
"Barlindhaug Eiendom AS",4250401,69.6434956033278,18.9071917802523
"Barlindhaug Eiendom AS",4353841,69.6841006861467,18.8132628327456
"Barlindhaug Eiendom AS",4353842,69.6840995679975,18.8130661643763
"Barlindhaug Eiendom AS",4353843,69.6840998477043,18.8128878431513
"Barlindhaug Eiendom AS",4367612,69.6841675034584,18.814859521902
"Barlindhaug Eiendom AS",4367613,69.6841624723377,18.814677659041
"Barlindhaug Eiendom AS",4367614,69.6841604050608,18.8144834040942
"Barlindhaug Eiendom AS",234596570,69.6425415082365,18.9072743018913
"Barlindhaug Eiendom AS",234610429,69.6438252661961,18.9077168901621
"Barlindhaug Eiendom AS",234610430,69.6440080775945,18.9067699546338
"Barlindhaug Eiendom AS",234610431,69.6439608332698,18.9072773514808
"Barlindhaug Eiendom AS",234610432,69.6439608332698,18.9072773514808
"Barlindhaug Eiendom AS",234610433,69.6439608332698,18.9072773514808
"Barlindhaug Eiendom AS",234610434,69.6440107229369,18.9070542889341
"Barlindhaug Eiendom AS",234610435,69.6439608332698,18.9072773514808
"Barlindhaug Eiendom AS",234610436,69.6438252661961,18.9077168901621
"Barlindhaug Eiendom AS",234610437,69.6438252661961,18.9077168901621
"Barlindhaug Eiendom AS",234610438,69.6438252661961,18.9077168901621
"Barlindhaug Eiendom AS",234610439,69.6440253982278,18.9067989445027
"Barlindhaug Eiendom AS",234610440,69.6438252661961,18.9077168901621
"Barlindhaug Eiendom AS",234610441,69.6440080775945,18.9067699546338
"Barlindhaug Eiendom AS",234610442,69.6439608332698,18.9072773514808
"Barlindhaug Eiendom AS",234610443,69.6439608332698,18.9072773514808
"Barlindhaug Eiendom AS",234610444,69.6439608332698,18.9072773514808
"Barlindhaug Eiendom AS",234610445,69.6440427188562,18.906827934419
"Barlindhaug Eiendom AS",234610446,69.6439608332698,18.9072773514808
"Barlindhaug Eiendom AS",234610447,69.6438252661961,18.9077168901621
"Barlindhaug Eiendom AS",234610448,69.6438252661961,18.9077168901621
"Barlindhaug Eiendom AS",234610449,69.6438252661961,18.9077168901621
"Barlindhaug Eiendom AS",234610450,69.6438281310032,18.907588396465
"Barlindhaug Eiendom AS",234610451,69.6438252661961,18.9077168901621
"Barlindhaug Eiendom AS",234610452,69.6440080775945,18.9067699546338
"Barlindhaug Eiendom AS",234610453,69.6439608332698,18.9072773514808
"Barlindhaug Eiendom AS",234610454,69.6439608332698,18.9072773514808
"Barlindhaug Eiendom AS",234610455,69.6439608332698,18.9072773514808
"Barlindhaug Eiendom AS",234610456,69.6440427188562,18.906827934419
"Barlindhaug Eiendom AS",234610457,69.6439608332698,18.9072773514808
"Barlindhaug Eiendom AS",234610458,69.6438252661961,18.9077168901621
"Barlindhaug Eiendom AS",234610459,69.6438252661961,18.9077168901621
"Barlindhaug Eiendom AS",234610460,69.6438252661961,18.9077168901621
"Barlindhaug Eiendom AS",234610461,69.6438964874343,18.9073429285502
"Barlindhaug Eiendom AS",234610462,69.6438252661961,18.9077168901621
"Barlindhaug Eiendom AS",234610463,69.6438252661961,18.9077168901621
"Barlindhaug Eiendom AS",234610464,69.6438252661961,18.9077168901621
"Barlindhaug Eiendom AS",234610465,69.6438252661961,18.9077168901621
"Barlindhaug Eiendom AS",234610466,69.6440253982278,18.9067989445027
"Barlindhaug Eiendom AS",234610467,69.6439608332698,18.9072773514808
"Barlindhaug Eiendom AS",234610468,69.6440427188562,18.906827934419
"Barlindhaug Eiendom AS",234610469,69.6439608332698,18.9072773514808
"Barlindhaug Eiendom AS",234610470,69.6439608332698,18.9072773514808
"Barlindhaug Eiendom AS",234610471,69.6439608332698,18.9072773514808
"Barlindhaug Eiendom AS",234610472,69.6439608332698,18.9072773514808
"Barlindhaug Eiendom AS",234610473,69.6439261921579,18.9072193711939
"Barlindhaug Eiendom AS",234610474,69.6438252661961,18.9077168901621
"Barlindhaug Eiendom AS",234610475,69.6438252661961,18.9077168901621
"Barlindhaug Eiendom AS",234610476,69.6438252661961,18.9077168901621
"Barlindhaug Eiendom AS",234610477,69.6438252661961,18.9077168901621
"Barlindhaug Eiendom AS",234610478,69.6440253982278,18.9067989445027
"Barlindhaug Eiendom AS",250383125,69.6869609301913,18.8226326081297
"Barlindhaug Eiendom AS",250383127,69.6869670112447,18.8228896660885
"Barlindhaug Eiendom AS",250383130,69.6869633617403,18.8231397981144
"Barlindhaug Eiendom AS",250383132,69.687002033288,18.8235914749597
"Barlindhaug Eiendom AS",250390364,69.6870042025836,18.823780605859
"Barlindhaug Eiendom AS",250390368,69.6870061499528,18.8239386710986
"Barlindhaug Eiendom AS",250390370,69.6870097184275,18.8241047853039
"Barlindhaug Eiendom AS",250390371,69.6870316508666,18.8247887233292
"Barlindhaug Eiendom AS",250390381,69.6870372914007,18.8249009168562
"Barlindhaug Eiendom AS",250390382,69.6870367779045,18.8250481965636
"Barlindhaug Eiendom AS",250390383,69.6870416328156,18.8251964451645
"Barlindhaug Eiendom AS",250390384,69.6870328388951,18.825393940052
"Barlindhaug Eiendom AS",252171091,69.6576047681758,19.0165505492306
"Barlindhaug Eiendom AS",252171092,69.6576047681758,19.0165505492306
"Barlindhaug Eiendom AS",252171093,69.6576047681758,19.0165505492306
"Barlindhaug Eiendom AS",252171094,69.6576047681758,19.0165505492306
"Barlindhaug Eiendom AS",252171095,69.6576047681758,19.0165505492306
"Barlindhaug Eiendom AS",252171096,69.6576047681758,19.0165505492306
"Barlindhaug Eiendom AS",252171097,69.6576047681758,19.0165505492306
"Barlindhaug Eiendom AS",252171098,69.6576047681758,19.0165505492306
"Barlindhaug Eiendom AS",252171099,69.6576047681758,19.0165505492306
"Barlindhaug Eiendom AS",252171100,69.6576047681758,19.0165505492306
"Barlindhaug Eiendom AS",252171101,69.6576047681758,19.0165505492306
"Barlindhaug Eiendom AS",252171102,69.6576047681758,19.0165505492306
"Barlindhaug Eiendom AS",252171103,69.6576047681758,19.0165505492306
"Barlindhaug Eiendom AS",252171104,69.6576047681758,19.0165505492306
"Barlindhaug Eiendom AS",252171105,69.6576047681758,19.0165505492306
"Barlindhaug Eiendom AS",252171106,69.6576047681758,19.0165505492306
"Barlindhaug Eiendom AS",252171107,69.6576047681758,19.0165505492306
"Barlindhaug Eiendom AS",252171108,69.6576047681758,19.0165505492306
"Barlindhaug Eiendom AS",252171109,69.6576047681758,19.0165505492306
"Barlindhaug Eiendom AS",252171110,69.6576047681758,19.0165505492306
"Barlindhaug Eiendom AS",252171111,69.6576047681758,19.0165505492306
"Barlindhaug Eiendom AS",252171112,69.6576047681758,19.0165505492306
"Barlindhaug Eiendom AS",252171113,69.6576047681758,19.0165505492306
"Barlindhaug Eiendom AS",252171114,69.6576047681758,19.0165505492306
"Barlindhaug Eiendom AS",252171115,69.6576047681758,19.0165505492306
"Barlindhaug Eiendom AS",252171116,69.6576047681758,19.0165505492306
"Barlindhaug Eiendom AS",252171117,69.6576047681758,19.0165505492306
"Barlindhaug Eiendom AS",252171118,69.6577902351853,19.0165727348692
"Barlindhaug Eiendom AS",252171119,69.6578433783154,19.0166060330552
"Barlindhaug Eiendom AS",257245236,69.6841684429457,18.8156843405382
"Barlindhaug Eiendom AS",257245237,69.6841672155864,18.8154928215522
"Barlindhaug Eiendom AS",259077958,69.6867408721602,18.8216001116769
"Barlindhaug Eiendom AS",259077959,69.6868378424287,18.8216020833303
"Barlindhaug Eiendom AS",259077961,69.6869544413393,18.8216101796685
"Barlindhaug Eiendom AS",259084768,69.6870594104501,18.8215748115463
"Barlindhaug Eiendom AS",259084770,69.6870584836659,18.8221951586401
"Barlindhaug Eiendom AS",259084772,69.6869565911392,18.8222129802828
"Barlindhaug Eiendom AS",259084774,69.6868305961991,18.8222238697833
"Barlindhaug Eiendom AS",259084779,69.6867355253676,18.8222584339429
"Barlindhaug Eiendom AS",259084780,69.6867746312439,18.8229790684146
"Barlindhaug Eiendom AS",259084782,69.6867687185182,18.8227142867755
"Barlindhaug Eiendom AS",259084786,69.6867993088074,18.8245270322985
"Barlindhaug Eiendom AS",259084788,69.6867955391327,18.8248650460594
"Barlindhaug Eiendom AS",259094478,69.6868075996951,18.8251361095621
"Barlindhaug Eiendom AS",259109327,69.6868124456918,18.8254084567629
"Barlindhaug Eiendom AS",265378481,69.6870617338858,18.826376468732
"Barlindhaug Eiendom AS",265378486,69.6870540367838,18.8261113596419
"Barlindhaug Eiendom AS",267420048,69.6576157768655,19.0154422236989
"Barlindhaug Eiendom AS",267420049,69.6576603981914,19.0154945653277
"Barlindhaug Eiendom AS",267420050,69.6577134826552,19.0155304318276
"Barlindhaug Eiendom AS",267420053,69.6577708043579,19.0155774296177
"Barlindhaug Eiendom AS",267420054,69.6578123184786,19.0156085251075
"Barlindhaug Eiendom AS",267420057,69.6578651673874,19.0156546770984
"Barlindhaug Eiendom AS",267420060,69.6579180751661,19.0156982580807
"Barlindhaug Eiendom AS",269812387,69.6867860747851,18.8242273177374
"Barlindhaug Eiendom AS",269812395,69.6867769748951,18.8239852293108
"Barlindhaug Eiendom AS",269812396,69.6867834220314,18.8237304332597
"Barlindhaug Eiendom AS",277223477,69.6862752614936,18.8169064393395
"Barlindhaug Eiendom AS",277223480,69.6863001420018,18.8171255056904
"Barlindhaug Eiendom AS",277223490,69.6863257490313,18.8173524595734
"Barlindhaug Eiendom AS",277234561,69.6863989855834,18.8181567776587
"Barlindhaug Eiendom AS",277234562,69.6864151956156,18.8184027243012
"Barlindhaug Eiendom AS",277244557,69.6864324667162,18.8186824726363
"Barlindhaug Eiendom AS",277244560,69.6864450969635,18.8189277751927
"Barlindhaug Eiendom AS",282640901,69.6855165206959,18.8181736172959
"Barlindhaug Eiendom AS",282640906,69.6854922026374,18.8178874417687
"Barlindhaug Eiendom AS",282640915,69.6854986957574,18.8176714480886
"Barlindhaug Eiendom AS",282640931,69.6854993753283,18.8173509962946
"Barlindhaug Eiendom AS",282640946,69.6855039103051,18.8171424056795
"Barlindhaug Eiendom AS",283755169,69.6856027284005,18.826798194183
"Barlindhaug Eiendom AS",283755170,69.6856002816925,18.8266219514352
"Barlindhaug Eiendom AS",283755171,69.6855954872779,18.826429773092
"Barlindhaug Eiendom AS",286608478,69.6860696653927,18.8178104817679
"Barlindhaug Eiendom AS",286608479,69.6860872734504,18.8180747735133
"Barlindhaug Eiendom AS",286608481,69.6861055985448,18.8186365103953
"Barlindhaug Eiendom AS",286608482,69.6861003336322,18.8188785849477
"Barlindhaug Eiendom AS",286608483,69.685859608019,18.8181759567644
"Barlindhaug Eiendom AS",286608485,69.6858646328576,18.8184405647651
"Barlindhaug Eiendom AS",286617784,69.6858606536686,18.8187061361115
"Barlindhaug Eiendom AS",286617791,69.6858629374106,18.8189728358284
"Barlindhaug Eiendom AS",287627310,69.6858417207541,18.8152797664169
"Barlindhaug Eiendom AS",287627311,69.6858340520481,18.815756668783
"Barlindhaug Eiendom AS",287627312,69.6858273895505,18.8161872165365
"Barlindhaug Eiendom AS",287627313,69.6858172580071,18.8166533339195
"Barlindhaug Eiendom AS",287627314,69.6858086358319,18.8170912844253
"Barlindhaug Eiendom AS",287673890,69.6859181675377,18.8152754294537
"Barlindhaug Eiendom AS",287673891,69.6859181675377,18.8152754294537
"Barlindhaug Eiendom AS",287673892,69.6859115615001,18.8157447688746
"Barlindhaug Eiendom AS",287673893,69.6859115615001,18.8157447688746
"Barlindhaug Eiendom AS",287673894,69.6859093160882,18.8162200639411
"Barlindhaug Eiendom AS",287673895,69.6859093160882,18.8162200639411
"Barlindhaug Eiendom AS",287673896,69.6858935928524,18.8166541523934
"Barlindhaug Eiendom AS",287673897,69.6858935928524,18.8166541523934
"Barlindhaug Eiendom AS",287673898,69.6858848586999,18.8170972549533
"Barlindhaug Eiendom AS",287673899,69.6858848586999,18.8170972549533
"Barlindhaug Eiendom AS",292288648,69.68550699423,18.8167939488597
"Barlindhaug Eiendom AS",292297558,69.685508732298,18.8165900251023
"Barlindhaug Eiendom AS",292297571,69.6855190284151,18.816281645905
"Barlindhaug Eiendom AS",292306549,69.6855195920301,18.8160490726193
"Barlindhaug Eiendom AS",299565394,69.6863841114269,18.8157005704813
"Barlindhaug Eiendom AS",299565401,69.6863807035075,18.8154853705389
"Barlindhaug Eiendom AS",299565410,69.6863641553022,18.8151307805054
"Barlindhaug Eiendom AS",299565413,69.6863662831401,18.8149088211948
"Barlindhaug Eiendom AS",301416201,69.6867315122726,18.8178598907744
"Barlindhaug Eiendom AS",301416202,69.6866604328434,18.817906552023
"Barlindhaug Eiendom AS",301416203,69.6866680875983,18.8181328623592
"Barlindhaug Eiendom AS",301416204,69.6867359800349,18.8180675297475
"Barlindhaug Eiendom AS",301427919,69.6868157690488,18.8184878166146
"Barlindhaug Eiendom AS",301427920,69.6867264021702,18.8185492792867
"Barlindhaug Eiendom AS",301427921,69.686728240842,18.8187538593682
"Barlindhaug Eiendom AS",301427922,69.686813972733,18.8186943280706
"Barlindhaug Eiendom AS",303771946,69.6855245186085,18.8157397265445
"Barlindhaug Eiendom AS",303771950,69.6855378326874,18.8154577429323
"Barlindhaug Eiendom AS",303771952,69.6855322997262,18.8152163164295
"Barlindhaug Eiendom AS",303771955,69.6855371678985,18.8149922737497
"Barlindhaug Eiendom AS",303771962,69.685546622825,18.8146397927386
"Barlindhaug Eiendom AS",303771963,69.6855575302107,18.8143858133611
"Barlindhaug Eiendom AS",346950569,69.6866754335127,18.8174231952324
"Barlindhaug Eiendom AS",346950572,69.6866131338537,18.817479195355
"Barlindhaug Eiendom AS",346950575,69.68661660733,18.8172367922702
"Barlindhaug Eiendom AS",346950578,69.6866760546627,18.8171880340025
"Barlindhaug Eiendom AS",346951637,69.6865158576881,18.8161689760856
"Barlindhaug Eiendom AS",346951640,69.6864668119674,18.8162351219431
"Barlindhaug Eiendom AS",346951643,69.6864356669986,18.8160149272408
"Barlindhaug Eiendom AS",346951646,69.6865023280894,18.8159648793483
"Barlindhaug Eiendom AS",346952476,69.6865996736302,18.8167761252099
"Barlindhaug Eiendom AS",346952479,69.6865504597392,18.8168499958784
"Barlindhaug Eiendom AS",346952482,69.6865202103103,18.8166299605396
"Barlindhaug Eiendom AS",346952485,69.686568529346,18.8165559283463
"Barlindhaug Eiendom AS",411256865,69.6855858856611,18.8116324265277
"Barlindhaug Eiendom AS",411256915,69.6855637970363,18.811780985448
"Barlindhaug Eiendom AS",411256945,69.6855465175886,18.8119148973308
"Barlindhaug Eiendom AS",411257015,69.6855236457806,18.8120581443372
"Barlindhaug Eiendom AS",411257055,69.6854810895918,18.812404671775
"Barlindhaug Eiendom AS",411257145,69.685462858985,18.8125409968832
"Barlindhaug Eiendom AS",411257245,69.6854443486705,18.8126901977526
"Barlindhaug Eiendom AS",411263378,69.6854257823072,18.8128419735556
"Barlindhaug Eiendom AS",448041405,69.6861495912842,18.8118992582658
"Barlindhaug Eiendom AS",448041408,69.6860874044882,18.8118260265632
"Barlindhaug Eiendom AS",448041411,69.6861146940582,18.8116861553261
"Barlindhaug Eiendom AS",448041414,69.6861690513581,18.8117062718116
"Barlindhaug Eiendom AS",448041947,69.6860973053355,18.8124457024828
"Barlindhaug Eiendom AS",448041950,69.6860418295889,18.8123943590301
"Barlindhaug Eiendom AS",448041953,69.6860649253366,18.8122408078035
"Barlindhaug Eiendom AS",448041956,69.6861152561768,18.8122808841925
"Barlindhaug Eiendom AS",448042587,69.6860247735473,18.8130143555201
"Barlindhaug Eiendom AS",448042590,69.6859744429051,18.8129329124046
"Barlindhaug Eiendom AS",448042593,69.6859973713538,18.8127870880607
"Barlindhaug Eiendom AS",448042596,69.6860537417512,18.8128385933816
"Barlindhaug Eiendom AS",448044115,69.6859607964042,18.8135199110245
"Barlindhaug Eiendom AS",448044118,69.6858980509742,18.813472427776
"Barlindhaug Eiendom AS",448044121,69.6859336744038,18.8133211324156
"Barlindhaug Eiendom AS",448044124,69.6859866892941,18.8133616940338
"Barlindhaug Eiendom AS",448044841,69.6856183806191,18.8132799218267
"Barlindhaug Eiendom AS",448044844,69.6856763166874,18.8133420503557
"Barlindhaug Eiendom AS",449465465,69.6856640702114,18.8129546395754
"Barlindhaug Eiendom AS",449465468,69.6857218945457,18.8130219178201
"Barlindhaug Eiendom AS",449466873,69.6857039431845,18.8126076274623
"Barlindhaug Eiendom AS",449466876,69.685759530752,18.8126951849055
"Barlindhaug Eiendom AS",449467363,69.6857414108777,18.8122886197797
"Barlindhaug Eiendom AS",449467366,69.6858091897575,18.8123525162296
"Barlindhaug Eiendom AS",449468173,69.6857759698383,18.8119380643932
"Barlindhaug Eiendom AS",449468176,69.6858503478913,18.8120289996813
"DÅFJORD LAKS AS",3130148,69.5423397885874,18.4312364866371
"DÅFJORD LAKS AS",3133353,69.8468633878922,18.790337987579
"JARO AS",915239246,69.6636493056956,18.926688771808
"TROMSØ KULKRAN AS",3145873,69.6478045504896,18.9581840968236
"TROMSØ KULKRAN AS",3146097,69.6590208711058,18.9699081117709
"TROMSØ KULKRAN AS",3146532,69.6502211755899,18.9458313380049
"TROMSØ KULKRAN AS",4128859,69.6501235528501,18.9469747421039
"TROMSØ KULKRAN AS",4128860,69.6502375524218,18.9470992101098
"TROMSØ KULKRAN AS",4128861,69.6502375524218,18.9470992101098
"TROMSØ KULKRAN AS",4128862,69.6503275814148,18.9470901048882
"TROMSØ KULKRAN AS",4128863,69.6503538542622,18.9471208284909
"TROMSØ KULKRAN AS",4128864,69.6502375524218,18.9470992101098
"TROMSØ KULKRAN AS",4128865,69.6502375524218,18.9470992101098
"TROMSØ KULKRAN AS",4128866,69.6502375524218,18.9470992101098
"TROMSØ KULKRAN AS",4128867,69.6503538542622,18.9471208284909
"TROMSØ KULKRAN AS",4128868,69.6503538542622,18.9471208284909
"TROMSØ KULKRAN AS",4128869,69.6502375524218,18.9470992101098
"TROMSØ KULKRAN AS",4128870,69.6503538542622,18.9471208284909
"HR TROMSØ SEA PRODUCTS AS",3137153,69.6614369948911,18.9316460816391
"Utleiebygg AS",4201217,69.644554558609,18.9327067349474
"Sjøgata Bedriftshelsetjeneste AS",4099933,69.650447393878,18.958909055951
"Sjøgata Bedriftshelsetjeneste AS",4099936,69.650447393878,18.958909055951
"RADISSON HOSPITALITY NORWAY AS",3144811,69.6414201640348,18.9389072426246
"RADISSON HOSPITALITY NORWAY AS",3144958,69.6596492669523,18.9603930337734
"RADISSON HOSPITALITY NORWAY AS",3145327,69.6463365384233,18.9431998389333
"Skuta AS",4099264,69.6637345007846,18.9608971839005
"MURMESTER VEGAR LUNDHAUG AS",3137074,69.6558206709752,18.9317161144607
"PLUSS ELEMENT AS",3138009,69.6686624518943,18.9295232961115
"PLUSS ELEMENT AS",3138010,69.668708033552,18.9290925461497
"PLUSS ELEMENT AS",3138011,69.6687524618944,18.9287132507919
"PLUSS ELEMENT AS",3138012,69.6688243049363,18.9283131955805
"PLUSS ELEMENT AS",3138013,69.6688687316064,18.9279338964789
"PLUSS ELEMENT AS",3138014,69.668914309388,18.9275031388337
"PLUSS ELEMENT AS",3138015,69.6689593102203,18.9270981078534
"PLUSS ELEMENT AS",3138016,69.6689967816508,18.9262266483621
"PLUSS ELEMENT AS",3138017,69.6691705295015,18.9264913245096
"PLUSS ELEMENT AS",3138018,69.6693185891472,18.926699578821
"PLUSS ELEMENT AS",3138019,69.6694493314212,18.9268787946175
"PLUSS ELEMENT AS",3138020,69.6696074888727,18.9270372519973
"PLUSS ELEMENT AS",3138021,69.6697566996824,18.9271940554643
"PLUSS ELEMENT AS",3138022,69.6698868654804,18.9273990077108
"PLUSS ELEMENT AS",3138023,69.670077928466,18.9276927476103
"PLUSS ELEMENT AS",3138024,69.6702181921775,18.9278479026107
"PLUSS ELEMENT AS",3138025,69.6703399867445,18.9280254764799
"PLUSS ELEMENT AS",3138026,69.6704707276023,18.9282047091864
"PLUSS ELEMENT AS",3138027,69.6706008921725,18.9284096746016
"PLUSS ELEMENT AS",3138028,69.6707310564944,18.928614642544
"PLUSS ELEMENT AS",3138029,69.670852850254,18.9287922251554
"PLUSS ELEMENT AS",3138030,69.6709752200062,18.9289440788961
"PLUSS ELEMENT AS",3138032,69.6702214118284,18.9289078041304
"PLUSS ELEMENT AS",3138033,69.6701694614916,18.9288206719444
"PLUSS ELEMENT AS",3138034,69.6701001943061,18.9287044963629
"PLUSS ELEMENT AS",3138035,69.670030350917,18.9286140513316
"PLUSS ELEMENT AS",3138036,69.6699688778393,18.9285509934935
"PLUSS ELEMENT AS",3138037,69.6698996104682,18.9284348199012
"PLUSS ELEMENT AS",3138038,69.6697521290086,18.9282008182786
"PLUSS ELEMENT AS",3138039,69.6696817092954,18.9281361057901
"PLUSS ELEMENT AS",3138040,69.6696202360368,18.9280730503922
"PLUSS ELEMENT AS",3138041,69.6695593387882,18.9279842661273
"PLUSS ELEMENT AS",3138042,69.6694894950105,18.9278938258044
"PLUSS ELEMENT AS",3138043,69.669419075177,18.9278291151535
"PLUSS ELEMENT AS",3138044,69.6693576018016,18.9277660614407
"PLUSS ELEMENT AS",3138045,69.6692877579055,18.9276756227087
"PLUSS ELEMENT AS",3138046,69.6692268604463,18.9275868409927
"PLUSS ELEMENT AS",3138047,69.6691784022167,18.9281462486474
"PLUSS ELEMENT AS",3138048,69.6691654232656,18.9283246932811
"PLUSS ELEMENT AS",3138049,69.6691429215495,18.9285272096131
"PLUSS ELEMENT AS",3138050,69.6691221480031,18.9286525394571
"PLUSS ELEMENT AS",3138051,69.6691002220673,18.9288293263665
"PLUSS ELEMENT AS",3138052,69.6690788721326,18.9289803842835
"PLUSS ELEMENT AS",3138053,69.6690445421215,18.9293098848861
"PLUSS ELEMENT AS",3138054,69.6690142453102,18.9294592847272
"PLUSS ELEMENT AS",3138055,69.6689917422935,18.9296617983861
"PLUSS ELEMENT AS",3138056,69.6689709679434,18.929787126211
"PLUSS ELEMENT AS",3138057,69.6689579873331,18.9299655680595
"PLUSS ELEMENT AS",3138058,69.6691397981195,18.9298700729233
"PLUSS ELEMENT AS",3138059,69.6692029996554,18.9298559458094
"PLUSS ELEMENT AS",3138060,69.6692477319626,18.9298642326808
"PLUSS ELEMENT AS",3138061,69.6693371965748,18.9298808065356
"PLUSS ELEMENT AS",3138062,69.6693902990283,18.9299164798933
"PLUSS ELEMENT AS",3138063,69.6694731224104,18.9298284803776
"PLUSS ELEMENT AS",3138064,69.6695184310189,18.9298110381809
"PLUSS ELEMENT AS",3138065,69.6696370401999,18.929729667146
"PLUSS ELEMENT AS",3138066,69.6696817725116,18.9297379539441
"PLUSS ELEMENT AS",3138067,69.6697556493448,18.9296482952178
"PLUSS ELEMENT AS",3138068,69.6698021104768,18.9295793934592
"PLUSS ELEMENT AS",3138069,69.669875410976,18.9295154632547
"PLUSS ELEMENT AS",3138070,69.6699135018377,18.9294191739403
"PLUSS ELEMENT AS",3138071,69.6699868022805,18.9293552428556
"PLUSS ELEMENT AS",3138072,69.6700159465894,18.9292572955601
"PLUSS ELEMENT AS",4098808,69.6699539380003,18.9308218047279
"PLUSS ELEMENT AS",4098809,69.6699695250725,18.9309280390011
"PLUSS ELEMENT AS",4098810,69.6699845355978,18.9310600030865
"PLUSS ELEMENT AS",4098811,69.6698996828486,18.9308375872529
"PLUSS ELEMENT AS",4098812,69.6699057469948,18.9309678929389
"PLUSS ELEMENT AS",4098813,69.669921333979,18.9310741270751
"PLUSS ELEMENT AS",4098814,69.6698263818823,18.9309015129518
"PLUSS ELEMENT AS",4098815,69.6698413924306,18.9310334761267
"PLUSS ELEMENT AS",4098816,69.6698564028791,18.931165439486
"PLUSS ELEMENT AS",4098817,69.6697620273428,18.9309670961025
"PLUSS ELEMENT AS",4098818,69.6697770378428,18.9310990589214
"PLUSS ELEMENT AS",4098819,69.6697920482432,18.9312310219247
"PLUSS ELEMENT AS",4098820,69.6696696804706,18.9310791636895
"PLUSS ELEMENT AS",4098821,69.6696841143812,18.9312368552981
"PLUSS ELEMENT AS",4098822,69.669690754761,18.9313414304746
"PLUSS ELEMENT AS",4098823,69.6695784865251,18.931139771988
"PLUSS ELEMENT AS",4098824,69.6695761805182,18.9312426886262
"PLUSS ELEMENT AS",4098825,69.6695732979249,18.9313713343903
"PLUSS ELEMENT AS",4098826,69.6695253843315,18.9311040952494
"PLUSS ELEMENT AS",4098827,69.6695225018405,18.9312327407274
"PLUSS ELEMENT AS",4098828,69.66952019578,18.931335657083
"PLUSS ELEMENT AS",4098829,69.6694526597681,18.9311422899225
"PLUSS ELEMENT AS",4098830,69.6694503537615,18.9312452059508
"PLUSS ELEMENT AS",4098831,69.6694564176136,18.9313755089849
"PLUSS ELEMENT AS",4098832,69.6693810881881,18.9311290264953
"PLUSS ELEMENT AS",4098833,69.6693782056816,18.9312576710958
"PLUSS ELEMENT AS",4098834,69.6693920629028,18.9314410895803
"PLUSS ELEMENT AS",4098835,69.6692994171721,18.9311655629045
"PLUSS ELEMENT AS",4098836,69.6693049045683,18.9313215938164
"PLUSS ELEMENT AS",4098837,69.6693025984589,18.9314245091069
"PLUSS ELEMENT AS",4098838,69.6691998532548,18.931198783166
"PLUSS ELEMENT AS",4098839,69.6692148635918,18.9313307426405
"PLUSS ELEMENT AS",4098840,69.6692119809406,18.9314593862034
"PLUSS ELEMENT AS",4098841,69.6690047608823,18.9310851235397
"PLUSS ELEMENT AS",4098842,69.6689811029617,18.931339092206
"PLUSS ELEMENT AS",4098843,69.6689337657737,18.9310461322392
"PLUSS ELEMENT AS",4098844,69.6689196308717,18.9312760296969
"PLUSS ELEMENT AS",4098845,69.6688627706553,18.9310071412053
"PLUSS ELEMENT AS",4098846,69.6688492123103,18.9312113096463
"PLUSS ELEMENT AS",4098847,69.6688018749021,18.930918351786
"PLUSS ELEMENT AS",4098848,69.6687966866193,18.9311499057859
"PLUSS ELEMENT AS",4098849,69.6687487726542,18.9308826769541
"PLUSS ELEMENT AS",4098850,69.6687077986262,18.9311075989586
"PLUSS ELEMENT AS",4098851,69.6686694074895,18.9308163010109
"PLUSS ELEMENT AS",4098852,69.6686552728963,18.9310461957717
"PLUSS ELEMENT AS",4098853,69.668616881655,18.9307548986554
"PLUSS ELEMENT AS",4098854,69.6685938006938,18.9309831350994
"PLUSS ELEMENT AS",4098855,69.6685464628916,18.9306901812761
"PLUSS ELEMENT AS",4098856,69.6685239584724,18.9308926891453
"PLUSS ELEMENT AS",4098857,69.6684939370103,18.9306287795946
"PLUSS ELEMENT AS",4098858,69.6684613333145,18.9308810849539
"PLUSS ELEMENT AS",4098859,69.6684330410559,18.9305399928245
"PLUSS ELEMENT AS",4098860,69.6683909145965,18.9308163676446
"PLUSS ELEMENT AS",4098861,69.6705913887634,18.9292346772993
"PLUSS ELEMENT AS",4098862,69.6705717671578,18.9293085541106
"PLUSS ELEMENT AS",4098863,69.670560515744,18.9294098184826
"PLUSS ELEMENT AS",4098864,69.6705284900039,18.9296364198752
"PLUSS ELEMENT AS",4098865,69.6705368601866,18.9296638076412
"PLUSS ELEMENT AS",4098866,69.6705625470006,18.9297202406711
"PLUSS ELEMENT AS",4098867,69.6704797236658,18.9298082450173
"PLUSS ELEMENT AS",4098868,69.6705048341206,18.9298904083908
"PLUSS ELEMENT AS",4098869,69.6705310971824,18.9299211112538
"PLUSS ELEMENT AS",4098870,69.6704119115826,18.9300282147234
"PLUSS ELEMENT AS",4098871,69.6704280754772,18.9301087205036
"PLUSS ELEMENT AS",4098872,69.6704448156909,18.9301634961646
"PLUSS ELEMENT AS",4098873,69.6703625685051,18.9302257681604
"PLUSS ELEMENT AS",4098874,69.6703888315079,18.9302564712266
"PLUSS ELEMENT AS",4098875,69.6703966252201,18.9303095892327
"PLUSS ELEMENT AS",4098876,69.6702886913796,18.9303154273789
"PLUSS ELEMENT AS",4098877,69.6702953322994,18.9304200052635
"PLUSS ELEMENT AS",4098878,69.6703031259628,18.9304731230936
"PLUSS ELEMENT AS",4098879,69.6701951921185,18.9304789603948
"PLUSS ELEMENT AS",4098880,69.6702113558083,18.930559465687
"PLUSS ELEMENT AS",4098881,69.6702179965837,18.9306640432627
"MONDELEZ NORGE AS",3136713,69.6762098195457,18.9318780828847
"NORCONSULT NORGE AS",4176387,69.6343975655619,17.9903246622416
"JOHANSENS HJALMAR GATE 12 AS",402162141,69.6438907485026,18.9493870204571
"MYRVEIEN 22 AS",4098051,69.6436025565494,18.9976576942504
"MYRVEIEN 22 AS",4098052,69.6436025565494,18.9976576942504
"MYRVEIEN 22 AS",4175990,69.6435579683935,18.9980363646221
"Johansen Hjalmar & Co AS",3144520,69.6322948119284,18.0061438704655
"Johansen Hjalmar & Co AS",3497591,69.6335581059288,18.0052399638383
"NAPOLEON EIENDOM AS",3136716,69.6770521719758,18.929966670483
"Stortorvet 5 AS",3146182,69.6516517459565,18.9584882385841
"Stortorvet 5 AS",3146272,69.6515737130489,18.9589202858971
"SOBOTA AS",3146181,69.6507192163145,18.9568171990466
"Stortorget 4 AS",3146269,69.651087556697,18.9584088723598
"POLAR EIENDOM TROMSØ AS",3142148,69.7026985031013,19.0178185814195
"POLAR EIENDOM TROMSØ AS",3142385,69.7030412037558,19.0150110606411
"Auto Nord AS",3142300,69.6984583846931,19.0150478033788
"Nord Gruppen AS",3130974,69.654662464218,18.7462221850656
"Nord Gruppen AS",3141427,69.6726916189602,18.974792609675
"Nord Gruppen AS",3142403,69.6855665162712,19.0047964324443
"Nord Gruppen AS",3142409,69.6849774544753,19.003444012403
"ISFJELL AS",3135468,69.6971950713014,18.960686164026
"Teknisk Elektro AS",3139516,69.6340094918171,18.9203248693243
"NORLAMINAT AS",3141868,69.6782863273087,18.9880416005079
"Premier AS",4176392,69.6344402246307,17.9889285623335
"Premier AS",4271567,69.6334583070085,17.9893936475335
"Premier AS",4271568,69.6333007416492,17.9896318027161
"Premier AS",4271569,69.63320997871,17.9897427518155
"Premier AS",4271570,69.6331595334323,17.989910912362
"Sjøgaten Eiendomsutvikling AS",3146582,69.6504060419828,18.9595466798423
"Industriell Betongrehabilit IBR AS",3142292,69.6947565966481,19.0119144943065
"NORDBOHUS TROMSØ AS",3126789,69.6686243490744,19.0321627295981
"NORDBOHUS TROMSØ AS",3126790,69.6687800436455,19.0324248622727
"NORDBOHUS TROMSØ AS",3126832,69.6691437706409,19.0322356295627
"NORDBOHUS TROMSØ AS",3126833,69.6690238572097,19.0319802951117
"NORDBOHUS TROMSØ AS",3126834,69.6688955892583,19.031697538126
"STENERSEN BÅT AS",3133995,69.6863007271148,18.7405934014546
"STENERSEN BÅT AS",3134096,69.686018423257,18.739509519079
"TROMSØ TANKTRANSPORT AS",3130277,69.5812925647782,18.6443987343599
"TROMSØ TANKTRANSPORT AS",3136487,69.6827177442871,18.9518720224577
"REDERIHUSET AS",3145884,69.655644133158,18.9662815035449
"Strandg 26 AS",3146289,69.6477206750368,18.9547357323562
"Havna Hotell AS",4099219,69.6780642133268,18.9823133196917
"NOTEBY AS",3137880,69.663978602854,18.9127969289455
"SEKSJON 10 AS",4099940,69.650447393878,18.958909055951
"SOLSTRAND AS",3128396,69.6277866305817,18.9489568275576
"SOLSTRAND AS",3128418,69.6277866305817,18.9489568275576
"SOLSTRAND AS",3128424,69.626993170771,18.9476104654657
"SOLSTRAND AS",3128437,69.6275474027911,18.9517565210928
"SOLSTRAND AS",3252687,69.6264595047448,18.9465754216717
"PEDERSEN EIENDOM AS",3146200,69.6520910532178,18.9581700034436
"PEDERSEN EIENDOM AS",3146202,69.6521989436874,18.958285634064
"PEDERSEN EIENDOM AS",4099375,69.6799912682728,18.990818052838
"STJERN AAGE REGNSKAPSKONTOR AS",3132469,69.6984154518158,18.8871561904453
"Speedo Eiendom AS",3141851,69.6796937973852,18.9896763676329
"MULTIFISK AS",3126608,69.6755414007623,19.0497609454135
"Troms Hus AS",3125446,69.6893131182557,19.0731353264588
"Troms Hus AS",3125447,69.6895087107806,19.0732246545987
"Troms Hus AS",3125449,69.689824154818,19.0735698029079
"Troms Hus AS",3125450,69.6899624931966,19.0738033146942
"Troms Hus AS",3125451,69.6902421383838,19.0745295646633
"Troms Hus AS",3125452,69.6903059656392,19.0741021397562
"Troms Hus AS",3125453,69.6905158621665,19.0743494216971
"Troms Hus AS",3125454,69.6904317541488,19.0748764090682
"Troms Hus AS",3125455,69.6899356411727,19.0741861152122
"Troms Hus AS",3125456,69.6902361429186,19.0751750272247
"Troms Hus AS",3125457,69.6897227569458,19.0740675872498
"Troms Hus AS",3125458,69.6900399538158,19.0751114273244
"Troms Hus AS",3125459,69.6895206099115,19.0738735350941
"Troms Hus AS",3125460,69.6893703395307,19.0737670513899
"Troms Hus AS",3125461,69.6897137752271,19.0748417794595
"Troms Hus AS",3125462,69.6892498779638,19.0735369558997
"Troms Hus AS",3125464,69.6894245579051,19.074527493261
"Troms Hus AS",3125465,69.6892647455238,19.0744450338689
"Troms Hus AS",3125466,69.68909658577,19.0743351073871
"Troms Hus AS",3125467,69.6889689854125,19.0740260772423
"Troms Hus AS",3125468,69.6889606678349,19.0736106968118
"Troms Hus AS",3125469,69.6889690314325,19.0732502221842
"Troms Hus AS",3125471,69.6871171348107,19.0713969089805
"Troms Hus AS",3125472,69.6868771645002,19.0716326820688
"Troms Hus AS",3125473,69.6871091573195,19.0709272972472
"Troms Hus AS",3125474,69.6867566335963,19.0720258740484
"Troms Hus AS",3125475,69.6869714119172,19.0706680901561
"Troms Hus AS",3125477,69.686771051759,19.0703968592885
"Troms Hus AS",3125478,69.6864495887486,19.0718608476887
"Troms Hus AS",3125479,69.686623763724,19.070161687226
"Troms Hus AS",3125484,69.6866523594786,19.0712533058959
"Troms Hus AS",3125486,69.686300511296,19.0717029041758
"Troms Hus AS",3125487,69.6861424887958,19.0715432443208
"Troms Hus AS",3125488,69.6859844661409,19.0713835868713
"Troms Hus AS",3125489,69.6862731021634,19.0709477064528
"Troms Hus AS",3125492,69.687519405403,19.071833671245
"Troms Hus AS",3125494,69.6876631078799,19.0722233448614
"Troms Hus AS",3125502,69.6882508018199,19.0734975008086
"Troms Hus AS",3125504,69.6883840140925,19.0736808705373
"Troms Hus AS",3125506,69.6887185419996,19.073977950865
"Troms Hus AS",3131419,69.6800447743498,18.774163066772
"Troms Hus AS",3131420,69.6802508667088,18.7739774807097
"Troms Hus AS",3131421,69.6804158068794,18.7738259196497
"Troms Hus AS",3131422,69.6805751196119,18.7735182801791
"Troms Hus AS",3131423,69.6807664428984,18.7738107904785
"Troms Hus AS",3131424,69.6807263136667,18.774423950881
"Troms Hus AS",3131425,69.6807157948669,18.7749131514697
"Troms Hus AS",3131426,69.6806236345789,18.7754395063391
"Troms Hus AS",3131427,69.6805857149472,18.7759496706261
"Troms Hus AS",3131428,69.6805500093406,18.7763568444995
"Troms Hus AS",3131429,69.6805226969251,18.7767913579449
"Troms Hus AS",3131430,69.6805390157159,18.7772853347661
"Troms Hus AS",3131431,69.6804926967669,18.777768152265
"Troms Hus AS",3131432,69.6804128008616,18.7781416020106
"Troms Hus AS",3131433,69.6802124877974,18.7749269270333
"Troms Hus AS",3131434,69.6801857326508,18.7753356887753
"Troms Hus AS",3131435,69.6801752113501,18.7758248763961
"Troms Hus AS",3131436,69.6802077674135,18.7763992719346
"Troms Hus AS",3131437,69.6801015841579,18.776742193826
"Troms Hus AS",3131438,69.6800025157919,18.7763368710482
"Troms Hus AS",3131439,69.679877156071,18.7759010253203
"Troms Hus AS",3131440,69.6797411859588,18.7755408300425
"Troms Hus AS",3131441,69.6796326130165,18.7751596726897
"Troms Hus AS",3131442,69.679545056728,18.7763070889934
"Troms Hus AS",3131446,69.6790638116044,18.7748774986164
"Troms Hus AS",3131447,69.6789161232304,18.7746444570675
"Troms Hus AS",3131448,69.6787980100955,18.7741220660074
"Troms Hus AS",3131449,69.679850688979,18.775043429891
"Troms Hus AS",3131450,69.6799155401979,18.7749515958728
"Troms Hus AS",3131463,69.6797375044939,18.7740411782526
"Troms Hus AS",3131464,69.6795680443148,18.7739851720908
"Troms Hus AS",3131465,69.6794423088709,18.7744021479957
"Troms Hus AS",3131466,69.6792923411962,18.7742333104568
"Troms Hus AS",3131467,69.6791572712884,18.7741653342702
"Troms Hus AS",3131468,69.6790048681008,18.7738590948774
"Troms Hus AS",3278481,69.6812003601006,18.7711741418272
"Troms Hus AS",3278482,69.681049901408,18.7710698416504
"Troms Hus AS",3278483,69.6813827392014,18.7714650481347
"Troms Hus AS",3278484,69.6808692797489,18.7711152547492
"Troms Hus AS",3278485,69.680625468145,18.7711752738958
"Troms Hus AS",3278487,69.6804504758144,18.7713767598402
"Troms Hus AS",3278488,69.6802844313737,18.7715798341528
"Troms Hus AS",3278490,69.6813325223209,18.7696210061235
"Troms Hus AS",3278492,69.6800601753556,18.7715657897401
"Troms Hus AS",3278493,69.6805867119673,18.7704705465756
"Troms Hus AS",3278494,69.6805966056669,18.772100586991
"Troms Hus AS",3278495,69.6808953722003,18.7703186670244
"Troms Hus AS",3278496,69.680285730875,18.7723554263283
"Troms Hus AS",3278497,69.6809835451147,18.7695589611032
"Troms Hus AS",3278499,69.6799960717711,18.7724589629551
"Troms Hus AS",3278500,69.680762053195,18.7694161993931
"Troms Hus AS",3285143,69.67975788796,18.7726750342113
"Troms Hus AS",3291188,69.6812716822837,18.7724533094019
"Troms Hus AS",3291189,69.6816177567712,18.7697234137553
"Troms Hus AS",3291190,69.6814946944805,18.769598146049
"Troms Hus AS",3291191,69.6811552182749,18.7695119436626
"Troms Hus AS",3291192,69.6804886333641,18.7696002017763
"Troms Hus AS",3291193,69.6802305458131,18.7707432001652
"Troms Hus AS",3291194,69.6804033253376,18.770644699568
"Troms Hus AS",3291195,69.6811683400392,18.7705739789263
"Troms Hus AS",3291196,69.6813545915215,18.7706846416897
"Troms Hus AS",3319726,69.6793241670182,18.769031371268
"Troms Hus AS",3319780,69.6791902511875,18.7702480793124
"Troms Hus AS",3319782,69.6791524456493,18.7711717398687
"Troms Hus AS",3319783,69.6791050371917,18.7717060307058
"Troms Hus AS",3319784,69.6789324491247,18.7726315502166
"Troms Hus AS",3319785,69.6791393621581,18.7726166752833
"Troms Hus AS",3319786,69.6793462751872,18.772601800109
"Troms Hus AS",3319787,69.6795710844206,18.7725901087448
"Troms Hus AS",3319791,69.6795744677181,18.7703422401024
"Troms Hus AS",3319794,69.6800667143572,18.7708432905239
"Troms Hus AS",3319795,69.6801710255858,18.7697504981424
"Troms Hus AS",3319796,69.6803248025336,18.769700302143
"Troms Hus AS",3368075,69.6793966486186,18.7681655516287
"Troms Hus AS",3368076,69.6795711901378,18.7684033244402
"Troms Hus AS",3369722,69.6794502315308,18.7677615655582
"Troms Hus AS",3369723,69.6794949723007,18.7677695154859
"Troms Hus AS",3369724,69.6795906388991,18.767915736615
"Troms Hus AS",3369725,69.679686858019,18.7680362127285
"Troms Hus AS",3373886,69.679660776037,18.768832758187
"Troms Hus AS",3373887,69.6797078314515,18.7691512570355
"Troms Hus AS",3373888,69.6797492552162,18.7693136883052
"Troms Hus AS",3373889,69.6798253656484,18.7695339760864
"Troms Hus AS",3373890,69.679876290076,18.7696722533106
"Troms Hus AS",3373891,69.6799630069223,18.7698168947544
"Troms Hus AS",3389059,69.6818853222043,18.7731569849869
"Troms Hus AS",3389060,69.6819543965444,18.771739916089
"Troms Hus AS",3389062,69.681583205964,18.7725862798078
"Troms Hus AS",3389063,69.6818890666223,18.7700559738021
"Troms Hus AS",3389064,69.6815346600395,18.7706649724904
"Troms Hus AS",3389065,69.6823218944401,18.7699778541191
"Troms Hus AS",3396498,69.6819673879346,18.7701732904574
"Troms Hus AS",3396499,69.6817147285533,18.7706453029944
"Troms Hus AS",3396500,69.6816235882165,18.7707066350049
"Troms Hus AS",3430785,69.681824899109,18.7730428426463
"Troms Hus AS",3430786,69.6815138343834,18.7724705485861
"Troms Hus AS",3430787,69.6814534108286,18.7723564102129
"Troms Hus AS",3447270,69.6810723969638,18.7772097721789
"Troms Hus AS",3677052,69.6829006546315,18.7711767499582
"Troms Hus AS",3677057,69.6828253735332,18.7713779009077
"Troms Hus AS",3677089,69.6827289030572,18.7716037140479
"Troms Hus AS",3677090,69.682615606522,18.7718601343149
"Troms Hus AS",3677096,69.6825547714913,18.7721413949497
"Troms Hus AS",3677098,69.6824139676091,18.7726746587522
"Troms Hus AS",3677100,69.6823258077448,18.7730570281202
"Troms Hus AS",3677101,69.6823006705062,18.7731817937913
"Troms Hus AS",3677112,69.6821432034526,18.7737379265246
"Troms Hus AS",3677118,69.6821921596205,18.7738422771881
"Troms Hus AS",3677122,69.6823351996723,18.7740409197912
"Troms Hus AS",3677125,69.6824898348318,18.7743269280847
"Troms Hus AS",3677126,69.6826145725393,18.7744576977015
"Troms Hus AS",3677130,69.6827203994252,18.7745489142109
"Troms Hus AS",3677133,69.6828344366035,18.774592481247
"Troms Hus AS",3677234,69.6830104297252,18.7718786822619
"Troms Hus AS",3677236,69.6828758711937,18.7723303550663
"Troms Hus AS",3677247,69.6828127961548,18.773092000777
"Troms Hus AS",3677253,69.6826855201638,18.7728703172753
"Troms Hus AS",3677257,69.6825697226863,18.7734519725193
"Troms Hus AS",3677263,69.6831137971688,18.7722098438524
"Troms Hus AS",3677267,69.6829274858306,18.7725618371872
"Troms Hus AS",3677271,69.6828632939979,18.7738350866313
"Troms Hus AS",3677273,69.6829509482762,18.7739359904488
"Troms Hus AS",3677276,69.6826773028973,18.7736287952613
"Troms Hus AS",3677279,69.6831822378321,18.772410718798
"Troms Hus AS",3677288,69.6827477345347,18.7737369710018
"Troms Hus AS",4128778,69.6811111697013,18.7723989036373
"Troms Hus AS",4128779,69.6811111697013,18.7723989036373
"Troms Hus AS",4128780,69.6809561897237,18.7720870211861
"Troms Hus AS",4128781,69.6809561897237,18.7720870211861
"Troms Hus AS",4130522,69.6813827392014,18.7714650481347
"Troms Hus AS",4130523,69.6813827392014,18.7714650481347
"Troms Hus AS",4147296,69.6812716822837,18.7724533094019
"Troms Hus AS",4147297,69.6812716822837,18.7724533094019
"Troms Hus AS",4179222,69.6797301885424,18.7714553789808
"Troms Hus AS",4179223,69.6796949492234,18.7714232664922
"Troms Hus AS",4179224,69.6797419023473,18.7713282390065
"Troms Hus AS",4179225,69.6796971617619,18.7713202814755
"Troms Hus AS",4179226,69.6795170931628,18.771339943789
"Troms Hus AS",4179227,69.6794818538205,18.7713078318226
"Troms Hus AS",4179228,69.6795288068806,18.7712128050227
"Troms Hus AS",4179229,69.6794930144068,18.7712064392622
"BK BYGGEVARE TROMSØ AS",3142229,69.6948174319974,19.0100376036869
"BJØRNHEIM EIENDOM AS",3137045,69.6671191236583,18.9109478595199
"MELLOMVEIEN EIENDOMSSELSKAPET AS",3145741,69.6474113196978,18.9504866559166
"MELLOMVEIEN EIENDOMSSELSKAPET AS",4138197,69.6476059453352,18.9493846503714
"MELLOMVEIEN EIENDOMSSELSKAPET AS",4138198,69.6476059453352,18.9493846503714
"MELLOMVEIEN EIENDOMSSELSKAPET AS",4138199,69.6476059453352,18.9493846503714
"MELLOMVEIEN EIENDOMSSELSKAPET AS",4138200,69.6476059453352,18.9493846503714
"MELLOMVEIEN EIENDOMSSELSKAPET AS",4138201,69.6476059453352,18.9493846503714
"MELLOMVEIEN EIENDOMSSELSKAPET AS",4138202,69.6476059453352,18.9493846503714
"MELLOMVEIEN EIENDOMSSELSKAPET AS",4202176,69.7387645954914,19.1690484907814
"MELLOMVEIEN EIENDOMSSELSKAPET AS",4202177,69.7388123721393,19.1689282854681
"TAK & METALL EIENDOM AS",3248588,69.6806778380983,18.9926276409363
"KAIGATA 2 AS",3145347,69.6485396717461,18.9598439669574
"AAKRE OLAV AS",3137155,69.6489191395748,18.8980203726004
"AAKRE OLAV AS",234455983,69.6787563697222,18.9393032441152
"ABRAHAMSEN JOAKIM EFTF AS",3145942,69.6529497787814,18.9610795471753
"AUSTAD I AS",3137137,69.6579879455064,18.9296128344866
"AUSTAD I AS",3146364,69.6526608314597,18.9615419621998
"AUSTAD I AS",3146368,69.6520758472259,18.9615877074328
"BANGSUND TRELASTHANDEL AS",3146367,69.6521476486856,18.9619883372342
"SAGA HOTELL AS",3145860,69.6480839624094,18.9577457750017
"BREKMO BRØDRENE AS",3138823,69.6745524086178,18.9775189488496
"BREKMO BRØDRENE AS",3140626,69.6744537937238,18.9759240286805
"BREKMO BRØDRENE AS",3141412,69.6745125423337,18.9788811568516
"BRINCHMANN & CO AS",3136747,69.6761217634383,18.9288302605707
"BRÆCK EINAR AS",3132433,69.7140223696798,18.9394722432171
"KRISTIANSEN EIENDOM AS",3145386,69.6484642848343,18.9556227255334
"KRISTIANSEN EIENDOM AS",4099617,69.6484796108268,18.9553416601989
"KRISTIANSEN EIENDOM AS",4099618,69.6484796108268,18.9553416601989
"NORDØYA LOSSESERVICE AS",3144862,69.6530243709745,18.9490113767439
"NORDØYA LOSSESERVICE AS",4107868,69.6467065911243,18.9542888157876
"BPW HOFSTAD AS",3136826,69.6773888809728,18.9229474366223
"BPW HOFSTAD AS",3137024,69.6778907201318,18.9226009029297
"IMI TROMSØ BEGRAVELSESBYRÅ AS",3146443,69.6496940441593,18.95208319808
"Salconord AS",3126026,69.6600640135245,19.0242603333631
"Salconord AS",3126527,69.6631738789094,19.0195032509468
"Salconord AS",3126528,69.6633537570917,19.0187107495945
"Salconord AS",3127127,69.6461797405245,18.9823219063922
"HÅPET INVEST AS",3136680,69.680278679648,18.9311075905649
"HÅPET INVEST AS",3136750,69.6792862497314,18.9333015815174
"HÅPET INVEST AS",3145095,69.6475757155635,18.9523600497954
"HÅPET INVEST AS",3337577,69.687357980164,18.952305475797
"HÅPET INVEST AS",3591325,69.6875095613685,18.951557995379
"KNUDSEN GERH AS",3140702,69.6409051264391,18.910559670432
"LINDRUP MARTINSEN EIENDOM AS",3145886,69.6555390447737,18.9681467120338
"LINDRUP MARTINSEN EIENDOM AS",4099250,69.6640783841686,18.9687362640709
"THE FRONT TROMSØ AS",3138511,69.6566821164132,18.9409644611848
"THE FRONT TROMSØ AS",4098688,69.6710841105618,18.9325040032696
"THE FRONT TROMSØ AS",4098689,69.6711071935715,18.9322757418284
"THE FRONT TROMSØ AS",4098690,69.6711201765776,18.9320972834235
"THE FRONT TROMSØ AS",653532591,69.6606965070793,18.9678378120004
"THE FRONT TROMSØ AS",653532594,69.6607875742076,18.9674261241563
"THE FRONT TROMSØ AS",653532597,69.6609313369365,18.9684576451361
"MJØLVIK FISKEFORRETNING AS",3134455,70.0325714074849,18.5641607062027
"TROMSØ STÅLINDUSTRI AS",3127480,69.6389081218805,19.0186790523561
"TROMSØ STÅLINDUSTRI AS",4214869,69.6420097755825,18.9411323840965
"TROMSØ STÅLINDUSTRI AS",4214870,69.6420097755825,18.9411323840965
"TROMSØ STÅLINDUSTRI AS",263543803,69.6648292168879,18.9709690281975
"NORBYE PEDER AS",3136712,69.6769629522059,18.9287354221875
"Mellomv 23 Eiendom AS",234453045,69.6973709214432,19.0012848753537
"STRANDVEGEN 108 TROMSØ AS",3126445,69.6657922187087,19.0314694528616
"STRANDVEGEN 108 TROMSØ AS",3140076,69.6359877893656,18.9319055050091
"NOKIAN DEKK AS",3142297,69.6963215963681,19.0126248489965
"NOVA AS",3127072,69.6405064781764,18.9793491173364
"NOVA AS",3127120,69.6415159732244,18.9756419619974
"NOVA AS",3127176,69.64645457289,18.9872255591604
"NOVA AS",3127808,69.6421144070855,18.9773795891841
"NOVA AS",3127963,69.6407392663935,18.9798984414706
"NOVA AS",3127966,69.6416124113078,18.9819198478602
"NOVA AS",234456820,69.6716039154947,19.045184571185
"PELLERIN HOLDING AS",3125849,69.67605186347,19.044378950936
"PELLERIN HOLDING AS",3125883,69.67605186347,19.044378950936
"PELLERIN HOLDING AS",3128178,69.6467145564118,18.9821124762972
"PELLERIN HOLDING AS",3132255,69.6900705312852,18.8602570762643
"PELLERIN HOLDING AS",3132295,69.6901971457987,18.8594009197911
"PELLERIN HOLDING AS",3137919,69.666600882108,18.9136421780193
"PELLERIN HOLDING AS",3142293,69.6954762412387,19.0134477497817
"PELLERIN HOLDING AS",3144870,69.6539163112345,18.9461050211686
"PELLERIN HOLDING AS",3145539,69.6462720476892,18.9536401318144
"PELLERIN HOLDING AS",3145969,69.6559399764917,18.9643228034234
"PELLERIN HOLDING AS",3146123,69.6461753599206,18.9518723477411
"PELLERIN HOLDING AS",3146276,69.6460379168881,18.9529874825511
"PELLERIN HOLDING AS",3146282,69.6471363533425,18.9539558848029
"PELLERIN HOLDING AS",3146299,69.6478763112068,18.9565972376706
"PELLERIN HOLDING AS",3146312,69.647367873468,18.9560379427849
"PELLERIN HOLDING AS",3146374,69.6522953161932,18.9626096540069
"PELLERIN HOLDING AS",3146376,69.6525752004685,18.9629458673388
"PELLERIN HOLDING AS",3146863,69.6470359488176,18.9564148708044
"PELLERIN HOLDING AS",3643560,69.6472370817712,18.9570562807261
"PELLERIN HOLDING AS",4118484,69.647918885265,18.9487330691101
"PELLERIN HOLDING AS",4118485,69.647918885265,18.9487330691101
"PELLERIN HOLDING AS",4118486,69.647918885265,18.9487330691101
"PELLERIN HOLDING AS",4118487,69.647918885265,18.9487330691101
"PELLERIN HOLDING AS",4249694,69.6570076509382,18.9255298648103
"PELLERIN HOLDING AS",416744903,69.647367873468,18.9560379427849
"PELLERIN HOLDING AS",416744906,69.647367873468,18.9560379427849
"PERPETUUM EIENDOM AS",3126865,69.6495986239793,18.9825784582875
"PERPETUUM EIENDOM AS",3127677,69.6502578855479,18.9852344359572
"TELETRONICA AS",3141669,69.6569890894506,18.9399369752793
"TOHOLD AS",3145918,69.6499718466202,18.9584848303428
"TROMSØ BUNKERDEPOT AS",3134770,69.8063788540161,19.2631207223309
"TROMSØ BUNKERDEPOT AS",3134773,69.7978192477674,19.2330990401084
"TROMSØ BUNKERDEPOT AS",3145194,69.6581608219304,18.9686110375941
"TROMSØ BUNKERDEPOT AS",3145196,69.6582816270804,18.9692275577804
"TROMSØ BUNKERDEPOT AS",3146007,69.650979866961,18.9504381075537
"TROMSØ BUNKERDEPOT AS",234452038,69.6764776025398,18.9407665624811
"TROMSBUSS AS",3141802,69.6839471606144,18.990296019573
"TROMSBUSS AS",3141825,69.6829374722396,18.9911995546528
"TROMSØ SKOTØIMAGASIN AS",4099539,69.6497112404328,18.9539500502286
"AMUNDSEN ARKITEKTKONTORET AS",3145552,69.6533593248161,18.9608461533371
"AMUNDSEN ARKITEKTKONTORET AS",3146195,69.6530284273343,18.9599841084722
"AMUNDSEN ARKITEKTKONTORET AS",3146197,69.6532027049864,18.9602231486348
"TMF INVEST AS",3141080,69.676120082829,18.9796997002447
"VCOM AS",3129335,69.56217412504,19.1835469714261
"NORD KLIMA AS",3126452,69.667159014441,19.0259420713256
"ERGO AS",3145689,69.6516252780846,18.9489060531007
"JOHANSEN HENRY AS",3134389,69.8353996437208,18.5876719461194
"JOHANSEN HENRY AS",3134427,69.83827366847,18.5776518888517
"JOHANSEN HENRY AS",3134428,69.8381067919778,18.5779098791235
"JOHANSEN HENRY AS",3134436,69.8348460376853,18.5890169968123
"JOHANSEN HENRY AS",3664739,69.8382416022932,18.5787919752703
"JOHANSEN HENRY AS",4098461,69.6966571014909,18.9698314422503
"JOHANSEN HENRY AS",4098557,69.6956119618736,18.9715136098749
"JOHANSEN HENRY AS",308783814,69.8378741869696,18.5784873455273
"MATSERVICE AS",3127892,69.6431330494562,18.9914534669979
"RESSURS TROMSØ AS",3126531,69.6641829513346,19.0197719066891
"RESSURS TROMSØ AS",3136223,69.6847107510622,18.9485799795033
"RESSURS TROMSØ AS",3141815,69.6855287728852,18.9839486118562
"RESSURS TROMSØ AS",3145958,69.6540751931706,18.9636750975753
"Autohuset AS",4166557,69.6572839518032,18.9660714767862
"NORCARGO TROMSØ AS",3141507,69.6776410004245,18.9839397640362
"NÆSVOLD VIGGO INGENIØR AS",3145434,69.6605398804426,18.9659051638797
"ODINOR NORGE AS",3137890,69.664799057641,18.9174942697745
"DRAGØY EIENDOM AS",4099719,69.6441986753353,18.9420700977828
"LANGNES BYGGSENTER AS",3144288,69.688754226059,18.613508804118
"WIDDING HOLDING AS",3136500,69.6823817080199,18.9498782271947
"WIDDING HOLDING AS",3142225,69.6950994077803,19.0079179914975
"WIDDING HOLDING AS",3566821,69.6471988038348,18.9821516546125
"Nordfisk Skips AS",3126891,69.6410697416684,18.9861890920217
"Nordfisk Skips AS",3128249,69.6367324871827,18.9655116639707
"NOFI TROMSØ EIENDOM AS",3133967,69.6740767062368,18.7456203034153
"Gasteck AS",3141094,69.6751706361891,18.9807620260643
"TELETRON INDUSTRI AS",3141667,69.6573060305498,18.940824666705
"SØNDRE TOLLBUG 17 AS",3146859,69.6525139900245,18.9651365485824
"Trondsen Auto AS",3142230,69.6940870824941,19.0105460428095
"Trondsen Auto AS",3314778,69.6935139783091,19.0104634111559
"STRANDG 31 AS",3146294,69.6476252315819,18.9550638114573
"Multisystemer AS",3136724,69.6777677285241,18.9281401737554
"Multisystemer AS",3136741,69.6779309602998,18.9244175666478
"TF MCC AS",3134256,69.7784820609368,18.3996564752289
"TF MCC AS",3134298,69.7725130459261,18.4236592466591
"Bjørn Eiendom AS",3133360,69.8411359198565,18.8198023727141
"Bjørn Eiendom AS",4099031,69.6685492198485,18.9732413538725
"Bjørn Eiendom AS",4099032,69.6685492198485,18.9732413538725
"Bjørn Eiendom AS",4099033,69.6685492198485,18.9732413538725
"Bjørn Eiendom AS",4099034,69.6685492198485,18.9732413538725
"Bjørn Eiendom AS",4099037,69.6685492198485,18.9732413538725
"Oldervik Fiskeindustri AS",3523787,69.7547482397003,19.6769313747799
"RINGVEIEN 9 AS",3142234,69.692502168423,19.0091337762537
"RINGVEIEN 9 AS",4099669,69.6503788480918,18.9523913437819
"RINGVEIEN 9 AS",4171821,69.6503788480918,18.9523913437819
"Ramfjord Caravan AS",3129276,69.5625742494967,19.184473961759
"Samvirkegården AS",3146266,69.6518905998977,18.960561840397
"Rens & Vask AS",3142218,69.701321111223,19.018333535465
"Axion AS",3137879,69.6637393384011,18.9126494962479
"SEDOLFSEN EIENDOM AS",3142301,69.6973600997808,19.0116056233092
"SEDOLFSEN EIENDOM AS",3142431,69.6981128215755,19.0120845444237
"TROMSØVERFTET AS",3145929,69.6534435659252,18.9655450964943
"Storg 118 AS",3146215,69.6530732909244,18.959429674554
"Storg 118 AS",4099797,69.6530732909244,18.959429674554
"Storg 118 AS",4099798,69.6530732909244,18.959429674554
"Storg 118 AS",4099799,69.6530732909244,18.959429674554
"Storg 118 AS",4099800,69.6530732909244,18.959429674554
"Storg 118 AS",4099801,69.6530732909244,18.959429674554
"Storg 118 AS",4099802,69.6530732909244,18.959429674554
"TROMSØ FISKEINDUSTRI AS",3140144,69.6721246675869,18.9728517102254
"TROMSØ FISKEINDUSTRI AS",4309520,69.6712080057617,18.9704837020641
"TROMSØ FISKEINDUSTRI AS",4309521,69.6712933900367,18.9706805588406
"Maritim Sveiseservice AS",3131045,69.6723282290112,18.7463191089946
"Maritim Sveiseservice AS",3392999,69.6715647939327,18.7456443787411
"Maritim Sveiseservice AS",3459597,69.6811971022657,18.9966548934179
"Afin AS",3136733,69.6760777555086,18.9269432601586
"Tromsø Alpinsenter AS",3126571,69.6766759318409,19.0681821797941
"ARNESTEDET EIENDOM AS",3140337,69.6633801572686,18.9678307913031
"HELMER HANSSENSG 9 BORETTSLAGET AS",4102612,69.6582586928831,18.9525829745123
"HELMER HANSSENSG 9 BORETTSLAGET AS",4102613,69.6582586928831,18.9525829745123
"HELMER HANSSENSG 9 BORETTSLAGET AS",4102614,69.6582586928831,18.9525829745123
"HELMER HANSSENSG 9 BORETTSLAGET AS",4102615,69.6582586928831,18.9525829745123
"PETERSBORGGATEN 21 29 AS",3145674,69.6489354439199,18.9466765104833
"Conrad Holmboesv 8-10-12-14 BRL AS",3144879,69.6547482186376,18.9478603910813
"Nordic Investment AS",3140855,69.6403735587372,18.9287025903112
"Nordic Investment AS",3142584,69.6547127054728,19.6758826582066
"Nordic Investment AS",3142587,69.657897898075,19.684032176264
"Nordic Investment AS",3145112,69.6482513305898,18.9524780445993
"Nordic Investment AS",4099793,69.6480457195257,18.9538670890024
"Nordic Investment AS",4099794,69.6480457195257,18.9538670890024
"Nordic Investment AS",4355377,69.6510719287613,18.9535270719562
"Nordic Investment AS",234452263,69.6925792525459,18.9919476847339
"Grønneg 52-56 AS",3145114,69.6487704420934,18.9532018737804
"STÅMA EIENDOM AS",3136742,69.6774382731874,18.9235510184904
"STÅMA EIENDOM AS",4355552,69.66452260497,18.9191324821754
"STÅMA EIENDOM AS",4355553,69.6645418448464,18.9190353004204
"STÅMA EIENDOM AS",4355554,69.6645129951873,18.9188388333589
"ORTODONTILABORATORIET AS",4099978,69.6531899937933,18.944446831076
"ELEKTRO INSTALLASJON AS",3145055,69.6539156688829,18.9654060836789
"Myreng Borettslag AS",3139579,69.6586436923577,18.9472163179482
"Myreng Borettslag AS",3139580,69.6592225698797,18.9478404505856
"Myreng Borettslag AS",3139591,69.6598109703127,18.9484405651448
"CENTRUM BOK- OG PAPIRHANDEL AS",4099932,69.650447393878,18.958909055951
"POLARBYGG AS",3136718,69.6768879650838,18.9260646821141
"EIENDOMSDRIFT AS",3137914,69.6662213010386,18.9153545360076
"EIENDOMSDRIFT AS",4099221,69.6777512926381,18.9826422540017
"Pettersen Joh H AS",3133322,69.8517887815504,18.8195765868406
"Pettersen Joh H AS",3133354,69.8521522915458,18.8210445863535
"Pettersen Joh H AS",3133355,69.852411967767,18.8214149401264
"Skattøra Bil & Lakk AS",4110216,69.6941388305246,19.0082794736106
"NORDNORSK HOTELL HJEMMEL AS",3144782,69.6488391540082,18.9606251130768
"MARTINUSSEN OLAF AS",3142296,69.6957130621965,19.0117334756501
"MARTINUSSEN OLAF AS",3146127,69.6472005416365,18.9527031789004
"STADIONSENTERET AS",4098654,69.6741242933576,18.9296515098862
"STADIONSENTERET AS",4098655,69.6741242933576,18.9296515098862
"STADIONSENTERET AS",4098656,69.6741242933576,18.9296515098862
"Søndre Tollbug 4 AS",3146371,69.6528147725094,18.9626807883726
"Karlsen Eiendom AS",3127985,69.6390373257417,18.9696569945096
"Bjerke Snekkerisalg AS",3127984,69.6391904206077,18.9704337974335
"BARLINDHAUG AS",3137942,69.6657098020478,18.9169391577303
"BARLINDHAUG AS",3137943,69.6655192948811,18.9166198508338
"PARKGATA 30 AS",3145619,69.651441711547,18.9526666306304
"PARKGATA 30 AS",3146012,69.6515073051846,18.9517495187778
"VEKAS EIENDOM AS",3142185,69.7113224102009,19.0147180444289
"JN Bygg AS",3142326,69.698780745234,19.0147803230341
"JN Bygg AS",3457522,69.699046084818,19.0148849597437
"NORVAKT AS",3136840,69.6771477317585,18.931715983484
"NORVAKT AS",4098659,69.6770204542099,18.9313822428228
"NORVAKT AS",4098660,69.6771477317585,18.931715983484
"TROMSØ UTBYGGINGSSELSK AS",3146427,69.6490567965517,18.9524550225401
"TROMSØ UTBYGGINGSSELSK AS",4099803,69.6534463375071,18.9597780699696
"TROMSØ UTBYGGINGSSELSK AS",4099804,69.6534463375071,18.9597780699696
"TROMSØ UTBYGGINGSSELSK AS",4099805,69.6534463375071,18.9597780699696
"TROMSØ UTBYGGINGSSELSK AS",4099806,69.6534463375071,18.9597780699696
"TROMSØ UTBYGGINGSSELSK AS",4099807,69.6534463375071,18.9597780699696
"TROMSØ UTBYGGINGSSELSK AS",4099808,69.6534463375071,18.9597780699696
"TROMSØ UTBYGGINGSSELSK AS",4099810,69.6534463375071,18.9597780699696
"TROMSØ UTBYGGINGSSELSK AS",4099811,69.6534463375071,18.9597780699696
"TROMSØ UTBYGGINGSSELSK AS",4099812,69.6534463375071,18.9597780699696
"EIDE BYGG EIENDOM AS",3131036,69.6634366245329,18.7541444212426
"EIDE BYGG EIENDOM AS",3133708,69.6746976896828,18.7576232455789
"EIDE BYGG EIENDOM AS",3133863,69.6758150352855,18.7462373480231
"EIDE BYGG EIENDOM AS",3348673,69.6762437607043,18.7583674648195
"EIDE BYGG EIENDOM AS",3348674,69.6762802291868,18.7589294915751
"EIDE BYGG EIENDOM AS",3348675,69.6763228918812,18.7594538581837
"EIDE BYGG EIENDOM AS",3348676,69.6763482079815,18.759949311454
"EIDE BYGG EIENDOM AS",3348678,69.6757506286359,18.75891314612
"EIDE BYGG EIENDOM AS",3348679,69.6759549111714,18.7594403086948
"EIDE BYGG EIENDOM AS",3348681,69.6760468500473,18.7601801240237
"EIDE BYGG EIENDOM AS",3348690,69.6755022349678,18.7604453177628
"EIDE BYGG EIENDOM AS",3348692,69.6752022819527,18.759772001726
"EIDE BYGG EIENDOM AS",3348695,69.6751660625596,18.7602048417623
"EIDE BYGG EIENDOM AS",3348698,69.6751462067196,18.7611315201962
"EIDE BYGG EIENDOM AS",3348699,69.6748873132964,18.7593802674769
"EIDE BYGG EIENDOM AS",3348701,69.6748640283844,18.7600479409277
"EIDE BYGG EIENDOM AS",3348702,69.6748770854198,18.7606962186212
"EIDE BYGG EIENDOM AS",3348703,69.6748906917079,18.7613187563283
"EIDE BYGG EIENDOM AS",3348704,69.6755426137171,18.7589796362532
"EIDE BYGG EIENDOM AS",4192307,69.6755680569231,18.7598885225383
"EIDE BYGG EIENDOM AS",4192308,69.6755313816626,18.7599233636845
"EIDE BYGG EIENDOM AS",4273439,69.675428969657,18.7568200142904
"EIDE BYGG EIENDOM AS",4273440,69.6754683134148,18.7569122525886
"EIDE BYGG EIENDOM AS",4273441,69.6755068235527,18.7564978951878
"EIDE BYGG EIENDOM AS",4273442,69.6755491274391,18.7565777378856
"EIDE BYGG EIENDOM AS",4273443,69.6755556835182,18.7562714119754
"EIDE BYGG EIENDOM AS",4273444,69.6755354881178,18.7562497477571
"EIDE BYGG EIENDOM AS",4273445,69.675616217612,18.7560030683842
"EIDE BYGG EIENDOM AS",4273446,69.6756046815801,18.755954514655
"EIDE BYGG EIENDOM AS",4340624,69.6746976896828,18.7576232455789
"EIDE BYGG EIENDOM AS",4340625,69.6747170349042,18.7574328859094
"EIDE BYGG EIENDOM AS",4340643,69.6746620137969,18.7579889951738
"EIDE BYGG EIENDOM AS",4340644,69.6746802441346,18.7578087738587
"Akvaplan Niva AS",3133147,69.7553434027557,19.0319001880317
"POMOR NORDIC TRADE AS",3135357,69.7050906183799,18.9869565300786
"TOLLBOD STRANDEN AS",4241036,69.6525028000224,18.9645587614718
"TOLLBOD STRANDEN AS",4241037,69.6522528903938,18.9644862811965
"TOLLBOD STRANDEN AS",4241038,69.6525028000224,18.9645587614718
"TOLLBOD STRANDEN AS",4241039,69.6525028000224,18.9645587614718
"TOLLBOD STRANDEN AS",4241040,69.6523495408646,18.9645817485099
"TOLLBOD STRANDEN AS",4241041,69.6523769605042,18.9645610526584
"TOLLBOD STRANDEN AS",4241042,69.6524199470347,18.96464652717
"TOLLBOD STRANDEN AS",4241043,69.6522338355506,18.9645343546146
"TOLLBOD STRANDEN AS",4241044,69.6522338355506,18.9645343546146
"TOLLBOD STRANDEN AS",4241045,69.6522338355506,18.9645343546146
"TOLLBOD STRANDEN AS",4241046,69.6525039499355,18.9645073171082
"TOLLBOD STRANDEN AS",4241047,69.652350703511,18.9645303339454
"TOLLBOD STRANDEN AS",4241048,69.6523781231447,18.9645096380264
"TOLLBOD STRANDEN AS",4241049,69.6524211097006,18.9645951124394
"TOLLBOD STRANDEN AS",4241050,69.6522338355506,18.9645343546146
"TOLLBOD STRANDEN AS",4241051,69.6522338355506,18.9645343546146
"TOLLBOD STRANDEN AS",4241052,69.6522338355506,18.9645343546146
"TOLLBOD STRANDEN AS",4241053,69.6525051125612,18.9644559021658
"TOLLBOD STRANDEN AS",4241054,69.6523518661423,18.964478919375
"TOLLBOD STRANDEN AS",4241055,69.6523792857702,18.9644582233884
"TOLLBOD STRANDEN AS",4241056,69.6524222723514,18.9645436977028
"TOLLBOD STRANDEN AS",4241057,69.6522338355506,18.9645343546146
"TOLLBOD STRANDEN AS",4241058,69.6522338355506,18.9645343546146
"TOLLBOD STRANDEN AS",4241059,69.6522338355506,18.9645343546146
"TOLLBOD STRANDEN AS",4241060,69.6522338355506,18.9645343546146
"TOLLBOD STRANDEN AS",4241061,69.6522338355506,18.9645343546146
"TOLLBOD STRANDEN AS",4241062,69.6522338355506,18.9645343546146
"TOLLBOD STRANDEN AS",4241063,69.6522338355506,18.9645343546146
"TOLLBOD STRANDEN AS",4241064,69.6522338355506,18.9645343546146
"Storg 52 AS",3136722,69.6760576877055,18.9302475539332
"Storg 52 AS",3136829,69.6753417135065,18.9301665453522
"Storg 52 AS",4099795,69.6485804230848,18.9544570510624
"Polar Hotell & Restaurantdrift AS",3146136,69.6476261555541,18.953350209764
"NorMat AS",3139602,69.670094831823,18.9644877360505
"NorMat AS",3139872,69.6697338557012,18.9641619007748
"NorMat AS",3141509,69.6701831299253,18.9645559141745
"ØRNEVEGEN 7 AS",3137012,69.6789942079841,18.9351084261427
"Klipperiet AS",3145154,69.652489158055,18.9568114417374
"Johannessen Brødrene AS",4211904,69.6544264532772,18.9633172320731
"Johannessen Brødrene AS",4211905,69.6544533043612,18.9633222719206
"Johannessen Brødrene AS",4211907,69.6544264532772,18.9633172320731
"Johannessen Brødrene AS",4211908,69.6547936087266,18.9629727038717
"Johannessen Brødrene AS",4211909,69.6544533043612,18.9633222719206
"Johannessen Brødrene AS",4211910,69.6548161496531,18.9627703614217
"Johannessen Brødrene AS",4211911,69.6548493795794,18.9624925573008
"Johannessen Brødrene AS",4211923,69.6547936087266,18.9629727038717
"Manfjord AS",3137531,69.6429442191873,18.916198882971
"SENTRUMSGÅRDEN TROMSØ AS",3145125,69.649523394745,18.9539537921
"SENTRUMSGÅRDEN TROMSØ AS",4099537,69.6496817186269,18.9542233265811
"SENTRUMSGÅRDEN TROMSØ AS",4099538,69.6497112404328,18.9539500502286
"SENTRUMSGÅRDEN TROMSØ AS",4150983,69.649523394745,18.9539537921
"SENTRUMSGÅRDEN TROMSØ AS",4150984,69.6497428250795,18.9538242879766
"SENTRUMSGÅRDEN TROMSØ AS",4150985,69.6497719984458,18.9535664329754
"SENTRUMSGÅRDEN TROMSØ AS",4150986,69.649523394745,18.9539537921
"SENTRUMSGÅRDEN TROMSØ AS",4150987,69.649523394745,18.9539537921
"JM HANSEN HOLDING AS",3138507,69.6644742842728,18.9601234936593
"JM HANSEN HOLDING AS",3146439,69.6496022043222,18.9515343746829
"JM HANSEN HOLDING AS",3146834,69.6487726826801,18.9538991939015
"ØRNFLØY FISKEOPPDRETT AS",3143782,69.6202029841714,18.0574960502387
"ØRNFLØY FISKEOPPDRETT AS",3277766,69.6200498799903,18.0570104405043
"Alfheim Stadion AS",4099331,69.6496736745691,18.9350176209818
"Storg 85 AS",3146179,69.6511516806882,18.9579561705872
"Fredheim Bjarne AS",3142391,69.6984659353459,19.0123584236002
"NORDØYA INVEST AS",3146673,69.6560914617571,18.9500467004558
"NORDØYA INVEST AS",3146675,69.6559060556417,18.9502213412111
"NORDØYA INVEST AS",3146676,69.6558951911799,18.9500256710145
"NORDØYA INVEST AS",3146678,69.6558753346626,18.9496708273694
"NORDØYA INVEST AS",3146682,69.6560737293978,18.950913535659
"NORDØYA INVEST AS",3146683,69.655993715583,18.9507566339851
"MACK EIENDOM AS",3141422,69.6373953655854,18.9184782025769
"MACK EIENDOM AS",3141430,69.6366914405203,18.9210311611949
"MACK EIENDOM AS",3141431,69.6366501568601,18.9208687693245
"MACK EIENDOM AS",3142389,69.698055948784,19.0153596016008
"MACK EIENDOM AS",3145503,69.6460814243451,18.9481075669653
"MACK EIENDOM AS",3286658,69.6375969475007,18.9199084046629
"MACK EIENDOM AS",3411614,69.6372270134687,18.9203818885958
"MACK EIENDOM AS",3456493,69.6370410540683,18.920502358513
"MACK EIENDOM AS",3456495,69.6372998085425,18.9211434177287
"MACK EIENDOM AS",4142654,69.646064937813,18.948878709791
"MACK EIENDOM AS",4173673,69.6463451221301,18.9496018427397
"MACK EIENDOM AS",4173674,69.6461832500688,18.9492104295422
"MACK EIENDOM AS",4173675,69.6461832500688,18.9492104295422
"MACK EIENDOM AS",4187734,69.6460729464476,18.9480053405621
"MACK EIENDOM AS",4187735,69.6460814243451,18.9481075669653
"MACK EIENDOM AS",234580065,69.6462781719991,18.9493829009723
"MACK EIENDOM AS",234580069,69.6462781719991,18.9493829009723
"Kristiansen Stig Maskinentrepr AS",4099430,69.6973600997808,19.0116056233092
"Kristiansen Stig Maskinentrepr AS",4099431,69.6973600997808,19.0116056233092
"Kristiansen Stig Maskinentrepr AS",4099432,69.6973600997808,19.0116056233092
"TROMSEIENDOM AS",4098709,69.6731819368398,18.9347018360651
"Berner Invest AS",4151275,69.649340181198,18.9820111276277
"Berner Invest AS",4151276,69.6493664350837,18.9820418634079
"Berner Invest AS",4151277,69.6492991552866,18.9822357744079
"Berner Invest AS",4151278,69.6493516629728,18.9822972464769
"Berner Invest AS",4151279,69.6493516629728,18.9822972464769
"Berner Invest AS",4151280,69.6492991552866,18.9822357744079
"Berner Invest AS",4151281,69.6493516629728,18.9822972464769
"Berner Invest AS",4151282,69.6493516629728,18.9822972464769
"Berner Invest AS",4151283,69.6494146678472,18.9818960321032
"Berner Invest AS",4151284,69.6494360627271,18.9817451677978
"Berner Invest AS",4151285,69.6494669872064,18.9815702773026
"Berner Invest AS",4151286,69.6493573008948,18.9816529614738
"Berner Invest AS",4151287,69.6493399928623,18.9816239035692
"Berner Invest AS",4183323,69.656338152177,18.9630028492228
"Berner Invest AS",4183324,69.656338152177,18.9630028492228
"Berner Invest AS",4183325,69.656338152177,18.9630028492228
"Berner Invest AS",4183326,69.656338152177,18.9630028492228
"Berner Invest AS",4183327,69.656338152177,18.9630028492228
"Berner Invest AS",4183328,69.656338152177,18.9630028492228
"Berner Invest AS",4183329,69.656338152177,18.9630028492228
"Berner Invest AS",4183330,69.656338152177,18.9630028492228
"Berner Invest AS",4242871,69.6564521272171,18.9631274108131
"Berner Invest AS",4242872,69.6564521272171,18.9631274108131
"Berner Invest AS",4242873,69.6564521272171,18.9631274108131
"Berner Invest AS",4242874,69.6564521272171,18.9631274108131
"Berner Invest AS",4242875,69.6564521272171,18.9631274108131
"Berner Invest AS",4242876,69.6564521272171,18.9631274108131
"Berner Invest AS",4242877,69.6564521272171,18.9631274108131
"Berner Invest AS",4242878,69.6564521272171,18.9631274108131
"Tromsø Billakkering AS",3134999,69.6906076003171,18.9275928789688
"HAGAV 44 AS",4099021,69.6450111424278,18.926205557194
"HAGAV 44 AS",4099022,69.6450111424278,18.926205557194
"HAGAV 44 AS",4099023,69.6450111424278,18.926205557194
"HAGAV 44 AS",4099024,69.6450111424278,18.926205557194
"NORDING AS",3128740,69.6282003477847,18.957215650671
"NORDING AS",3128741,69.6280785328599,18.9569609006316
"NORDING AS",3128742,69.6279913422363,18.9567641697559
"NORDING AS",3128743,69.6279470991504,18.9575295164631
"NORDING AS",3128744,69.6281213814647,18.9577682496092
"NORDING AS",3137911,69.6642920358488,18.9152568377688
"NORDING AS",3139154,69.6397697219479,18.9267849582854
"Tromsø Kapitalmegling AS",4099995,69.6465395367315,18.9385662411035
"Norrøna Barnehage AS",3137416,69.6631740613142,18.9182532210097
"STORGATA 69 AS",3146164,69.6498805949123,18.9565576825995
"Sjølund AS",3137034,69.6651344429681,18.9108377590181
"TRELAG AS",3145164,69.6541033373398,18.9585322668902
"TRELAG AS",4100001,69.6541729836835,18.9582328565548
"TRELAG AS",4100002,69.6541458789719,18.9582794387275
"Solberg Pettersen AS",3133619,69.6868448406266,18.7316953181651
"JACOBS AS",3146150,69.6481111609077,18.9545503441332
"NORDWIK INVEST AS",4110929,69.6292554670421,18.9153016754473
"NORDWIK INVEST AS",4110930,69.6292554670421,18.9153016754473
"Normaid AS",3128187,69.6378220408398,18.9697653297198
"Normaid AS",3129194,69.5699404901965,19.1883116705182
"Normaid AS",3142226,69.6968507919469,19.0114832883842
"Normaid AS",283551165,69.5703729400675,19.1868404661758
"Normaid AS",283551166,69.5705883388887,19.1874512261672
"Normaid AS",283553334,69.5711178175451,19.1886793100885
"Normaid AS",529609391,69.6630861376378,18.9246371321748
"Normaid AS",730163677,69.6968507919469,19.0114832883842
"Normaid AS",730163680,69.6968507919469,19.0114832883842
"Normaid AS",730163683,69.6968507919469,19.0114832883842
"TROMSØ EIENDOMSHJELP AS",4099931,69.650447393878,18.958909055951
"MATSERVICE EIENDOM AS",4179926,69.6435558964317,18.9442061383894
"MATSERVICE EIENDOM AS",4179927,69.6435558964317,18.9442061383894
"MATSERVICE EIENDOM AS",4179928,69.6435558964317,18.9442061383894
"MATSERVICE EIENDOM AS",4179929,69.6435558964317,18.9442061383894
"MATSERVICE EIENDOM AS",4179930,69.6435558964317,18.9442061383894
"Maskinsalg AS",4099374,69.6804322030574,18.9899962871055
"Nystad Per AS",3138090,69.6702146005997,18.9340221980401
"Nystad Per AS",4098882,69.6704593307775,18.9343259580213
"Nystad Per AS",4098883,69.6703889133951,18.9342612230618
"Nystad Per AS",4098884,69.6703285962827,18.934146687882
"Nystad Per AS",4098885,69.6702760716603,18.9340852724155
"Nystad Per AS",4098886,69.6702146005997,18.9340221980401
"Nystad Per AS",4098887,69.6700512657534,18.9336948115944
"Nystad Per AS",4098888,69.6699929976447,18.9336090801101
"Nystad Per AS",4098889,69.6699485822893,18.9335465870986
"Nystad Per AS",4098890,69.6698475042977,18.9335665713062
"Nystad Per AS",4098891,69.6700143481146,18.9332177396331
"Nystad Per AS",4098892,69.6700504197253,18.9330513227422
"Nystad Per AS",4098893,69.6700847018943,18.9328845735386
"Nystad Per AS",4098894,69.6701268626751,18.9327270355192
"Nystad Per AS",4098895,69.6701865839098,18.9324667947811
"Nystad Per AS",4098896,69.6702267024143,18.9326809268335
"Nystad Per AS",4098897,69.6702578742273,18.9328934009465
"Nystad Per AS",4098898,69.6702950314256,18.9330398364838
"Nystad Per AS",4098899,69.6703408349126,18.9332808619533
"Nystad Per AS",4168816,69.6178191553005,18.9413408011815
"LUNDBLAD MEDIA AS",3142231,69.6939395859725,19.0118114984175
"LUNDBLAD MEDIA AS",3142314,69.6943770012939,19.0127997242403
"PIPETECH INTERNATIONAL AS",4099717,69.6477666140891,18.9511050789206
"TYR EIENDOM AS",3125611,69.6616865478904,19.0192473513334
"TYR EIENDOM AS",3138756,69.6293688888577,18.917300412002
"TYR EIENDOM AS",4097942,69.6619019546047,19.0197272398933
"TYR EIENDOM AS",4097943,69.6619019546047,19.0197272398933
"TYR EIENDOM AS",4097944,69.6619019546047,19.0197272398933
"TYR EIENDOM AS",4097945,69.6619019546047,19.0197272398933
"TYR EIENDOM AS",4097946,69.6619019546047,19.0197272398933
"TYR EIENDOM AS",4097947,69.6619019546047,19.0197272398933
"TYR EIENDOM AS",4097948,69.6619019546047,19.0197272398933
"TYR EIENDOM AS",4097949,69.6619019546047,19.0197272398933
"TYR EIENDOM AS",4097950,69.6619019546047,19.0197272398933
"TYR EIENDOM AS",268904754,69.6615417771004,19.0197623258466
"TYR EIENDOM AS",268904755,69.6615417771004,19.0197623258466
"Slepebåtene AS",3128516,69.626280796282,18.9545378244754
"Slepebåtene AS",3130715,69.6317830439528,18.7345317698288
"Sol I Nord AS",3127778,69.6461915810472,18.9833822866291
"BILTREND TROMSØ AS",3142224,69.6941388305246,19.0082794736106
"BILTREND TROMSØ AS",4110215,69.6941388305246,19.0082794736106
"BILTREND TROMSØ AS",4335013,69.6553760387867,18.9626425018653
"NYE BOBBO AS",3141722,69.6618331269675,18.9655269941187
"NYE BOBBO AS",4142328,69.6618331269675,18.9655269941187
"NYE BOBBO AS",4142329,69.6618331269675,18.9655269941187
"NYE BOBBO AS",4142330,69.6618331269675,18.9655269941187
"Tromsø Engineering AS",4099276,69.6631793765273,18.9620075225992
"SEA FRONT AS",3126886,69.6429033612532,18.9833849848914
"SJØ OG MOTOR AS",3142405,69.6932755230741,19.012642813418
"Alkev 1 AS",3136714,69.6768220257142,18.9221835286553
"Alkev 1 AS",3145472,69.6460502232011,18.9439467212007
"Alkev 1 AS",3145842,69.6559000286158,18.9613202109689
"Alkev 1 AS",3145887,69.6558326541321,18.9618369481843
"Alkev 1 AS",3145975,69.6551727089683,18.9636889550141
"Alkev 1 AS",4100015,69.6526638308395,18.9440754608719
"Alkev 1 AS",4100016,69.6526845572459,18.9439528138698
"Alkev 1 AS",4107855,69.6467065911243,18.9542888157876
"Polarleie AS",3138531,69.6508960582863,18.9302647597503
"Polarleie AS",302281632,69.6541915496611,18.9613886906048
"Polarleie AS",302281633,69.6541915496611,18.9613886906048
"Polarleie AS",302281634,69.6541915496611,18.9613886906048
"Polarleie AS",302281635,69.6541915496611,18.9613886906048
"Polarleie AS",302281636,69.6541915496611,18.9613886906048
"Polarleie AS",302281637,69.6541915496611,18.9613886906048
"Polarleie AS",302281638,69.6541915496611,18.9613886906048
"Polarleie AS",302281639,69.6541915496611,18.9613886906048
"Polarleie AS",302281640,69.6541915496611,18.9613886906048
"Polarleie AS",302281641,69.6541915496611,18.9613886906048
"MULTI NOR AS",3136869,69.6727170162493,18.9358042206925
"ENERGIPROSJEKT AS",3144604,69.6307186435579,18.0392416547327
"Anco Eiendom AS",4099760,69.6562643486854,18.9642800719807
"STORG 4 AS",3146844,69.6459211105836,18.9504778792242
"Øyelegesenteret Eiendom AS",4097927,69.6508606534787,19.0075431159238
"Øyelegesenteret Eiendom AS",4097928,69.6508606534787,19.0075431159238
"FALSTAD NEDRE AS",3135627,69.6964244469801,18.9685978356599
"FALSTAD NEDRE AS",3135629,69.6963148375305,18.9678426064215
"HERMANSEN EIENDOM AS",3130868,69.6602764749703,18.8215782990534
"HERMANSEN EIENDOM AS",3141858,69.6801312169097,18.9890090303218
"HERMANSEN EIENDOM AS",3146204,69.6537398252367,18.9607054384001
"HERMANSEN EIENDOM AS",3146208,69.6539647584853,18.9610881957988
"BALSFJORDGATA 2 AS",3144739,69.6437289104349,18.9434641174144
"TA Holding AS",3128572,69.6099950097338,18.9437047518016
"TA Holding AS",3142180,69.6921629020583,19.0074659222373
"TA Holding AS",384985035,69.5994620301224,18.9357460754512
"NT ENTREPRENØR AS",3321149,69.6648629694843,19.0214222721439
"Handelshuset Ema AS",3145688,69.6509990387894,18.9487895889315
"MODERNE BYGG ENTREPRENØR AS",4157977,69.6409654584446,18.9175111672845
"MODERNE BYGG ENTREPRENØR AS",4157978,69.6408517931324,18.9177740437342
"MODERNE BYGG ENTREPRENØR AS",4157979,69.6409654584446,18.9175111672845
"MODERNE BYGG ENTREPRENØR AS",4215613,69.6409654584446,18.9175111672845
"Jahpron Nordic AS",4099063,69.6661027756931,18.9642325853742
"TROMSØBRYGGEN AS",4099941,69.6506808130765,18.9593139667136
"TROMSØBRYGGEN AS",4099942,69.6506808130765,18.9593139667136
"TROMSØBRYGGEN AS",4099943,69.6506808130765,18.9593139667136
"ARCTIC BYGG AS",3124708,69.7721549314818,19.2488865216381
"NORD FORSIKRINGSMEGLING AS",3144928,69.655751128777,18.9567739541574
"BLÅ ROCK EIENDOM AS",3124619,69.775435611981,19.3443576211694
"BLÅ ROCK EIENDOM AS",3144926,69.6552622327142,18.9569410215996
"BLÅ ROCK EIENDOM AS",3144981,69.6469314990686,18.9534789939163
"BLÅ ROCK EIENDOM AS",3146131,69.6469996699358,18.9531251951948
"BLÅ ROCK EIENDOM AS",3146278,69.6469595409224,18.9538687683377
"BLÅ ROCK EIENDOM AS",3146279,69.6469681142893,18.9538471362878
"BLÅ ROCK EIENDOM AS",3146888,69.6469701823555,18.9533571496329
"Tind Konsult AS",3127439,69.6463823330618,18.9844762339508
"Tind Konsult AS",3137985,69.6703289438598,18.9213704658774
"Tind Konsult AS",3139420,69.6686348294101,18.9694595259102
"Tind Konsult AS",3141952,69.6831497376102,18.9957303651857
"Tind Konsult AS",3142329,69.6860761449573,19.0041170012404
"Tind Konsult AS",4098066,69.6444708255227,18.9918855064761
"Tind Konsult AS",4098106,69.6473362861673,18.9828226876834
"Tind Konsult AS",4118124,69.6599755583809,18.9666261152744
"Tind Konsult AS",4118125,69.6599755583809,18.9666261152744
"Tind Konsult AS",4166556,69.6572839518032,18.9660714767862
"Tind Konsult AS",4176395,69.6342167468058,17.9886626148186
"Tind Konsult AS",234599968,69.6399127672965,18.9436975173322
"Tind Konsult AS",234617002,69.639292709801,18.9403910370578
"E.ELDE EIENDOM AS",4099253,69.674995878967,18.9648302498917
"E.ELDE EIENDOM AS",4099254,69.674995878967,18.9648302498917
"E.ELDE EIENDOM AS",4099255,69.674995878967,18.9648302498917
"E.ELDE EIENDOM AS",4099256,69.674995878967,18.9648302498917
"EIDKJOSEN INDUSTRIPARK AS",3131069,69.6729986506196,18.7460499752074
"JMS MASKIN AS",3129701,69.5112132257194,19.0111915109567
"Tromsø Bygg Service AS",3142263,69.687244363263,19.0041050009486
"Tromsø Bygg Service AS",3142439,69.6871949370146,19.0043025355608
"Tromsø Bygg Service AS",4176882,69.6590203041484,18.9568152824027
"Tromsø Bygg Service AS",4176883,69.6590203041484,18.9568152824027
"Tromsø Bygg Service AS",4176884,69.6590203041484,18.9568152824027
"Tromsø Bygg Service AS",4321412,69.6321955696135,18.9210941382933
"Tromsø Bygg Service AS",4321413,69.6322283917074,18.9211930384773
"IVERSEN ANTON VEI 7   9   11 AS",3145267,69.6583115715591,18.9563732853177
"JENSEN T E AS",4099583,69.6543127144602,18.9500849395434
"JENSEN T E AS",4099675,69.6508495213223,18.9526338355546
"AKTEIN AS",3135376,69.7044618489791,18.9835850317969
"AKTEIN AS",4125901,69.7044618489791,18.9835850317969
"AKTEIN AS",4125902,69.7044618489791,18.9835850317969
"AKTEIN AS",4125903,69.7044618489791,18.9835850317969
"MARIA AS",3143716,69.5976530111872,18.0331869528764
"TATAMI AS",3136867,69.6739787036915,18.9396303380696
"TATAMI AS",3145306,69.6478747870084,18.9478989494563
"TATAMI AS",3291047,69.6650089887846,18.926186152023
"TATAMI AS",3302201,69.6655807056479,18.9275344177325
"TATAMI AS",3309874,69.6480735470006,18.9482482022437
"TATAMI AS",4099663,69.6506137684197,18.9523318167625
"TATAMI AS",4100055,69.6483797199748,18.9494124009913
"TATAMI AS",4189801,69.6484446769769,18.9502375193826
"HARILA TROMS AS",3142294,69.6961245553079,19.0137775554956
"TES Eiendom AS",3142396,69.6923905030312,19.0124493198625
"TES Eiendom AS",3459374,69.6922805643644,19.0137217789957
"TES Eiendom AS",234456557,69.665973252845,19.0302379889206
"Dagenborg AS",3142325,69.6990727912693,19.015681766038
"NAUTIC AS",4098482,69.7001180896113,18.9764467889882
"Johnsen J A AS",3141106,69.6456648999321,18.9279006192255
"Johnsen J A AS",274580696,69.6458940533911,18.9280978394235
"Johnsen J A AS",274580697,69.6458727045455,18.9282487337918
"Johnsen J A AS",274580698,69.6458839549557,18.9281475860517
"Johnsen J A AS",274580699,69.6458045883468,18.9280812938439
"Johnsen J A AS",274580700,69.6457436906694,18.9279926107427
"Johnsen J A AS",274580701,69.645722341917,18.9281435041557
"Johnsen J A AS",274580702,69.6457341682161,18.9280166566544
"Johnsen J A AS",274580703,69.6456648999321,18.9279006192255
"STORELVA D8 AS",3131388,69.6846334690241,18.7890274040096
"STORELVA D8 AS",3131389,69.684679875871,18.7889581456405
"STORELVA D8 AS",3131390,69.6847268384072,18.7888631351351
"STORELVA D8 AS",3131391,69.6847732451909,18.7887938761053
"STORELVA D8 AS",3131392,69.6850400159758,18.7889191124191
"STORELVA D8 AS",3131393,69.6850433502479,18.7887645991078
"STORELVA D8 AS",3131394,69.685038292127,18.7885827342775
"STORELVA D8 AS",3131395,69.6850416261035,18.7884282209187
"STORELVA D8 AS",3131396,69.6850449599443,18.788273707508
"STORELVA D8 AS",3131397,69.6850516272188,18.7879646805311
"STORELVA D8 AS",3131398,69.685046012711,18.7878085680556
"STORELVA D8 AS",3131399,69.6850409536001,18.7876267034062
"STORELVA D8 AS",3131400,69.6850442867366,18.7874721898573
"STORELVA D8 AS",3131401,69.6850565676839,18.7873192749591
"STORELVA D8 AS",3131402,69.684780231419,18.786804582109
"STORELVA D8 AS",3131403,69.684826637405,18.7867353183857
"STORELVA D8 AS",3131404,69.6848819913179,18.7866676527741
"STORELVA D8 AS",3131405,69.6849283972513,18.7865983884232
"STORELVA D8 AS",3131406,69.6849748031581,18.7865291237711
"STORELVA D8 AS",3131407,69.6850301569939,18.7864614571566
"STORELVA D8 AS",3131455,69.6843016204338,18.7870473876952
"STORELVA D8 AS",3131457,69.6843759995092,18.7870555052013
"STORELVA D8 AS",3131458,69.6844163763739,18.7870575483155
"STORELVA D8 AS",3131459,69.6844703417979,18.787054263781
"STORELVA D8 AS",3131460,69.6845295649018,18.7870570886902
"STORELVA D8 AS",3131461,69.6845750883556,18.7870703916429
"STORELVA D8 AS",3131462,69.6846629448971,18.7870783320285
"STORELVA D8 AS",3131470,69.6843202347183,18.788557805566
"STORELVA D8 AS",3131471,69.6842894438286,18.7883196470927
"STORELVA D8 AS",3131472,69.6842497046744,18.7880798903483
"STORELVA D8 AS",3131473,69.6842183575678,18.7878674845963
"STORELVA D8 AS",3131474,69.6840057694563,18.7873124936214
"STORELVA D8 AS",3131475,69.684088522902,18.7872238767431
"STORELVA D8 AS",3131476,69.6841891722033,18.787138456283
"Norrøna Eiendom AS",3137030,69.6698314703921,18.9166151016583
"Norrøna Eiendom AS",3137475,69.6696613951639,18.9157827920182
"Norrøna Eiendom AS",3137884,69.6637392922475,18.9147855032234
"Norrøna Eiendom AS",3137917,69.6663276039044,18.9162265986033
"Norrøna Eiendom AS",3137973,69.6690232235148,18.9206253167416
"Norrøna Eiendom AS",3138092,69.6666215679143,18.9247796367978
"Norrøna Eiendom AS",3138093,69.6667606832199,18.9249861986776
"Norrøna Eiendom AS",3138094,69.6669367355496,18.9251479318097
"Norrøna Eiendom AS",3138095,69.6670686307855,18.9252756650165
"Norrøna Eiendom AS",3138096,69.6672100480774,18.9253793286755
"Norrøna Eiendom AS",3138097,69.6673520409579,18.9254572670963
"Norrøna Eiendom AS",3138098,69.6674934581311,18.9255609333931
"Norrøna Eiendom AS",3138099,69.6677052959178,18.9257292989997
"Norrøna Eiendom AS",3138100,69.6678550837081,18.9258603516845
"Norrøna Eiendom AS",3138101,69.668004871393,18.9259914062422
"Norrøna Eiendom AS",3138102,69.6681552347249,18.9260967350791
"Norrøna Eiendom AS",3138103,69.6682954999455,18.9262518652037
"Norrøna Eiendom AS",3138104,69.6684363408161,18.9263812694721
"Norrøna Eiendom AS",3138105,69.6672727198893,18.9261917494536
"Norrøna Eiendom AS",3138106,69.6673705556518,18.926235688407
"Norrøna Eiendom AS",3138107,69.6674314538396,18.9263244583704
"Norrøna Eiendom AS",3138108,69.6675376602751,18.9263957808743
"Norrøna Eiendom AS",3138109,69.6676080806805,18.9264604808946
"Norrøna Eiendom AS",3138110,69.6676958182437,18.9265542200432
"Norrøna Eiendom AS",3138111,69.6677919264192,18.9266753430067
"Norrøna Eiendom AS",3138112,69.667907655039,18.9267225971895
"Norrøna Eiendom AS",3138113,69.6679512358279,18.926782331546
"Norrøna Eiendom AS",3138114,69.668066388555,18.9268553141522
"Norrøna Eiendom AS",3138115,69.6681457552723,18.9269216733879
"Norrøna Eiendom AS",3138116,69.6682251219624,18.9269880331265
"Norrøna Eiendom AS",3138117,69.6682955421329,18.9270527372575
"Norrøna Eiendom AS",3138118,69.6682144863041,18.9278644288723
"Norrøna Eiendom AS",3138119,69.6681284774376,18.9276934994518
"Norrøna Eiendom AS",3138120,69.6680473830808,18.927704319645
"Norrøna Eiendom AS",3138121,69.6679703205388,18.9275350485144
"Norrøna Eiendom AS",3138122,69.6678898021489,18.9275201420189
"Norrøna Eiendom AS",3138123,69.6677997613114,18.9275293065086
"Norrøna Eiendom AS",3138124,69.6675985995843,18.9272853977494
"Norrøna Eiendom AS",3138125,69.6675203848172,18.9271675853363
"Norrøna Eiendom AS",3138126,69.6674410181853,18.9271012271972
"Norrøna Eiendom AS",3138127,69.66735443267,18.9269560337531
"Norrøna Eiendom AS",3138128,69.6673024813012,18.9268689182578
"Norrøna Eiendom AS",3138129,69.6670216420459,18.9261711178746
"Norrøna Eiendom AS",3138130,69.6670493670715,18.9265379079255
"Norrøna Eiendom AS",3138131,69.6670765154612,18.9269304251794
"Norrøna Eiendom AS",3138132,69.6671085778829,18.9275046835591
"Norrøna Eiendom AS",3138133,69.6672499938123,18.9276083622296
"Norrøna Eiendom AS",3138134,69.6673807352191,18.9277875658181
"Norrøna Eiendom AS",3138135,69.6675025299512,18.9279651152045
"Norrøna Eiendom AS",3138136,69.667613649854,18.9282181907596
"Norrøna Eiendom AS",3138137,69.6677354441347,18.9283957445859
"Norrøna Eiendom AS",3138138,69.6678722505712,18.9287052497641
"Norrøna Eiendom AS",3138139,69.6681189904896,18.9285184358184
"Norrøna Eiendom AS",3138140,69.668038776707,18.9288910928575
"Norrøna Eiendom AS",3138141,69.6679747264205,18.9293442429284
"Norrøna Eiendom AS",3244820,69.664565480588,18.9227203917618
"Norrøna Eiendom AS",3254572,69.6642823237482,18.9221256287768
"Norrøna Eiendom AS",3254573,69.6642572095455,18.9220434987487
"Norrøna Eiendom AS",3254574,69.6641902381473,18.9218244862889
"Norrøna Eiendom AS",3254575,69.6641472306941,18.9217390499589
"Norrøna Eiendom AS",3254576,69.6642719703484,18.9225886430486
"Norrøna Eiendom AS",3254577,69.6642177158582,18.9226044427685
"Norrøna Eiendom AS",3254578,69.664101985999,18.9225572197138
"Norrøna Eiendom AS",3254579,69.6640399353974,18.9225199201089
"Norrøna Eiendom AS",3254580,69.6639230550945,18.9225241430997
"Norrøna Eiendom AS",3254581,69.6638688006088,18.9225399427475
"Norrøna Eiendom AS",3284143,69.6660806506562,18.9284768260319
"Norrøna Eiendom AS",3284144,69.6649995092838,18.9270109681152
"Norrøna Eiendom AS",3284145,69.6655299947516,18.9274320391931
"Norrøna Eiendom AS",3284146,69.6666876355422,18.9295734332341
"Norrøna Eiendom AS",3291046,69.664854595173,18.9262609039141
"Norrøna Eiendom AS",3291050,69.6654375789444,18.926704584112
"Norrøna Eiendom AS",3291051,69.6656554828612,18.9270032228018
"Norrøna Eiendom AS",3291052,69.6657862249564,18.9271824089781
"Norrøna Eiendom AS",3291053,69.6659097481341,18.9272827668362
"Norrøna Eiendom AS",3291054,69.6660399139846,18.9274876819026
"Norrøna Eiendom AS",3291055,69.6662179985386,18.9279597886591
"Norrøna Eiendom AS",3291056,69.6663464354165,18.9282418868996
"Norrøna Eiendom AS",3291057,69.6664474562927,18.928544744316
"Norrøna Eiendom AS",3291058,69.6665574231117,18.9288492613239
"Norrøna Eiendom AS",3291059,69.6667043276584,18.9291089574109
"Norrøna Eiendom AS",3291060,69.6668500793508,18.9294201089337
"Norrøna Eiendom AS",3298970,69.6653068776248,18.9273261631866
"Norrøna Eiendom AS",3298971,69.6652716675713,18.9272938152927
"Norrøna Eiendom AS",3298972,69.6652191404326,18.9272324316531
"Norrøna Eiendom AS",3298973,69.6651570908782,18.9271951163703
"Norrøna Eiendom AS",3298974,69.6651045637027,18.9271337333123
"Norrøna Eiendom AS",3298975,69.6650520365046,18.9270723505606
"Norrøna Eiendom AS",3301602,69.6661236547577,18.9285622837992
"Norrøna Eiendom AS",3301603,69.6661756052941,18.9286493985071
"Norrøna Eiendom AS",3301604,69.6662180331774,18.9287605821766
"Norrøna Eiendom AS",3301605,69.6662694074639,18.9288734229866
"Norrøna Eiendom AS",3301606,69.6663118352021,18.9289846075959
"Norrøna Eiendom AS",3301607,69.6663536866835,18.9291215179708
"Norrøna Eiendom AS",3301608,69.6667429033912,18.9296327515196
"Norrøna Eiendom AS",3301609,69.6667933522223,18.9297066770741
"Norrøna Eiendom AS",3302202,69.6656302607463,18.9276081685991
"Norrøna Eiendom AS",3302203,69.6656602524976,18.9277532086525
"Norrøna Eiendom AS",3302204,69.6657249858691,18.9277910233418
"Norrøna Eiendom AS",3302271,69.6657778314492,18.9278783001362
"Norrøna Eiendom AS",3302272,69.6658239536312,18.9279849977464
"Norrøna Eiendom AS",3302273,69.6658750098149,18.9280719441691
"Norrøna Eiendom AS",3302274,69.6659218807342,18.9281452004157
"Norrøna Eiendom AS",3362449,69.667001367066,18.9314889239508
"Norrøna Eiendom AS",3362450,69.6670639921889,18.9315005290268
"Norrøna Eiendom AS",3362451,69.667172800629,18.9318565225892
"Norrøna Eiendom AS",3362452,69.6672259026873,18.9318921971041
"Norrøna Eiendom AS",3362453,69.6672873745755,18.9319552562376
"Norrøna Eiendom AS",3362454,69.6673499996613,18.9319668628656
"Norrøna Eiendom AS",3362455,69.6674025250802,18.9320282644659
"Norrøna Eiendom AS",3362456,69.6674550504764,18.9320896663727
"Norrøna Eiendom AS",3362457,69.6675165222886,18.9321527267732
"Norrøna Eiendom AS",3362458,69.6675785707192,18.9321900608349
"Norrøna Eiendom AS",3362459,69.6676310960552,18.9322514636605
"Norrøna Eiendom AS",3367296,69.6661179513354,18.9304211135148
"Norrøna Eiendom AS",3367297,69.6657381387872,18.9297308033036
"Norrøna Eiendom AS",3367298,69.6652443239115,18.9289160851676
"Norrøna Eiendom AS",3367300,69.6658054328826,18.9319389090804
"Norrøna Eiendom AS",3369582,69.6678766863638,18.9321161472107
"Norrøna Eiendom AS",3369583,69.6678654333725,18.9322173972391
"Norrøna Eiendom AS",3369584,69.667878712957,18.9324265302995
"Norrøna Eiendom AS",3369585,69.6678573599637,18.9325775758635
"Norrøna Eiendom AS",3369586,69.6678135000976,18.9329311200151
"Norrøna Eiendom AS",3369587,69.6677921466731,18.9330821645985
"Norrøna Eiendom AS",3386595,69.6649822669919,18.9285834267726
"Norrøna Eiendom AS",3386596,69.6650347936512,18.9286448130419
"Norrøna Eiendom AS",3386597,69.6650878964075,18.9286804758168
"Norrøna Eiendom AS",3386598,69.665166686334,18.9287725561623
"Norrøna Eiendom AS",3386599,69.6652867516428,18.9290272644433
"Norrøna Eiendom AS",3386600,69.6653470722484,18.9291417576163
"Norrøna Eiendom AS",3386601,69.665406816572,18.9292819756119
"Norrøna Eiendom AS",3396934,69.6655649719491,18.9294404199095
"Norrøna Eiendom AS",3396935,69.6656252922757,18.9295549157689
"Norrøna Eiendom AS",3396936,69.665686188788,18.9296436877857
"Norrøna Eiendom AS",3396937,69.6657984589182,18.929845300929
"Norrøna Eiendom AS",3396938,69.665859355278,18.9299340745111
"Norrøna Eiendom AS",3396939,69.6659794188491,18.9301887977219
"Norrøna Eiendom AS",3397069,69.6660307922121,18.9303016406811
"Norrøna Eiendom AS",3397070,69.6662045339776,18.930566312432
"Norrøna Eiendom AS",3409815,69.667297705093,18.9298905135274
"Norrøna Eiendom AS",4098901,69.6638090982972,18.9232004279149
"Norrøna Eiendom AS",4098902,69.6637669835109,18.9234767576488
"Norrøna Eiendom AS",4098903,69.6637525424747,18.9233191151699
"Norrøna Eiendom AS",4098904,69.6637147709711,18.9238028765457
"Norrøna Eiendom AS",4098905,69.6637311973691,18.9234701408486
"Norrøna Eiendom AS",4098906,69.6636807110182,18.9237190924681
"Norrøna Eiendom AS",4098907,69.6636486927994,18.923945629492
"Norrøna Eiendom AS",4098908,69.6637009056005,18.923619511963
"Norrøna Eiendom AS",4098909,69.66366051638,18.9238186727829
"Norrøna Eiendom AS",4098910,69.6641127052631,18.9232823906376
"Norrøna Eiendom AS",4098911,69.6640783861356,18.92361182388
"Norrøna Eiendom AS",4098912,69.664066246593,18.9233512880913
"Norrøna Eiendom AS",4098913,69.664047518845,18.9237869199122
"Norrøna Eiendom AS",4098914,69.664020103851,18.9238076795036
"Norrøna Eiendom AS",4098915,69.6639944150475,18.9237512711593
"Norrøna Eiendom AS",4098916,69.664015500528,18.9240134607297
"Norrøna Eiendom AS",4098917,69.6639797144102,18.9240068429379
"Norrøna Eiendom AS",4098918,69.6639534502481,18.9239761570369
"Norrøna Eiendom AS",4117240,69.6658752270812,18.9244090685085
"Norrøna Eiendom AS",4117241,69.6658299189688,18.9244265194477
"Norrøna Eiendom AS",4117242,69.6657571957848,18.9244647306974
"Norrøna Eiendom AS",4117243,69.6658322209289,18.9243236201124
"Norrøna Eiendom AS",4117244,69.6657505512422,18.9243601769676
"Norrøna Eiendom AS",4117245,69.6656755260702,18.9245012868873
"Norrøna Eiendom AS",4117246,69.6656111738772,18.9245668769924
"Norrøna Eiendom AS",4117247,69.6655473971854,18.9246067422217
"Norrøna Eiendom AS",4117248,69.6657439066372,18.9242556233018
"Norrøna Eiendom AS",4117249,69.6656688815483,18.9243967335494
"Norrøna Eiendom AS",4117250,69.6656045293933,18.9244623239522
"Norrøna Eiendom AS",4117251,69.6655407527243,18.9245021894842
"Norrøna Eiendom AS",4117252,69.6656622369638,18.9242921802754
"Norrøna Eiendom AS",4117253,69.6655984603318,18.9243320464231
"Norrøna Eiendom AS",4117254,69.6655341082007,18.9243976368105
"Norrøna Eiendom AS",4117255,69.665373070769,18.9243678516027
"Norrøna Eiendom AS",4117256,69.665229926378,18.9243413762674
"Norrøna Eiendom AS",4117257,69.6653551777206,18.9243645421649
"Norrøna Eiendom AS",4117258,69.6652405993352,18.9242658586042
"Norrøna Eiendom AS",4117259,69.6653387495542,18.9246973025372
"Norrøna Eiendom AS",4117260,69.6652057027952,18.9246210317289
"Norrøna Eiendom AS",4117261,69.6653372846719,18.9243612327331
"Norrøna Eiendom AS",4117262,69.6652579169118,18.9242948920818
"Norrøna Eiendom AS",4117263,69.6653482716087,18.9246732331545
"Norrøna Eiendom AS",4117264,69.665216375872,18.9245455142951
"Norrøna Eiendom AS",4117265,69.6653193916232,18.9243579233073
"Norrøna Eiendom AS",4117266,69.6652478194273,18.9243446856635
"Norrøna Eiendom AS",4117267,69.6651271717965,18.9241157281459
"Norrøna Eiendom AS",4117268,69.6650001940595,18.9241697355074
"Norrøna Eiendom AS",4117269,69.6651343919574,18.9241945547339
"Norrøna Eiendom AS",4117270,69.6650019204133,18.9240925639976
"Norrøna Eiendom AS",4117271,69.6649776972347,18.9243722167574
"Norrøna Eiendom AS",4117272,69.6651254454311,18.9241929001084
"Norrøna Eiendom AS",4117273,69.6650192380204,18.9241215970035
"Norrøna Eiendom AS",4117274,69.6651101686116,18.9244742091137
"Norrøna Eiendom AS",4117275,69.6649759707583,18.9244493881533
"Norrøna Eiendom AS",4117276,69.6651075523784,18.9241895908619
"Norrøna Eiendom AS",4117277,69.6650371310748,18.9241249061771
"Norrøna Eiendom AS",4117278,69.6648957129579,18.9240212618236
"Norrøna Eiendom AS",4117279,69.6647626658823,18.9239449969039
"Norrøna Eiendom AS",4117280,69.6648694488045,18.9239905745529
"Norrøna Eiendom AS",4117281,69.6647889300444,18.9239756839608
"Norrøna Eiendom AS",4117282,69.6648714898966,18.9243009132722
"Norrøna Eiendom AS",4117283,69.6647384429472,18.9242246466946
"Norrøna Eiendom AS",4117284,69.6648431846455,18.9239598873588
"Norrøna Eiendom AS",4117285,69.664815194201,18.9240063710943
"Norrøna Eiendom AS",4117286,69.6648541723188,18.924271880326
"Norrøna Eiendom AS",4117287,69.6647736535856,18.9242569886802
"Norrøna Eiendom AS",4117288,69.66482790821,18.9242411928078
"Norrøna Eiendom AS",4117289,69.6647999176921,18.9242876761378
"Norrøna Eiendom AS",4117290,69.6648132068309,18.9244967742438
"Norrøna Eiendom AS",4117291,69.6647601031905,18.9244611223862
"Norrøna Eiendom AS",4117292,69.6646558829457,18.9238994197264
"Norrøna Eiendom AS",4117293,69.664523411212,18.9237974331997
"Norrøna Eiendom AS",4117294,69.6646385652994,18.923870387405
"Norrøna Eiendom AS",4117295,69.664549675402,18.9238281197216
"Norrøna Eiendom AS",4117296,69.6646221381016,18.9242031369701
"Norrøna Eiendom AS",4117297,69.66449803763,18.9241285264801
"Norrøna Eiendom AS",4117298,69.664621247648,18.9238413551311
"Norrøna Eiendom AS",4117299,69.6645759395865,18.9238588063202
"Norrøna Eiendom AS",4117300,69.6646042450481,18.924199827804
"Norrøna Eiendom AS",4117301,69.6645243017611,18.9241592133725
"Norrøna Eiendom AS",4117302,69.6645779809246,18.9241691407435
"Norrøna Eiendom AS",4117303,69.6645499904266,18.9242156236303
"Norrøna Eiendom AS",4117304,69.6645745281252,18.9243234806567
"Norrøna Eiendom AS",4132931,69.6665012698341,18.9257389765691
"Norrøna Eiendom AS",4132932,69.6661621420274,18.9252370888755
"Norrøna Eiendom AS",4132933,69.6664314248192,18.9256485568789
"Norrøna Eiendom AS",4132934,69.6665431238608,18.9258758818421
"Norrøna Eiendom AS",4132935,69.6665113677197,18.9256891807366
"Norrøna Eiendom AS",4132936,69.6664415226789,18.9255987611657
"Norrøna Eiendom AS",4132937,69.6664022825493,18.9257464927699
"Norrøna Eiendom AS",4132938,69.6665537974886,18.925800360314
"Norrøna Eiendom AS",4132939,69.6665214655915,18.9256393848565
"Norrøna Eiendom AS",4132940,69.6664516205247,18.9255489654049
"Norrøna Eiendom AS",4132941,69.6663849652229,18.9257174565267
"Norrøna Eiendom AS",4132942,69.6661794594357,18.9252661244197
"Norrøna Eiendom AS",4132943,69.6660839258292,18.9251192920738
"Norrøna Eiendom AS",4132944,69.6661950499439,18.9253723357495
"Norrøna Eiendom AS",4132945,69.6660940235374,18.9250694969157
"Norrøna Eiendom AS",4132946,69.6660547838563,18.9252172271082
"Norrøna Eiendom AS",4132947,69.6662057233524,18.9252968151961
"Norrøna Eiendom AS",4132948,69.6661728153778,18.9251615683692
"Norrøna Eiendom AS",4132949,69.6661041212318,18.9250197017101
"Norrøna Eiendom AS",4132950,69.6660374664392,18.9251881917766
"Norrøna Eiendom AS",4132951,69.6658259403695,18.9254073723377
"Norrøna Eiendom AS",4132952,69.6657387777655,18.925287921667
"Norrøna Eiendom AS",4132953,69.6658360381574,18.9253575779204
"Norrøna Eiendom AS",4132954,69.6657488755191,18.9252381273954
"Norrøna Eiendom AS",4132955,69.665712513844,18.925257231591
"Norrøna Eiendom AS",4132956,69.6658461359314,18.9253077834555
"Norrøna Eiendom AS",4132957,69.6657589732588,18.9251883330762
"Norrøna Eiendom AS",4132958,69.6657226115888,18.9252074373658
"Norrøna Eiendom AS",4146028,69.665195138096,18.9262980888984
"Norrøna Eiendom AS",4146029,69.665195138096,18.9262980888984
"Norrøna Eiendom AS",4146030,69.6653365548147,18.9264017498899
"Norrøna Eiendom AS",4146031,69.6653365548147,18.9264017498899
"Norrøna Eiendom AS",4172330,69.666069492429,18.9317811910392
"Norrøna Eiendom AS",4172331,69.6660241836328,18.9317986263817
"Norrøna Eiendom AS",4172332,69.6659699283913,18.9318144037432
"Norrøna Eiendom AS",4172333,69.6658972036777,18.9318525898945
"Norrøna Eiendom AS",4172334,69.6658429484313,18.9318683670319
"Norrøna Eiendom AS",4172335,69.6657976396267,18.9318858020145
"Norrøna Eiendom AS",4172336,69.6657344379343,18.9318999210754
"Norrøna Eiendom AS",4172337,69.6656796060882,18.9319414223994
"Norrøna Eiendom AS",4172338,69.6660683392709,18.9318326408244
"Norrøna Eiendom AS",4172339,69.6660689158518,18.9318069159325
"Norrøna Eiendom AS",4172340,69.6660236070533,18.9318243512196
"Norrøna Eiendom AS",4172341,69.6659693518096,18.931840128515
"Norrøna Eiendom AS",4172342,69.6658966270907,18.931878314577
"Norrøna Eiendom AS",4172343,69.6657970630352,18.9319115265755
"Norrøna Eiendom AS",4172344,69.6656790294891,18.9319671468158
"Norrøna Eiendom AS",4172345,69.6656342972766,18.9319588571007
"Norrøna Eiendom AS",4172346,69.6658960505,18.9319040392581
"Norrøna Eiendom AS",4172347,69.6658423718422,18.9318940916483
"Norrøna Eiendom AS",4172348,69.6656784528861,18.9319928712307
"Norrøna Eiendom AS",4172349,69.6656337206751,18.9319845814617
"Norrøna Eiendom AS",4172350,69.6658054328826,18.9319389090804
"Norrøna Eiendom AS",4172351,69.6656778762794,18.9320185956442
"Norrøna Eiendom AS",4172352,69.6656331440698,18.9320103058213
"Norrøna Eiendom AS",4172353,69.6654758350434,18.9316143798826
"Norrøna Eiendom AS",4172354,69.6653979324955,18.9316825765862
"Norrøna Eiendom AS",4172355,69.66532809058,18.9315921422172
"Norrøna Eiendom AS",4172356,69.6652964387201,18.9313615762241
"Norrøna Eiendom AS",4172357,69.6655268894091,18.931701333538
"Norrøna Eiendom AS",4172358,69.6654693717265,18.9316622611431
"Norrøna Eiendom AS",4172359,69.665287406842,18.9314038150652
"Norrøna Eiendom AS",4172360,69.6652325623256,18.9314452875343
"Norrøna Eiendom AS",4172361,69.6655162987863,18.9317329514305
"Norrøna Eiendom AS",4172362,69.6654648129983,18.9317053291052
"Norrøna Eiendom AS",4172363,69.6653627232675,18.9316502213483
"Norrøna Eiendom AS",4172364,69.6652770767418,18.9314638948628
"Norrøna Eiendom AS",4172365,69.6655108751776,18.931814605799
"Norrøna Eiendom AS",4172366,69.6654616976069,18.9317641631113
"Norrøna Eiendom AS",4172368,69.6653967793712,18.9317340247516
"Norrøna Eiendom AS",4172369,69.6661237476677,18.9317654135252
"Norrøna Eiendom AS",4172370,69.6658060094781,18.9319131845101
"Norrøna Eiendom AS",4178466,69.6666051056994,18.9311313112423
"Norrøna Eiendom AS",4178467,69.6666867767139,18.9310947790739
"Norrøna Eiendom AS",4178468,69.6666486849769,18.9311910508761
"Norrøna Eiendom AS",4178469,69.6666330980089,18.9310848330873
"Norrøna Eiendom AS",4178470,69.666640891501,18.9311379419624
"Norrøna Eiendom AS",4178471,69.666578266348,18.9311263382179
"Norrøna Eiendom AS",4178472,69.6665306516486,18.9312466772367
"Norrøna Eiendom AS",4178473,69.6665228581887,18.9311935685993
"Norrøna Eiendom AS",4178474,69.6664674500044,18.9312607986329
"Norrøna Eiendom AS",4178475,69.6664752434445,18.9313139071554
"Norrøna Eiendom AS",4178476,69.6664830368683,18.9313670157166
"Norrøna Eiendom AS",4178477,69.6664305112011,18.9313056184621
"Norrøna Eiendom AS",4178478,69.6664383046278,18.931358726908
"Norrøna Eiendom AS",4178479,69.6664460980384,18.9314118353925
"Norrøna Eiendom AS",4178480,69.66637567949,18.9313471226387
"Norrøna Eiendom AS",4178481,69.6663834729046,18.9314002309618
"Norrøna Eiendom AS",4178482,69.6662709267209,18.9316118641711
"Norrøna Eiendom AS",4178483,69.6663292176966,18.9314160095857
"Norrøna Eiendom AS",4178484,69.6663465340666,18.9314450503741
"Norrøna Eiendom AS",4178485,69.6662458170181,18.9315297152895
"Norrøna Eiendom AS",4178486,69.666671189688,18.9309885611631
"Norrøna Eiendom AS",4178487,69.6663107482771,18.9314384192413
"STORSTADGÅRDEN AS",4132900,69.6531027916475,18.9626570956599
"STORSTADGÅRDEN AS",4132901,69.6531027916475,18.9626570956599
"STORSTADGÅRDEN AS",4132902,69.6531027916475,18.9626570956599
"STORSTADGÅRDEN AS",4132903,69.6531027916475,18.9626570956599
"STORSTADGÅRDEN AS",4132904,69.6531027916475,18.9626570956599
"NORINNOVA AS",3141874,69.6816054315801,18.9877870528256
"NORINNOVA AS",3141877,69.6807612386079,18.9869819497906
"TROMS LAKS AS",3124570,69.775625511563,19.3673521117592
"Olsen Roar AS",234454282,69.6726402019802,19.0493361387819
"BLÅMANNSVIK AS",3134147,69.7750952561391,18.6347899556946
"TROMSØ ENTREPRENØR AS",3126128,69.6689292326322,19.0329699760286
"TROMSØ ENTREPRENØR AS",3137991,69.6582345787233,18.9265030311078
"TROMSØ ENTREPRENØR AS",3140972,69.6428858434308,18.9308444068707
"TROMSØ ENTREPRENØR AS",3141088,69.6609205855923,18.943843406715
"TROMSØ ENTREPRENØR AS",3141423,69.6608974879038,18.9440715460268
"TROMSØ ENTREPRENØR AS",3145690,69.6517978782323,18.9484218308517
"TROMSØ ENTREPRENØR AS",4097964,69.6638332905784,19.0236578028446
"TROMSØ ENTREPRENØR AS",4097965,69.6639024940551,19.0237742515298
"TROMSØ ENTREPRENØR AS",4098804,69.6582804052325,18.9264624463616
"TROMSØ ENTREPRENØR AS",4098805,69.6582345787233,18.9265030311078
"TROMSØ ENTREPRENØR AS",4098806,69.6584195323017,18.9263874760148
"TROMSØ ENTREPRENØR AS",4098807,69.6583698393232,18.9264402570653
"TROMSØ ENTREPRENØR AS",4099052,69.6364354688996,18.9304509123956
"TROMSØ ENTREPRENØR AS",4099053,69.6364354688996,18.9304509123956
"TROMSØ ENTREPRENØR AS",4099054,69.6364354688996,18.9304509123956
"TROMSØ ENTREPRENØR AS",4099055,69.6364354688996,18.9304509123956
"TROMSØ ENTREPRENØR AS",4099196,69.6428405346873,18.9308618264544
"TROMSØ ENTREPRENØR AS",4099197,69.6428858434308,18.9308444068707
"TROMSØ ENTREPRENØR AS",4099293,69.664018918581,18.9618284943728
"TROMSØ ENTREPRENØR AS",4099294,69.6640535411267,18.9618866189089
"TROMSØ ENTREPRENØR AS",4099309,69.642994353869,18.9308128783857
"TROMSØ ENTREPRENØR AS",4099310,69.6430581319094,18.9307730723773
"TROMSØ ENTREPRENØR AS",4099360,69.6620897051411,18.9617266206379
"TROMSØ ENTREPRENØR AS",4099361,69.6620897051411,18.9617266206379
"TROMSØ ENTREPRENØR AS",4099362,69.6622048428659,18.9617997713474
"TROMSØ ENTREPRENØR AS",4099363,69.6622048428659,18.9617997713474
"TROMSØ ENTREPRENØR AS",4099364,69.6623092915151,18.961948410862
"TROMSØ ENTREPRENØR AS",4099365,69.6623092915151,18.961948410862
"TROMSØ ENTREPRENØR AS",4099650,69.6486452125934,18.9495908305381
"TROMSØ ENTREPRENØR AS",4099651,69.6486452125934,18.9495908305381
"TROMSØ ENTREPRENØR AS",4099652,69.6486452125934,18.9495908305381
"TROMSØ ENTREPRENØR AS",4099653,69.6486452125934,18.9495908305381
"TROMSØ ENTREPRENØR AS",4099654,69.6486452125934,18.9495908305381
"TROMSØ ENTREPRENØR AS",4099655,69.6486452125934,18.9495908305381
"TROMSØ ENTREPRENØR AS",4099702,69.6517107312294,18.9483023665049
"TROMSØ ENTREPRENØR AS",4099703,69.6517978782323,18.9484218308517
"TROMSØ ENTREPRENØR AS",4099881,69.6522858948043,18.9550697354139
"TROMSØ ENTREPRENØR AS",4099882,69.6522858948043,18.9550697354139
"TROMSØ ENTREPRENØR AS",4099883,69.6522858948043,18.9550697354139
"TROMSØ ENTREPRENØR AS",4099884,69.6522858948043,18.9550697354139
"TROMSØ ENTREPRENØR AS",4099885,69.6522858948043,18.9550697354139
"TROMSØ ENTREPRENØR AS",4099886,69.6522858948043,18.9550697354139
"TROMSØ ENTREPRENØR AS",4099999,69.651553171716,18.9481181813629
"TROMSØ ENTREPRENØR AS",4100000,69.6516492651325,18.9482393076028
"AronMat AS",3265377,69.7294541132025,18.6406730939291
"AronMat AS",3265378,69.7292297125002,18.6411007061292
"ROTVOLD KJELL EIENDOM AS",3131515,69.6908603541769,18.8635559207466
"ROTVOLD KJELL EIENDOM AS",3131553,69.6923050039767,18.868526261057
"ROTVOLD KJELL EIENDOM AS",3349057,69.6839792230081,18.8254116086509
"IMERA AS",3137616,69.6469061220343,18.898660001788
"IMERA AS",3380654,69.646308754949,18.8978509848069
"NORPRODUKTER NORD NORGE AS",3143575,69.5534651236832,18.1124428931616
"TØNSVIKVEIEN 518 AS",3124973,69.7286577160076,19.0982562966256
"Norrønabygg AS",3137962,69.6639233259289,18.9116502746043
"STORGT 88 AS",3146183,69.6508331960041,18.9569416938803
"Madsen Roald AS",3143882,69.6260911340515,18.2282469692522
"Madsen Roald AS",3386121,69.6256291485062,18.2311478725462
"Madsen Roald AS",3386122,69.6255754063135,18.2304104870521
"Madsen Roald AS",3386123,69.6252153885812,18.2293380175914
"Madsen Roald AS",4291765,69.6547876875156,18.9620421237013
"Soldagen Barnehage AS",3142423,69.6977394731558,19.0063995546274
"VERVET EIENDOM AS",538646116,69.6534435659252,18.9655450964943
"VERVET EIENDOM AS",538646596,69.6534435659252,18.9655450964943
"VERVET EIENDOM AS",538647146,69.6533818908286,18.9662461290134
"VERVET EIENDOM AS",538647796,69.6534435659252,18.9655450964943
"VERVET EIENDOM AS",538647966,69.6534435659252,18.9655450964943
"FIGENSCHAU YNGVE AS",4098398,69.7021532581067,18.9809951433099
"TROMSØ EIENDOMSSELSKAP AS",3126109,69.6545462212123,19.0137384453033
"TROMSØ EIENDOMSSELSKAP AS",3126783,69.6544914878247,19.014167030145
"TROMSØ EIENDOMSSELSKAP AS",3127237,69.6462021795962,18.9951531549348
"TROMSØ EIENDOMSSELSKAP AS",3128238,69.6461870443838,18.9946340993974
"TROMSØ EIENDOMSSELSKAP AS",3140941,69.6600144912712,18.9516497146608
"TROMSØ EIENDOMSSELSKAP AS",3141232,69.660477242133,18.9451814086629
"TROMSØ EIENDOMSSELSKAP AS",3141392,69.67490881115,18.9736833956952
"TROMSØ EIENDOMSSELSKAP AS",3141397,69.6599994206519,18.9520394460323
"TROMSØ EIENDOMSSELSKAP AS",4098128,69.6461870443838,18.9946340993974
"TROMSØ EIENDOMSSELSKAP AS",4098129,69.6461829443673,18.9948139916296
"TROMSØ EIENDOMSSELSKAP AS",4099297,69.6747458300521,18.9733427363322
"TROMSØ EIENDOMSSELSKAP AS",4099298,69.6748084519581,18.97335446962
"TROMSØ EIENDOMSSELSKAP AS",4099299,69.6748555126431,18.9732599136072
"TROMSØ EIENDOMSSELSKAP AS",4099300,69.6749080231951,18.9733214391778
"TROMSØ EIENDOMSSELSKAP AS",4099301,69.6746879011163,18.9743139251585
"TROMSØ EIENDOMSSELSKAP AS",4099302,69.6747499401107,18.9743513953596
"TROMSØ EIENDOMSSELSKAP AS",4099303,69.674776195195,18.9743821592952
"TROMSØ EIENDOMSSELSKAP AS",4099304,69.6748393998666,18.974368161474
"TROMSØ EIENDOMSSELSKAP AS",4099305,69.6748911236041,18.9740677335109
"TROMSØ EIENDOMSSELSKAP AS",4099306,69.6749024007502,18.9739664728917
"TROMSØ EIENDOMSSELSKAP AS",4099307,69.6748963686437,18.9738361250606
"TROMSØ EIENDOMSSELSKAP AS",4099308,69.67490881115,18.9736833956952
"Tromsø Reker AS",3131053,69.6726841054923,18.743953422719
"TRAASDAHL EIENDOM AS",3142327,69.699678983415,19.014709976399
"TRAASDAHL EIENDOM AS",3378621,69.6612207183844,19.017619779729
"TRAASDAHL EIENDOM AS",4099433,69.6995212442235,19.0157150532659
"TRAASDAHL EIENDOM AS",4099434,69.6995212442235,19.0157150532659
"TRAASDAHL EIENDOM AS",4155231,69.6645986032496,18.9560473845313
"TRAASDAHL EIENDOM AS",4155232,69.6646164956182,18.95605072051
"TRAASDAHL EIENDOM AS",540015669,69.6615819465415,19.0179309563757
"TRAASDAHL EIENDOM AS",540015672,69.6615819465415,19.0179309563757
"TRAASDAHL EIENDOM AS",540015675,69.6615096538248,19.0178707775233
"TRAASDAHL EIENDOM AS",540015678,69.6615096538248,19.0178707775233
"TRAASDAHL EIENDOM AS",540015681,69.6614365843648,19.0178052863957
"TRAASDAHL EIENDOM AS",540015684,69.6614365843648,19.0178052863957
"TRAASDAHL EIENDOM AS",540015687,69.6613354194523,19.0177112311734
"TRAASDAHL EIENDOM AS",540015690,69.6613354194523,19.0177112311734
"TRAASDAHL EIENDOM AS",540015693,69.6612207183844,19.017619779729
"TRAASDAHL EIENDOM AS",540015696,69.6615982517091,19.017807484725
"TRAASDAHL EIENDOM AS",540015699,69.6615982517091,19.017807484725
"TRAASDAHL EIENDOM AS",540015702,69.6615245822458,19.0177289658094
"TRAASDAHL EIENDOM AS",540015705,69.6615245822458,19.0177289658094
"TRAASDAHL EIENDOM AS",540015708,69.6614562800555,19.0176514636247
"TRAASDAHL EIENDOM AS",540015711,69.6614562800555,19.0176514636247
"TRAASDAHL EIENDOM AS",540015714,69.6613515368515,19.0175567316088
"TRAASDAHL EIENDOM AS",540015717,69.6613515368515,19.0175567316088
"TRAASDAHL EIENDOM AS",540015720,69.661242251019,19.0174249814864
"TRAASDAHL EIENDOM AS",540015723,69.6616249223224,19.0178590255402
"TRAASDAHL EIENDOM AS",540015726,69.6616249223224,19.0178590255402
"TRAASDAHL EIENDOM AS",540015729,69.6615593627622,19.0177794589988
"TRAASDAHL EIENDOM AS",540015732,69.6615593627622,19.0177794589988
"TRAASDAHL EIENDOM AS",540015735,69.6614935675088,19.0177101796232
"TRAASDAHL EIENDOM AS",540015738,69.6615460358524,19.0178905802043
"TRAASDAHL EIENDOM AS",540015741,69.6615460358524,19.0178905802043
"TRAASDAHL EIENDOM AS",540015744,69.6614838188498,19.0178219780137
"TRAASDAHL EIENDOM AS",540015747,69.6615391198831,19.0176826445342
"Robertsen AS",3126002,69.6548395021098,19.0174087079982
"Robertsen AS",3128149,69.6401719374689,18.9830018630358
"Robertsen AS",3137081,69.6701164524243,18.917933699958
"Robertsen AS",3137469,69.6475828077335,18.9220869517506
"Robertsen AS",3138529,69.6506534559812,18.9365930945632
"Robertsen AS",3140562,69.6566482451065,18.947183512531
"Robertsen AS",3144797,69.6528401861023,18.9583742043627
"Robertsen AS",3145140,69.653111435281,18.9581382122088
"Robertsen AS",3145743,69.6474794978844,18.9506903288603
"Robertsen AS",3145943,69.6530351743723,18.9612761954289
"Robertsen AS",3146193,69.6528278914904,18.9597143587686
"Robertsen AS",3146199,69.653282639647,18.9602638757893
"Robertsen AS",3146201,69.6533847669829,18.9605152789112
"Robertsen AS",4154980,69.6491492948025,18.9507428590295
"Robertsen AS",4154981,69.6491492948025,18.9507428590295
"Robertsen AS",4186525,69.665689590814,19.0312432545254
"Robertsen AS",4186526,69.6657045385809,19.0313752904786
"Robertsen AS",4186527,69.6657045385809,19.0313752904786
"Robertsen AS",4186528,69.6657045385809,19.0313752904786
"Robertsen AS",4186529,69.6657045385809,19.0313752904786
"Robertsen AS",4186530,69.6659585428457,19.0312685257664
"Robertsen AS",4186531,69.6657242677567,19.0316890164801
"Robertsen AS",4186532,69.665751103832,19.0316941162797
"Robertsen AS",4186533,69.6658059583814,19.0316528730155
"Robertsen AS",4186534,69.6658417398163,19.0316596727202
"Robertsen AS",4186535,69.6659025837118,19.0317487369723
"Robertsen AS",4186536,69.6659383651421,19.0317555368735
"Robertsen AS",4186537,69.6657081506243,19.0316084526178
"Robertsen AS",4186538,69.6657797134983,19.0316220518309
"Robertsen AS",4186539,69.6658775212507,19.0316664724493
"Robertsen AS",4186540,69.6659663836318,19.0317091935262
"Robertsen AS",4206559,69.6657045385809,19.0313752904786
"Robertsen AS",306753313,69.6548395021098,19.0174087079982
"Robertsen AS",306753314,69.6548395021098,19.0174087079982
"Robertsen AS",306753315,69.6548395021098,19.0174087079982
"Robertsen AS",306753316,69.6548395021098,19.0174087079982
"Robertsen AS",306753317,69.6548395021098,19.0174087079982
"Robertsen AS",306753318,69.6548395021098,19.0174087079982
"Robertsen AS",306753321,69.6548395021098,19.0174087079982
"Robertsen AS",306753322,69.6548395021098,19.0174087079982
"Robertsen AS",306753323,69.6548395021098,19.0174087079982
"Robertsen AS",306753324,69.6548395021098,19.0174087079982
"Robertsen AS",306753325,69.6548395021098,19.0174087079982
"Robertsen AS",306753326,69.6548395021098,19.0174087079982
"Nord Forretningseiendommer AS",3145150,69.6521957416299,18.9565967050695
"International Matsenter AS",3139619,69.6337582268469,18.92564847476
"International Matsenter AS",3141226,69.6290584314496,18.9184886918435
"International Matsenter AS",4172679,69.6470313176076,18.9538330935667
"Kjellstrand Eiendom AS",3131078,69.6749328122949,18.7671864370664
"Kjellstrand Eiendom AS",3131085,69.674284148035,18.7661462020008
"Kjellstrand Eiendom AS",3142436,69.6992334076343,19.0208353198958
"ALMO EIENDOM AS",3126906,69.646172397383,18.9869919227522
"LOGOS BYGG AS",3140012,69.6620165193989,18.9506330090236
"LOGOS BYGG AS",3146545,69.6467187662457,18.9365864264076
"LOGOS BYGG AS",3146853,69.6468457476338,18.936532536983
"LOGOS BYGG AS",4098008,69.6485807637885,18.9976139544015
"LOGOS BYGG AS",4098009,69.6486649457674,18.9978621110464
"LOGOS BYGG AS",4098010,69.6486077541175,18.998006216469
"LOGOS BYGG AS",4098011,69.6485218138164,18.9978351647875
"LOGOS BYGG AS",4098012,69.6488890222703,18.9974912982247
"LOGOS BYGG AS",4098013,69.6488497224163,18.9976387743053
"LOGOS BYGG AS",4098014,69.6487464763838,18.9974386522389
"LOGOS BYGG AS",4098015,69.648777416416,18.9972637906298
"LOGOS BYGG AS",4098016,69.6487266723317,18.9971251777755
"LOGOS BYGG AS",4098017,69.6486778409325,18.997296671338
"LOGOS BYGG AS",4098018,69.6485847123919,18.997046832956
"LOGOS BYGG AS",4098019,69.6486245977893,18.9968736558244
"LOGOS BYGG AS",4099126,69.6620165193989,18.9506330090236
"LOGOS BYGG AS",4099127,69.6620165193989,18.9506330090236
"LOGOS BYGG AS",4099128,69.6620165193989,18.9506330090236
"LOGOS BYGG AS",4099129,69.6620165193989,18.9506330090236
"LOGOS BYGG AS",4099658,69.6504908264153,18.9522056533988
"LOGOS BYGG AS",4099659,69.6506137684197,18.9523318167625
"LOGOS BYGG AS",4099660,69.6506137684197,18.9523318167625
"LOGOS BYGG AS",4099661,69.6506137684197,18.9523318167625
"LOGOS BYGG AS",4099662,69.6506137684197,18.9523318167625
"LOGOS BYGG AS",4099664,69.6506137684197,18.9523318167625
"LOGOS BYGG AS",4099665,69.6506137684197,18.9523318167625
"LOGOS BYGG AS",4099666,69.6506137684197,18.9523318167625
"LOGOS BYGG AS",4099667,69.6506137684197,18.9523318167625
"LOGOS BYGG AS",4099668,69.6506137684197,18.9523318167625
"LOGOS BYGG AS",4099982,69.6465395367315,18.9385662411035
"LOGOS BYGG AS",4099983,69.6465395367315,18.9385662411035
"LOGOS BYGG AS",4099984,69.6465395367315,18.9385662411035
"LOGOS BYGG AS",4099985,69.6465395367315,18.9385662411035
"LOGOS BYGG AS",4099986,69.6465395367315,18.9385662411035
"LOGOS BYGG AS",4099987,69.6465395367315,18.9385662411035
"LOGOS BYGG AS",4099988,69.6465395367315,18.9385662411035
"LOGOS BYGG AS",4099989,69.6465395367315,18.9385662411035
"LOGOS BYGG AS",4099990,69.6465395367315,18.9385662411035
"LOGOS BYGG AS",4099991,69.6465395367315,18.9385662411035
"LOGOS BYGG AS",4099992,69.6465395367315,18.9385662411035
"LOGOS BYGG AS",4099993,69.6465395367315,18.9385662411035
"LOGOS BYGG AS",4099994,69.6465395367315,18.9385662411035
"LOGOS BYGG AS",4099996,69.6465395367315,18.9385662411035
"LOGOS BYGG AS",4099997,69.6465395367315,18.9385662411035
"LOGOS BYGG AS",4099998,69.6465395367315,18.9385662411035
"LOGOS BYGG AS",4161667,69.6405791445616,18.9411507808406
"LOGOS BYGG AS",4161668,69.6405188313501,18.9410363889386
"LOGOS BYGG AS",4161669,69.640450149507,18.9408946445746
"LOGOS BYGG AS",4161670,69.6404013728537,18.9410662023321
"LOGOS BYGG AS",4161671,69.6405707760433,18.9411234274817
"LOGOS BYGG AS",4161672,69.6405104628136,18.9410090357025
"LOGOS BYGG AS",4161673,69.6404417809479,18.9408672914827
"LOGOS BYGG AS",4161674,69.6403930043214,18.9410388492366
"LOGOS BYGG AS",4161675,69.6405624075206,18.9410960741443
"LOGOS BYGG AS",4161676,69.6404334123844,18.9408399384123
"LOGOS BYGG AS",4161677,69.6404108970631,18.9410421682785
"LOGOS BYGG AS",4161678,69.6404790009269,18.9412096065157
"LOGOS BYGG AS",4161679,69.640530367657,18.9413223390373
"LOGOS BYGG AS",4161680,69.6405540389938,18.9410687208285
"LOGOS BYGG AS",4161681,69.6403846357846,18.9410114961627
"LOGOS BYGG AS",4161682,69.6404706324173,18.9411822532637
"LOGOS BYGG AS",4161683,69.6405219991654,18.9412949856748
"ISRENNA CENTER AS",4099435,69.6855665162712,19.0047964324443
"FREDRIK LANGES GATE 20 AS",3144789,69.6491224125234,18.956475787474
"FREDRIK LANGES GATE 20 AS",3145044,69.6492731020944,18.956844580173
"FREDRIK LANGES GATE 20 AS",3146160,69.6493101139485,18.9559609645988
"Forbundshuset AS",3146241,69.6545807636298,18.961061131303
"NORDLYSPLANETARIET TROMSØ AS",3141139,69.6791042108202,18.9717039419255
"ARKITEKT BYGG AS",3128206,69.6481206963032,18.9890999615714
"ARKITEKT BYGG AS",4098122,69.6481206963032,18.9890999615714
"ARKITEKT BYGG AS",4098123,69.6481567249322,18.9890163625723
"Akva Ren AS",3145011,69.6567947556149,18.9606867269819
"Tromsø Boligsenter AS",4153311,69.6283067839,18.9539347992694
"Tromsø Boligsenter AS",4153312,69.6282632120264,18.9538751228994
"Tromsø Boligsenter AS",4153313,69.6282196401316,18.9538154467754
"TROMSØ INVESTOR AS",3127049,69.6457965988989,19.0042647613073
"TROMSØ INVESTOR AS",3145142,69.6532540316524,18.9583480958978
"TROMSØ INVESTOR AS",3145152,69.6523913301648,18.9567673947378
"TROMSØ INVESTOR AS",4098126,69.6456602949587,19.003820963199
"TROMSØ INVESTOR AS",4098127,69.6456602949587,19.003820963199
"TROMSØ INVESTOR AS",4098638,69.6687580187932,18.9610678554679
"TROMSØ INVESTOR AS",4098639,69.6688007396148,18.9612050113664
"TROMSØ INVESTOR AS",4098640,69.6688429491034,18.961285233557
"TROMSØ INVESTOR AS",4098641,69.6688775369216,18.9613847014822
"TROMS TRYKK EIENDOM AS",4099373,69.6803826242169,18.989806001938
"NOFIMA MARIN AS",3125946,69.6526910268636,19.0178541326905
"NOFIMA MARIN AS",234454523,69.6957694112213,19.0053284454096
"NOFIMA MARIN AS",234454536,69.6963763468563,19.0066849978423
"NOFIMA MARIN AS",234454562,69.6955800566414,19.0061463326051
"NOFIMA MARIN AS",234454599,69.6979236485886,19.009746059904
"TROMSØ FARVEHANDEL HAFA AS",3144850,69.650706934001,18.9581572209601
"DIGITAL INVESTMENT GROUP AS",4099771,69.6513491699397,18.951591016451
"AST ENTREPRENØR AS",3141561,69.6497184110259,18.9358260811459
"BAI EIENDOM AS",3137617,69.6646383595777,18.9130219076976
"MOENS KONSULENTKONTOR AS",4099877,69.6491474892923,18.9516201182968
"MOENS KONSULENTKONTOR AS",4099878,69.6491474892923,18.9516201182968
"MOENS KONSULENTKONTOR AS",4099879,69.6491474892923,18.9516201182968
"MOENS KONSULENTKONTOR AS",4099880,69.6491474892923,18.9516201182968
"MOENS KONSULENTKONTOR AS",4164819,69.6318442415182,18.9252691980086
"MOENS KONSULENTKONTOR AS",4176391,69.634497112506,17.9894881195562
"MOENS KONSULENTKONTOR AS",4341345,69.6491474892923,18.9516201182968
"MOENS KONSULENTKONTOR AS",4341346,69.6491474892923,18.9516201182968
"Haukeli Eiendom AS",3128652,69.6051068999425,18.9365656812927
"Haukeli Eiendom AS",3138826,69.6626386486048,18.9545197280197
"Haukeli Eiendom AS",3145463,69.6476961230333,18.9494891734842
"MYRBAKK EIENDOM AS",3138443,69.6641299435065,18.9660595645852
"MYRBAKK EIENDOM AS",3141685,69.6611260281399,18.9658080895846
"MYRBAKK EIENDOM AS",3141918,69.683421222002,18.9976172073758
"MYRBAKK EIENDOM AS",4126406,69.646615577064,18.9439742796035
"MYRBAKK EIENDOM AS",4126407,69.646615577064,18.9439742796035
"MYRBAKK EIENDOM AS",4126408,69.646615577064,18.9439742796035
"MYRBAKK EIENDOM AS",4140693,69.6688799102621,18.9705388019664
"MYRBAKK EIENDOM AS",4140694,69.6688083420764,18.9705254062404
"MYRBAKK EIENDOM AS",234600736,69.6571995484734,18.9415253086593
"MYRBAKK EIENDOM AS",234600746,69.6570866883051,18.9421498784457
"MYRBAKK EIENDOM AS",234600748,69.6573244956396,18.9419616512359
"SEHAMS AS",4099584,69.6543393988477,18.9500563142368
"SEHAMS AS",4099585,69.6542935091297,18.9500994116607
"SEHAMS AS",4099586,69.6541532649818,18.9499442292394
"SEHAMS AS",4099587,69.6541968378942,18.9500039716344
"SEHAMS AS",4099588,69.6542225182662,18.950060385187
"SEHAMS AS",4099589,69.6542083589851,18.9502901104503
"NORTHFISH INTERNAT.LTD AS",3141129,69.6454601874709,18.9270937262411
"OLSEN ROALD AS",3135063,69.6968496903497,18.9500925659408
"OLSEN ROALD AS",3135987,69.6966898171885,18.9500110127907
"OLSEN ROALD AS",3136994,69.680981309038,18.9570105229621
"OLSEN ROALD AS",3136995,69.6809190244483,18.9565852904938
"OLSEN ROALD AS",3136996,69.6808835773206,18.9561650689705
"OLSEN ROALD AS",3138674,69.664673909296,18.9662387355985
"OLSEN ROALD AS",3139388,69.6668739051268,18.9623099983588
"OLSEN ROALD AS",3139395,69.6406373087064,18.9281579446353
"OLSEN ROALD AS",3141529,69.6447466969071,18.9303888182609
"OLSEN ROALD AS",3145526,69.6419829376295,18.9362507087532
"OLSEN ROALD AS",3146132,69.647450708822,18.9531626930122
"OLSEN ROALD AS",3146134,69.6475294859826,18.9532547857058
"OLSEN ROALD AS",3146579,69.6473837759159,18.9529437580223
"OLSEN ROALD AS",3146884,69.6418992446173,18.9359771770237
"OLSEN ROALD AS",4100046,69.6418992446173,18.9359771770237
"OLSEN ROALD AS",4100047,69.6418992446173,18.9359771770237
"OLSEN ROALD AS",4139000,69.6659663864064,18.9635096272545
"OLSEN ROALD AS",4139001,69.6659663864064,18.9635096272545
"OLSEN ROALD AS",4172680,69.6470313176076,18.9538330935667
"OLSEN ROALD AS",4172681,69.6470313176076,18.9538330935667
"OLSEN ROALD AS",4172682,69.6470313176076,18.9538330935667
"OLSEN ROALD AS",4172683,69.6470313176076,18.9538330935667
"OLSEN ROALD AS",4172684,69.6474689359471,18.9555405743655
"OLSEN ROALD AS",4172685,69.6474689359471,18.9555405743655
"Consør Eiendomsselskapet AS",3301250,69.6926788769303,19.013590313908
"Trygg Vakt AS",3516621,69.6979908155559,18.9715974992911
"Trygg Vakt AS",3516622,69.6979480410965,18.9718999369013
"NORBYE&KONSEPTA AS",4125581,69.649319696086,18.957924459224
"NORBYE&KONSEPTA AS",4125582,69.649319696086,18.957924459224
"POLAND AS",3141697,69.6607421909018,18.964109321236
"POLAND AS",4180920,69.6607421909018,18.964109321236
"POLAND AS",4180921,69.6607421909018,18.964109321236
"POLAND AS",4180922,69.6607421909018,18.964109321236
"Ishavshotellet Eiendom AS",3145029,69.6495768545204,18.9620507415444
"UTNES ODD BYGGMESTER AS",3145524,69.642126369167,18.9366643260447
"PAUL BJØRVIGSG 1-3 AS",3145636,69.6571985617988,18.9658747696406
"TROMSØ TANNTEKNIKK AS",3128692,69.6148426251703,18.9402740046575
"TROMSØ TANNTEKNIKK AS",3138864,69.6667211180791,18.9631081276797
"H I P IMPORT OG EKSPORT AS",3128686,69.6242375385227,18.9515281253151
"Norbye Jarle AS",3143402,69.5551464382443,19.7209842851703
"KJELLMO AS",3124942,69.740944214569,19.1631415857194
"KJELLMO AS",3125000,69.7407549830029,19.1608847837471
"AUNEKVARTALET AS",3146871,69.6500885592313,18.9582097387881
"AUNEKVARTALET AS",3146872,69.6502143139239,18.9580912081524
"AUNEKVARTALET AS",3146873,69.6502845441991,18.9579649080002
"Nerstranda AS",3146315,69.6471195389491,18.9547012221755
"Nerstranda AS",4107845,69.6471195389491,18.9547012221755
"Nerstranda AS",4107846,69.6471195389491,18.9547012221755
"Nerstranda AS",4107847,69.6471195389491,18.9547012221755
"Nerstranda AS",4107848,69.6467065911243,18.9542888157876
"Nerstranda AS",4107849,69.6467065911243,18.9542888157876
"Nerstranda AS",4107850,69.6467065911243,18.9542888157876
"Nerstranda AS",4107851,69.6467065911243,18.9542888157876
"Nerstranda AS",4107852,69.6467065911243,18.9542888157876
"Nerstranda AS",4107853,69.6467065911243,18.9542888157876
"Nerstranda AS",4107854,69.6467065911243,18.9542888157876
"Nerstranda AS",4107856,69.6467065911243,18.9542888157876
"Nerstranda AS",4107857,69.6467065911243,18.9542888157876
"Nerstranda AS",4107858,69.6467065911243,18.9542888157876
"Nerstranda AS",4107859,69.6467065911243,18.9542888157876
"Nerstranda AS",4107860,69.6467065911243,18.9542888157876
"Nerstranda AS",4107861,69.6467065911243,18.9542888157876
"Nerstranda AS",4107862,69.6467065911243,18.9542888157876
"Nerstranda AS",4107863,69.6467065911243,18.9542888157876
"Nerstranda AS",4107864,69.6467065911243,18.9542888157876
"Nerstranda AS",4107865,69.6467065911243,18.9542888157876
"Nerstranda AS",4107866,69.6467065911243,18.9542888157876
"Nerstranda AS",4107867,69.6467065911243,18.9542888157876
"NOBU AS",3146660,69.6538527701892,18.9442576079795
"JOHANSEN BRØDRENE EIENDOM AS",3126548,69.6542299470581,19.0130331654538
"JOHANSEN BRØDRENE EIENDOM AS",3126786,69.6758448279962,19.0486816540365
"JOHANSEN BRØDRENE EIENDOM AS",3126810,69.6757350716316,19.0483763877201
"JOHANSEN BRØDRENE EIENDOM AS",3126811,69.6758626381072,19.0479096612215
"JOHANSEN BRØDRENE EIENDOM AS",3126812,69.675997449784,19.0482972502874
"JOHANSEN BRØDRENE EIENDOM AS",3126819,69.6763768128277,19.0493776909465
"JOHANSEN BRØDRENE EIENDOM AS",3135904,69.6971542230086,18.9694201401806
"JOHANSEN BRØDRENE EIENDOM AS",3136833,69.6798614850017,18.9552764149088
"JOHANSEN BRØDRENE EIENDOM AS",3145021,69.6594477399279,18.9665274682814
"JOHANSEN BRØDRENE EIENDOM AS",3262607,69.6626399193061,19.0208485657794
"JOHANSEN BRØDRENE EIENDOM AS",3291041,69.6249266396207,18.9484591925473
"JOHANSEN BRØDRENE EIENDOM AS",3291042,69.6246218863098,18.9484283847052
"JOHANSEN BRØDRENE EIENDOM AS",3320676,69.6248741194989,18.9483978757572
"JOHANSEN BRØDRENE EIENDOM AS",4097990,69.6763768128277,19.0493776909465
"JOHANSEN BRØDRENE EIENDOM AS",4097991,69.6763768128277,19.0493776909465
"JOHANSEN BRØDRENE EIENDOM AS",4104967,69.6466939255019,18.9336912966501
"JOHANSEN BRØDRENE EIENDOM AS",4104968,69.6466939255019,18.9336912966501
"JOHANSEN BRØDRENE EIENDOM AS",4126367,69.6799318814344,18.9553412196633
"JOHANSEN BRØDRENE EIENDOM AS",4126368,69.6798614850017,18.9552764149088
"JOHANSEN BRØDRENE EIENDOM AS",4215494,69.6525894731692,18.9551520750115
"JOHANSEN BRØDRENE EIENDOM AS",4215495,69.6526593156829,18.9552425606043
"JOHANSEN BRØDRENE EIENDOM AS",4215496,69.6526593156829,18.9552425606043
"JOHANSEN BRØDRENE EIENDOM AS",4215497,69.6525793670612,18.9552018241754
"JOHANSEN BRØDRENE EIENDOM AS",4215498,69.6526492095489,18.9552923098874
"JOHANSEN BRØDRENE EIENDOM AS",4215499,69.6526492095489,18.9552923098874
"JOHANSEN BRØDRENE EIENDOM AS",4215500,69.6525686809755,18.9552772811272
"JOHANSEN BRØDRENE EIENDOM AS",4215501,69.6526385106939,18.9553677376546
"BELVIKA BRYGGE AS",3126989,69.647296433515,19.0011405568411
"BELVIKA BRYGGE AS",3127040,69.6455320282774,19.0048342847211
"BELVIKA BRYGGE AS",3128291,69.6454340747613,19.0044028805127
"BELVIKA BRYGGE AS",3130362,69.5623906673229,18.7085801240162
"BELVIKA BRYGGE AS",3131478,69.6767372549863,18.7694502083934
"BELVIKA BRYGGE AS",3131479,69.676796021957,18.7696415412297
"BELVIKA BRYGGE AS",3138603,69.6618873845395,18.9575564800481
"BELVIKA BRYGGE AS",3138743,69.6616460787694,18.9578988837978
"BELVIKA BRYGGE AS",3138992,69.6355826440236,18.9131656609007
"BELVIKA BRYGGE AS",3312735,69.6618232609286,18.9580094110051
"BELVIKA BRYGGE AS",4098246,69.679815416554,18.7769755165526
"BELVIKA BRYGGE AS",4098247,69.6797511097969,18.777000244546
"BELVIKA BRYGGE AS",4098248,69.6798569438334,18.7771328144892
"BELVIKA BRYGGE AS",4098249,69.6798393030032,18.7772847416878
"BELVIKA BRYGGE AS",4114120,69.6356270363921,18.9127869203607
"BELVIKA BRYGGE AS",4114121,69.6356270363921,18.9127869203607
"BELVIKA BRYGGE AS",4118506,69.6474011298994,19.0004891772802
"BELVIKA BRYGGE AS",4118507,69.6473630007359,19.0005852372464
"BELVIKA BRYGGE AS",4118508,69.6472420136722,19.0007689298894
"BELVIKA BRYGGE AS",4118509,69.6472044709764,19.0008392887088
"HANSEN J M EIENDOM AS",3146149,69.6486759322642,18.9546038917149
"HANSEN J M EIENDOM AS",3146151,69.6487541867456,18.9547191280717
"EIFO AS",3136380,69.6704569978137,18.9627726157875
"EIFO AS",3138838,69.6723720706854,18.9738283079525
"EIFO AS",3145094,69.647030703804,18.9510714076205
"KVADRATEN EIENDOM AS",3135966,69.6999300009049,18.9736429763269
"BYGÅRDEN AS",3146174,69.6503241796403,18.9564080162627
"BYGÅRDEN AS",3146176,69.6505043533191,18.9555897450279
"BYGÅRDEN AS",4141826,69.6496587653761,18.9528510005574
"HAWK TROMSØ AS",3128812,69.5624004591883,18.9567561704508
"BAO DI INVEST AS",3124918,69.7415896178275,19.1427664005866
"AL TO EIENDOM AS",3136345,69.6683127225867,18.9610544639537
"AL TO EIENDOM AS",3136347,69.668383129846,18.9611192809991
"TOTAL EIENDOM AS",3128250,69.6464724610752,18.9835149759
"ROLO EIENDOM AS",3145979,69.6553695234124,18.9637257033389
"ROLO EIENDOM AS",4185660,69.6553695234124,18.9637257033389
"ROLO EIENDOM AS",4185661,69.6553695234124,18.9637257033389
"ROLO EIENDOM AS",4185662,69.6553695234124,18.9637257033389
"ROLO EIENDOM AS",4185663,69.6553695234124,18.9637257033389
"ROLO EIENDOM AS",4185664,69.6553695234124,18.9637257033389
"SKATTØRA MARINA AS",3142438,69.6951246067089,19.0151531597925
"RIKKE EIENDOM AS",3146205,69.6522837822064,18.9583479185483
"RIKKE EIENDOM AS",4137899,69.6469574712458,18.987629692698
"RIKKE EIENDOM AS",4142429,69.6345824005336,18.9640528767433
"RIKKE EIENDOM AS",4176398,69.6337536273394,17.9906052536755
"RIKKE EIENDOM AS",4182404,69.6390982323864,18.9764795304056
"RIKKE EIENDOM AS",4182405,69.6390737264634,18.9763717440108
"RIKKE EIENDOM AS",4186736,69.6466258049551,18.9510993175145
"GRIMSHOLM EIENDOM AS",3138915,69.674147311242,18.9771587002597
"GRIMSHOLM EIENDOM AS",3138928,69.6741144303188,18.9758345613945
"BOLIGSPAR AS",4137897,69.6469574712458,18.987629692698
"BOLIGSPAR AS",4141798,69.649356571559,18.9531044650986
"BOLIGSPAR AS",4175653,69.673198486278,18.9670835191468
"BOLIGSPAR AS",4175654,69.673198486278,18.9670835191468
"STAKKEVOLLV 21 AS",3141689,69.662816116499,18.9669504646311
"ALPHA EIENDOM AS",3144944,69.6572084742553,18.959472841979
"ALPHA EIENDOM AS",4121520,69.6572084742553,18.959472841979
"ALPHA EIENDOM AS",4121521,69.6572084742553,18.959472841979
"ALPHA EIENDOM AS",4121522,69.6572084742553,18.959472841979
"NYE TROMSDAL GJESTGIVERI AS",3125606,69.6525660691161,19.0072196002649
"STRANDVEIEN 81 AS",4117353,69.6523998757186,18.9551942302993
"STRANDVEIEN 81 AS",4117354,69.6523998757186,18.9551942302993
"STRANDVEIEN 81 AS",4117355,69.6523998757186,18.9551942302993
"STRANDVEIEN 81 AS",4117356,69.6523998757186,18.9551942302993
"ROBUKTA AS",3138659,69.6287263850825,18.9124451385449
"TROMSØ EIENDOMSUTVIKLING AS",3146409,69.660439185999,18.9640010726973
"TROMSØ EIENDOMSUTVIKLING AS",4141796,69.649352022426,18.9525099713375
"TROMSØ EIENDOMSUTVIKLING AS",4214582,69.6603882872777,18.9646630313587
"TROMSØ EIENDOMSUTVIKLING AS",4214583,69.6603882872777,18.9646630313587
"TROMSØ EIENDOMSUTVIKLING AS",4214584,69.660439185999,18.9640010726973
"TROMSØ EIENDOMSUTVIKLING AS",4214585,69.6602501552987,18.9640174164934
"TROMSØ EIENDOMSUTVIKLING AS",4214586,69.6603508875021,18.9639329291807
"TROMSØ EIENDOMSUTVIKLING AS",4214587,69.6603882872777,18.9646630313587
"TROMSØ EIENDOMSUTVIKLING AS",234611821,69.6543759332376,18.9615780053421
"TROMSØ EIENDOMSUTVIKLING AS",234611847,69.6543759332376,18.9615780053421
"TROMSØ EIENDOMSUTVIKLING AS",279122628,69.6609719310146,18.9266608321276
"TROMSØ EIENDOMSUTVIKLING AS",279164444,69.6608870836591,18.9272003780384
"TROMSØ EIENDOMSUTVIKLING AS",862265965,69.6380826407587,18.9401098821173
"ROTNESVEIEN EIENDOM AS",3516975,69.6864284058002,18.7396594037282
"RØSTAD EIENDOM AS",3316858,69.6976582176178,19.019785975317
"RØSTAD EIENDOM AS",4099421,69.6971850815358,19.0188682814297
"RØSTAD EIENDOM AS",4185640,69.6472008090998,18.9495028809537
"RØSTAD EIENDOM AS",4185642,69.6472008090998,18.9495028809537
"RØSTAD EIENDOM AS",4185644,69.6472008090998,18.9495028809537
"RØSTAD EIENDOM AS",4185645,69.6472008090998,18.9495028809537
"NORD BARNEHAGER EIENDOM AS",3126444,69.666311483798,19.0307672623867
"NORD BARNEHAGER EIENDOM AS",3131313,69.6853485815978,18.8074585423597
"NORD BARNEHAGER EIENDOM AS",3131314,69.6854056348186,18.810542646585
"NORD BARNEHAGER EIENDOM AS",3135726,69.7020296137221,18.9769351590386
"NORD BARNEHAGER EIENDOM AS",3136334,69.6857809265262,18.9421343465599
"NORD BARNEHAGER EIENDOM AS",3137015,69.679604871269,18.9351183756322
"ASTRO EIENDOM AS",3254733,69.7026844146182,19.0164702302066
"STORMO EIENDOM AS",904723875,69.6511235954764,18.9460506615777
"STORMO EIENDOM AS",904723878,69.6511235954764,18.9460506615777
"STORMO EIENDOM AS",904723881,69.6511235954764,18.9460506615777
"HANSENS BERNT EFTF AS",3144415,69.6339370277264,18.0040821528624
"HANSENS BERNT EFTF AS",3144460,69.6339370277264,18.0040821528624
"HANSENS BERNT EFTF AS",3144589,69.6348260977153,18.0035376033909
"HANSENS BERNT EFTF AS",3274936,69.6345728511949,18.0041719679348
"PLANKEN AS",4118748,69.6646146374069,18.9668734257979
"PLANKEN AS",4118749,69.6646146374069,18.9668734257979
"PLANKEN AS",4118750,69.6646146374069,18.9668734257979
"PLANKEN AS",4118751,69.6646146374069,18.9668734257979
"PLANKEN AS",4118752,69.6646146374069,18.9668734257979
"TONNI EIENDOM AS",4118118,69.6599755583809,18.9666261152744
"SOLSTAD EIENDOM AS",3132332,69.6909771381024,18.8619221435725
"UNIPARK AS",3145106,69.6477664729107,18.9527052702947
"UNIPARK AS",3146129,69.6472579490132,18.9529461476015
"UNIPARK AS",3411610,69.6539489844884,18.9599570201587
"TROMSØ NÆRINGSEIENDOM AS",3136721,69.677870408717,18.9331423214389
"WIDDING BOLIGUTVIKLING AS",3127810,69.6478100624479,18.9809499261702
"WIDDING BOLIGUTVIKLING AS",3134998,69.6966360954512,18.9487644366614
"WIDDING BOLIGUTVIKLING AS",3135396,69.6966360954512,18.9487644366614
"WIDDING BOLIGUTVIKLING AS",3543342,69.6615618687503,19.016728722066
"KLØVERVEIEN 17 AS",3137882,69.6637772894773,18.913767120149
"TOMA EIENDOM AS",3137891,69.6644898605715,18.9164556649011
"PER STRAND TROMSØ AS",280964914,69.6446025781741,18.9231882145283
"PER STRAND TROMSØ AS",280964920,69.6446025781741,18.9231882145283
"PER STRAND TROMSØ AS",280964921,69.6446025781741,18.9231882145283
"ALEKS BYGG AS",3127018,69.6446518730127,19.0001004233191
"ALEKS BYGG AS",3139392,69.6498413155498,18.9327514126385
"ALEKS BYGG AS",3145229,69.6567604352894,18.9498613358878
"ALEKS BYGG AS",3556797,69.6497642014063,18.9326648578221
"ALEKS BYGG AS",4133442,69.6557200186889,18.9501841139652
"ALEKS BYGG AS",4133443,69.655727227233,18.9502629141285
"ALEKS BYGG AS",4137786,69.6464748772432,18.9510196233659
"ALEKS BYGG AS",4137787,69.6464748772432,18.9510196233659
"ALEKS BYGG AS",4137788,69.6464748772432,18.9510196233659
"ALEKS BYGG AS",4158571,69.6567604352894,18.9498613358878
"ALEKS BYGG AS",4158572,69.6567604352894,18.9498613358878
"ALEKS BYGG AS",4184494,69.6568038652962,18.9495285814028
"ALEKS BYGG AS",4184495,69.6568038652962,18.9495285814028
"ALEKS BYGG AS",4184496,69.6568038652962,18.9495285814028
"ALEKS BYGG AS",4184497,69.6568038652962,18.9495285814028
"ALEKS BYGG AS",4184498,69.6568038652962,18.9495285814028
"ALEKS BYGG AS",4184499,69.6568038652962,18.9495285814028
"ALEKS BYGG AS",4215450,69.6537127337514,18.9547417456445
"ALEKS BYGG AS",4215451,69.6537127337514,18.9547417456445
"NEUMANN BYGG AS",3141720,69.6621961491726,18.9673511260582
"SCHOUPARKEN AS",4325354,69.6860871410592,18.9830968530405
"SCHOUPARKEN AS",4325355,69.6860871410592,18.9830968530405
"Sulland Eiendom AS",3136034,69.684691103919,18.9550400439422
"Sulland Eiendom AS",3136717,69.6778720872033,18.9306614055869
"Sulland Eiendom AS",4098509,69.6991217916556,18.975612924649
"Sulland Eiendom AS",263664344,69.7102519194097,18.9964895990241
"BRABYGG AS",3142295,69.6954089135899,19.0116758720459
"Skattøra Invest AS",3145962,69.6542067568148,18.963895878274
"ROLLSCONSULT AS",3599949,69.7806942451396,18.398091954712
"Thongård AS",836688004,69.6550584184643,18.9614316836182
"Thongård AS",836688007,69.6550584184643,18.9614316836182
"Thongård AS",836688010,69.6550584184643,18.9614316836182
"Thongård AS",836688013,69.6550584184643,18.9614316836182
"Thongård AS",836688016,69.6550584184643,18.9614316836182
"Thongård AS",836688019,69.6550584184643,18.9614316836182
"Thongård AS",836688022,69.6550584184643,18.9614316836182
"Thongård AS",836688025,69.6550584184643,18.9614316836182
"Thongård AS",836688028,69.6550584184643,18.9614316836182
"Thongård AS",836688031,69.6550584184643,18.9614316836182
"Thongård AS",836688034,69.6550584184643,18.9614316836182
"Thongård AS",836688037,69.6550584184643,18.9614316836182
"Thongård AS",836688040,69.6550584184643,18.9614316836182
"Thongård AS",836688043,69.6550584184643,18.9614316836182
"Thongård AS",836688046,69.6550584184643,18.9614316836182
"Thongård AS",836688049,69.6550584184643,18.9614316836182
"Thongård AS",836688052,69.6550584184643,18.9614316836182
"Thongård AS",836688055,69.6550584184643,18.9614316836182
"Thongård AS",836688058,69.6550584184643,18.9614316836182
"Thongård AS",836688061,69.6550584184643,18.9614316836182
"Thongård AS",836688064,69.6550584184643,18.9614316836182
"Thongård AS",836688067,69.6550584184643,18.9614316836182
"Thongård AS",836688070,69.6550584184643,18.9614316836182
"Thongård AS",836688073,69.6550584184643,18.9614316836182
"Thongård AS",836688076,69.6550584184643,18.9614316836182
"Thongård AS",836688079,69.6550584184643,18.9614316836182
"Thongård AS",836688082,69.6549967019066,18.9615389342631
"Thongård AS",891727005,69.6547278930703,18.9601952589167
"Thongård AS",891727008,69.6547278930703,18.9601952589167
"Thongård AS",891727011,69.6547278930703,18.9601952589167
"Thongård AS",891727014,69.6547278930703,18.9601952589167
"Thongård AS",891727017,69.6547278930703,18.9601952589167
"Thongård AS",891727020,69.6547278930703,18.9601952589167
"Thongård AS",891727023,69.6547278930703,18.9601952589167
"Thongård AS",891727026,69.6547278930703,18.9601952589167
"Thongård AS",891727029,69.6547278930703,18.9601952589167
"Thongård AS",891727032,69.6547278930703,18.9601952589167
"Thongård AS",891727035,69.6547278930703,18.9601952589167
"Thongård AS",891727038,69.6547278930703,18.9601952589167
"Thongård AS",891727041,69.6547278930703,18.9601952589167
"Thongård AS",891727044,69.6547278930703,18.9601952589167
"Thongård AS",891727047,69.6547278930703,18.9601952589167
"Thongård AS",891727050,69.6547278930703,18.9601952589167
"Thongård AS",891727053,69.6547278930703,18.9601952589167
"Thongård AS",891727056,69.6547278930703,18.9601952589167
"Thongård AS",891727059,69.6547278930703,18.9601952589167
"Thongård AS",891727062,69.6547278930703,18.9601952589167
"Thongård AS",891727065,69.6547278930703,18.9601952589167
"Thongård AS",891727068,69.6547278930703,18.9601952589167
"Thongård AS",891727071,69.6547278930703,18.9601952589167
"Thongård AS",891727074,69.6547278930703,18.9601952589167
"Thongård AS",891727077,69.6547278930703,18.9601952589167
"Thongård AS",891727080,69.6547278930703,18.9601952589167
"Thongård AS",891727083,69.6547278930703,18.9601952589167
"Thongård AS",891727086,69.6547278930703,18.9601952589167
"Thongård AS",891727089,69.6547278930703,18.9601952589167
"Thongård AS",891727092,69.6547278930703,18.9601952589167
"Thongård AS",891727095,69.6547278930703,18.9601952589167
"Thongård AS",891727098,69.6547278930703,18.9601952589167
"Thongård AS",891727101,69.6547278930703,18.9601952589167
"Thongård AS",891727104,69.6547278930703,18.9601952589167
"Thongård AS",891727107,69.6547278930703,18.9601952589167
"Thongård AS",891727110,69.6547278930703,18.9601952589167
"Thongård AS",891727113,69.6547278930703,18.9601952589167
"Thongård AS",891727116,69.6547278930703,18.9601952589167
"Thongård AS",891727119,69.6547278930703,18.9601952589167
"Thongård AS",891727122,69.6547278930703,18.9601952589167
"Thongård AS",891727125,69.6547278930703,18.9601952589167
"Thongård AS",891727128,69.6547278930703,18.9601952589167
"Thongård AS",891727131,69.6547278930703,18.9601952589167
"Thongård AS",891727134,69.6547278930703,18.9601952589167
"Thongård AS",891727137,69.6547278930703,18.9601952589167
"Thongård AS",891727140,69.6547278930703,18.9601952589167
"Thongård AS",891727143,69.6547278930703,18.9601952589167
"Thongård AS",891727146,69.6547278930703,18.9601952589167
"Thongård AS",891727149,69.6547278930703,18.9601952589167
"Thongård AS",891727152,69.6547278930703,18.9601952589167
"Thongård AS",891727155,69.6547278930703,18.9601952589167
"Thongård AS",891727158,69.6547278930703,18.9601952589167
"Thongård AS",891727161,69.6547278930703,18.9601952589167
"Thongård AS",891727164,69.6547278930703,18.9601952589167
"Thongård AS",891727167,69.6547278930703,18.9601952589167
"Thongård AS",891727170,69.6547278930703,18.9601952589167
"Thongård AS",891727173,69.6547278930703,18.9601952589167
"Thongård AS",891727176,69.6547278930703,18.9601952589167
"Thongård AS",891727179,69.6547278930703,18.9601952589167
"Thongård AS",891727182,69.6547278930703,18.9601952589167
"Thongård AS",891727185,69.6547278930703,18.9601952589167
"Thongård AS",891727188,69.6547278930703,18.9601952589167
"Thongård AS",891727191,69.6547278930703,18.9601952589167
"Thongård AS",891727194,69.6547278930703,18.9601952589167
"Thongård AS",891727197,69.6547278930703,18.9601952589167
"Thongård AS",891727200,69.6547278930703,18.9601952589167
"Thongård AS",891727203,69.6547278930703,18.9601952589167
"Thongård AS",891727206,69.6547278930703,18.9601952589167
"Thongård AS",891727209,69.6547278930703,18.9601952589167
"Thongård AS",891727212,69.6547278930703,18.9601952589167
"Thongård AS",891727215,69.6547278930703,18.9601952589167
"Thongård AS",891727218,69.6547278930703,18.9601952589167
"Thongård AS",891727221,69.6547278930703,18.9601952589167
"Thongård AS",891727224,69.6547278930703,18.9601952589167
"LUFTTRANSPORT FW AS",3136307,69.6828494109941,18.9121436630218
"TEMPEVEIEN 15 AS",3141866,69.6804906425666,18.9913773734056
"BUNKER OIL AS",4196213,69.6553993209694,18.9667779744147
"BUNKER EIENDOM AS",3146792,69.6544210725329,18.9695126686857
"SJØMENNENES HUS BERGEN AS",3136754,69.670044190238,18.9635481268093
"GC RIEBER HOLDING AS",3145935,69.6522709619147,18.9605863237225
"LHL BYGG AS",3141839,69.6860871410592,18.9830968530405
"LHL BYGG AS",3626451,69.6864127768439,18.9841871934866
"LHL BYGG AS",4318316,69.6856072597364,18.9860319100441
"LHL BYGG AS",4318317,69.6856338403236,18.9861274082554
"LHL BYGG AS",4318318,69.6856652730641,18.9860092070472
"LHL BYGG AS",4318319,69.6856370201596,18.9859082229646
"LHL BYGG AS",4323958,69.6856767993419,18.9829680203596
"LHL BYGG AS",4323959,69.6856767993419,18.9829680203596
"LHL BYGG AS",4323960,69.6856767993419,18.9829680203596
"LHL BYGG AS",4323961,69.6856767993419,18.9829680203596
"LHL BYGG AS",4323962,69.6855912449098,18.9823830939455
"LHL BYGG AS",4323963,69.6855912449098,18.9823830939455
"LHL BYGG AS",4323964,69.6855912449098,18.9823830939455
"LHL BYGG AS",4323966,69.6856863580978,18.9817545453461
"LHL BYGG AS",4323967,69.6856863580978,18.9817545453461
"LHL BYGG AS",4323968,69.6856863580978,18.9817545453461
"LHL BYGG AS",4323969,69.6856863580978,18.9817545453461
"LHL BYGG AS",4325350,69.6860871410592,18.9830968530405
"LHL BYGG AS",4325351,69.6860871410592,18.9830968530405
"LHL BYGG AS",4325352,69.6860871410592,18.9830968530405
"LHL BYGG AS",4325353,69.6860871410592,18.9830968530405
"LHL BYGG AS",4325356,69.6860871410592,18.9830968530405
"LHL BYGG AS",4325357,69.6860871410592,18.9830968530405
"LHL BYGG AS",4325358,69.6860871410592,18.9830968530405
"LHL BYGG AS",4325359,69.6860871410592,18.9830968530405
"LHL BYGG AS",4325360,69.6860871410592,18.9830968530405
"LHL BYGG AS",4325361,69.6860871410592,18.9830968530405
"LHL BYGG AS",4325362,69.6860871410592,18.9830968530405
"LHL BYGG AS",4325363,69.6860871410592,18.9830968530405
"LHL BYGG AS",4325364,69.6860871410592,18.9830968530405
"LHL BYGG AS",4325366,69.6860871410592,18.9830968530405
"LHL BYGG AS",4325367,69.6860871410592,18.9830968530405
"LHL BYGG AS",4325368,69.6860871410592,18.9830968530405
"LHL BYGG AS",4325369,69.6860871410592,18.9830968530405
"LHL BYGG AS",4325370,69.6860871410592,18.9830968530405
"LHL BYGG AS",4325371,69.6860871410592,18.9830968530405
"LHL BYGG AS",4325373,69.6860871410592,18.9830968530405
"LHL BYGG AS",4325374,69.6860871410592,18.9830968530405
"LHL BYGG AS",4325375,69.6860871410592,18.9830968530405
"LHL BYGG AS",4325377,69.6860871410592,18.9830968530405
"LHL BYGG AS",4325378,69.6860871410592,18.9830968530405
"LHL BYGG AS",4325379,69.6860871410592,18.9830968530405
"LHL BYGG AS",4325380,69.6862462683392,18.9835275519776
"LHL BYGG AS",234595861,69.6435612251939,18.9399751696285
"LHL BYGG AS",234595862,69.6435935444822,18.9401359918308
"LHL BYGG AS",234595863,69.6436174949832,18.9402694575435
"LHL BYGG AS",234595864,69.6436125926624,18.9400879157188
"LHL BYGG AS",234595865,69.6436275968234,18.9402197220356
"LHL BYGG AS",234595866,69.6436515472597,18.9403531880557
"LHL BYGG AS",234595867,69.6436376986495,18.9401699864801
"LHL BYGG AS",234595868,69.6436616491237,18.9403034525089
"LHL BYGG AS",234595869,69.6436855994953,18.9404369188364
"LHL BYGG AS",234595870,69.6436717509737,18.9402537169146
"LHL BYGG AS",234595871,69.6436957013831,18.9403871832507
"LHL BYGG AS",234595872,69.643714749632,18.9403391071368
"LHL BYGG AS",234595873,69.6435733408356,18.9402354627215
"LHL BYGG AS",234595874,69.6434986005392,18.9399635541914
"LHL BYGG AS",234595875,69.6435984467537,18.9403175335026
"LHL BYGG AS",234595876,69.6435087022923,18.9399138188126
"LHL BYGG AS",234595877,69.6435410216385,18.9400746405239
"LHL BYGG AS",234595878,69.6436414453817,18.940402923555
"LHL BYGG AS",234595879,69.6435182263537,18.939889780762
"LHL BYGG AS",234595880,69.6435511234232,18.9400249050999
"LHL BYGG AS",234595881,69.6435834426659,18.9401857272999
"Panda AS",3125313,69.6907042830824,19.0747477695562
"CIRCLE K NORGE AS",3135041,69.7123689789726,19.0070459921392
"CIRCLE K NORGE AS",3140834,69.6768279635761,18.9809697845846
"CIRCLE K NORGE AS",3394640,69.712145588903,19.0042334966723
"CIRCLE K NORGE AS",4099684,69.6508495213223,18.9526338355546
"CIRCLE K NORGE AS",4189802,69.6484904954427,18.9499982584655
"Esso Norge AS",3127378,69.6470647400365,18.9848881719114
"LYRECO NORGE AS",3142416,69.6850171236829,19.0060371615344
"Vinje Johan Eiendom AS",3142227,69.6962334281626,19.0109783100804
"MOELVEN BYGGMODUL HJELLUM AS",3128906,69.5425075497702,18.968228517702
"Frelsesarmeens Eiendommer AS",3145134,69.6523528871996,18.9572765436766
"Frelsesarmeens Eiendommer AS",3145660,69.6470942671257,18.9439805843402
"Frelsesarmeens Eiendommer AS",3145992,69.6490481708955,18.9484526369864
"Frelsesarmeens Eiendommer AS",3856440,69.6504076488008,18.9314133696906
"TELENOR INFRA AS",3125382,69.6854185246615,19.0721540554731
"TELENOR INFRA AS",3127184,69.6409144021045,18.9736458274551
"TELENOR INFRA AS",3131524,69.6928555046625,18.8728941356685
"TELENOR INFRA AS",3136256,69.6866761510696,18.9510664561829
"TELENOR INFRA AS",3137427,69.6568891470864,18.9269306566338
"TELENOR INFRA AS",3139500,69.6466597673627,18.9243940616666
"TELENOR INFRA AS",3142179,69.7140212690718,19.0122006908917
"TELENOR INFRA AS",3142277,69.7138371604465,19.0147549797727
"NORSK RIKSKRINGKASTING AS",3140718,69.6370461810482,18.9160147733512
"NORSK RIKSKRINGKASTING AS",3414381,69.6371376436444,18.9135293983649
"BYGGPROSJEKT AS",4099889,69.6532542835593,18.9559884914837
"BYGGPROSJEKT AS",4099890,69.6532542835593,18.9559884914837
"BYGGPROSJEKT AS",4099891,69.6532542835593,18.9559884914837
"BYGGPROSJEKT AS",4099892,69.6532542835593,18.9559884914837
"BYGGPROSJEKT AS",4099893,69.6532542835593,18.9559884914837
"BYGGPROSJEKT AS",4099894,69.6532542835593,18.9559884914837
"BYGGPROSJEKT AS",4099895,69.6532542835593,18.9559884914837
"BYGGPROSJEKT AS",4099896,69.6532542835593,18.9559884914837
"BYGGPROSJEKT AS",4099897,69.6532542835593,18.9559884914837
"BYGGPROSJEKT AS",4099898,69.6532542835593,18.9559884914837
"BYGGPROSJEKT AS",4099899,69.6532542835593,18.9559884914837
"BYGGPROSJEKT AS",4099900,69.6532542835593,18.9559884914837
"BYGGPROSJEKT AS",4099901,69.6532542835593,18.9559884914837
"BYGGPROSJEKT AS",4099902,69.6532542835593,18.9559884914837
"BYGGPROSJEKT AS",4099903,69.6532542835593,18.9559884914837
"TROMS KRAFT AS",3125580,69.6555291697267,19.0124008728244
"TROMS KRAFT AS",3125581,69.655340135851,19.0124167832986
"TROMS KRAFT AS",3125618,69.6557868264975,19.0125270390537
"TROMS KRAFT AS",3126448,69.6564390378812,19.0121364726829
"BILTREND LANGNES AS",3535591,69.6836427327096,18.9067343490152
"BISPEGATA MALING OG BELEGG AS",3146485,69.6528043515571,18.9563796750307
"KMC SKATTØRVEGEN 78 AS",3249411,69.701514767025,19.0202360198782
"NORDBYEN EIENDOM AS",3144898,69.6582749271324,18.9504272178656
"NORDBYEN EIENDOM AS",3145182,69.6572895436192,18.9654269750098
"NORDBYEN EIENDOM AS",3145186,69.6577173053885,18.9655404590274
"BOLIGPROSJEKT AS",3138559,69.6320746233687,18.9101471565418
"BOLIGPROSJEKT AS",3138764,69.6368493759912,18.9187902588071
"BOLIGPROSJEKT AS",3272154,69.6347158502461,18.9166583865584
"BOLIGPROSJEKT AS",3272155,69.6348270239619,18.9164673687132
"BOLIGPROSJEKT AS",3272156,69.6347863110873,18.9170427964601
"BOLIGPROSJEKT AS",3272157,69.6348807038261,18.9172407483979
"BOLIGPROSJEKT AS",3338376,69.6426332360625,18.9940690452786
"BOLIGPROSJEKT AS",3360812,69.6366735620515,18.9182161272069
"BOLIGPROSJEKT AS",3360813,69.6366184876975,18.9186702940459
"BOLIGPROSJEKT AS",3415734,69.6822354638341,18.7707818573746
"BOLIGPROSJEKT AS",3415735,69.6821672211978,18.7709480686204
"BOLIGPROSJEKT AS",3415736,69.6821180005341,18.7711486794057
"BOLIGPROSJEKT AS",3415737,69.6820584291032,18.7713293548144
"BOLIGPROSJEKT AS",3415738,69.682013063837,18.7715177258681
"BOLIGPROSJEKT AS",4151255,69.6368493759912,18.9187902588071
"BOLIGPROSJEKT AS",4151256,69.6368493759912,18.9187902588071
"STRANDGATA EIENDOM AS",3146145,69.6478612466423,18.9544779977031
"STRANDGATA EIENDOM AS",3146147,69.6479810264214,18.9543454397944
"STRANDGATA EIENDOM AS",3146295,69.6480022282621,18.9557947656866
"BILITTVEIEN 6 AS",3136710,69.6768464659007,18.9323321167644
"CINCLUS EIENDOM AS",3125255,69.6987061668758,19.0853436746959
"CINCLUS EIENDOM AS",3380652,69.683927877842,19.0033750398229
"CINCLUS EIENDOM AS",4099243,69.6640783841686,18.9687362640709
"CINCLUS EIENDOM AS",4099252,69.6640783841686,18.9687362640709
"CINCLUS EIENDOM AS",4099814,69.6540916964262,18.9603605802322
"CINCLUS EIENDOM AS",4099815,69.654199527292,18.9604788040463
"CINCLUS EIENDOM AS",4099816,69.654199527292,18.9604788040463
"CINCLUS EIENDOM AS",4099817,69.6543025711348,18.9605703179162
"CINCLUS EIENDOM AS",4099818,69.6543025711348,18.9605703179162
"CINCLUS EIENDOM AS",4099821,69.654199527292,18.9604788040463
"CINCLUS EIENDOM AS",4099822,69.654199527292,18.9604788040463
"CINCLUS EIENDOM AS",4099823,69.6543025711348,18.9605703179162
"CINCLUS EIENDOM AS",4099824,69.6543025711348,18.9605703179162
"CINCLUS EIENDOM AS",4099826,69.6540916964262,18.9603605802322
"CINCLUS EIENDOM AS",4099827,69.654199527292,18.9604788040463
"CINCLUS EIENDOM AS",4099830,69.6543025711348,18.9605703179162
"CINCLUS EIENDOM AS",4099835,69.6542686804167,18.9607576038458
"CINCLUS EIENDOM AS",4099836,69.6541200805141,18.9605749730025
"Ramses AS",4099320,69.673231671679,18.9743511551537
"CEFO MANAGEMENT AS",4099855,69.648026311121,18.9515405489028
"CEFO MANAGEMENT AS",4099856,69.648026311121,18.9515405489028
"TROMS KRAFT PRODUKSJON AS",3134547,69.9674633082982,18.9038291566322
"TROMS KRAFT PRODUKSJON AS",3335366,69.9674481685913,18.9028830001398
"TROMS KRAFT PRODUKSJON AS",3562940,69.963385767306,18.9078516829828
"ARVA AS",3127142,69.6394772129861,18.9736350373341
"ARVA AS",3127470,69.6394772129861,18.9736350373341
"ARVA AS",3128934,69.5439503885713,18.9937143433382
"ARVA AS",3140115,69.6639535426926,18.9507870134102
"ARVA AS",3141845,69.687390982245,18.9786873168272
"ARVA AS",3143506,69.6030163831304,19.8213619001543
"ARVA AS",3146607,69.6556069747713,18.9579864268214
"UNO-X MOBILITY NORGE AS",3145049,69.6546609479395,18.9676469350404
"BERG EIENDOM AS",3142238,69.6916596453787,19.009439909727
"West Coast Invest AS",4345230,69.6756999900439,18.9259196857648
"West Coast Invest AS",4345231,69.6756999900439,18.9259196857648
"STRØMS EIENDOMMER AS",260395981,69.6360282224383,18.9351064414101
"TROMA COMPANY AS",3145161,69.6537351436014,18.9581279892409
"TROMA COMPANY AS",3258342,69.6548902544087,18.9403478214353
"TROMA COMPANY AS",4175774,69.6536658957265,18.9580118098447
"TROMA COMPANY AS",4175775,69.6536658957265,18.9580118098447
"TROMA COMPANY AS",4240996,69.6537351436014,18.9581279892409
"TROMA COMPANY AS",4240997,69.6537351436014,18.9581279892409
"ELISABETH SENTERET EIENDOM AS",3145488,69.6437324356682,18.9389927981578
"NOR BYGG AS",3144874,69.6534646515863,18.9485691888765
"NOR BYGG AS",3144877,69.6538979498226,18.9489156949892
"NOR BYGG AS",3655325,69.6536303402258,18.9500276858173
"NOR BYGG AS",4143750,69.6323854261588,18.9263749762964
"NOR BYGG AS",4143751,69.6323854261588,18.9263749762964
"NOR BYGG AS",4143752,69.6323112151505,18.926639806265
"NOR BYGG AS",4143753,69.6323112151505,18.926639806265
"NOR BYGG AS",4143754,69.6323854261588,18.9263749762964
"NOR BYGG AS",4143755,69.6323854261588,18.9263749762964
"NOR BYGG AS",4143756,69.6323112151505,18.926639806265
"NOR BYGG AS",4143757,69.6323112151505,18.926639806265
"NOR BYGG AS",4143758,69.6323112151505,18.926639806265
"NOR BYGG AS",4143759,69.6321451379434,18.927315783335
"NOR BYGG AS",4143760,69.6321451379434,18.927315783335
"NOR BYGG AS",4143761,69.6321451379434,18.927315783335
"NOR BYGG AS",4143762,69.6321451379434,18.927315783335
"NOR BYGG AS",4143763,69.6321451379434,18.927315783335
"NOR BYGG AS",4143764,69.6321451379434,18.927315783335
"NOR BYGG AS",4143765,69.6321451379434,18.927315783335
"NOR BYGG AS",4145533,69.6321285423382,18.925811716657
"NOR BYGG AS",4145534,69.6321285423382,18.925811716657
"NOR BYGG AS",4145535,69.6320786292902,18.9260346107364
"NOR BYGG AS",4145536,69.6320786292902,18.9260346107364
"NOR BYGG AS",4145537,69.6320786292902,18.9260346107364
"NOR BYGG AS",4145538,69.6321285423382,18.925811716657
"NOR BYGG AS",4145539,69.6321285423382,18.925811716657
"NOR BYGG AS",4145540,69.6320786292902,18.9260346107364
"NOR BYGG AS",4145541,69.6320786292902,18.9260346107364
"NOR BYGG AS",4145542,69.6320786292902,18.9260346107364
"NOR BYGG AS",4145543,69.6320786292902,18.9260346107364
"NOR BYGG AS",4145544,69.6319003217285,18.9267753797204
"NOR BYGG AS",4145545,69.6319003217285,18.9267753797204
"NOR BYGG AS",4145546,69.6319003217285,18.9267753797204
"NOR BYGG AS",4145547,69.6319003217285,18.9267753797204
"NOR BYGG AS",4145548,69.6319003217285,18.9267753797204
"NOR BYGG AS",4145549,69.6319003217285,18.9267753797204
"NOR BYGG AS",4145550,69.6319003217285,18.9267753797204
"NOR BYGG AS",4164512,69.6325987269476,18.9268786158715
"NOR BYGG AS",4164513,69.6325987269476,18.9268786158715
"NOR BYGG AS",4164514,69.6325190940723,18.9272249758762
"NOR BYGG AS",4164515,69.6325190940723,18.9272249758762
"NOR BYGG AS",4164516,69.6325190940723,18.9272249758762
"NOR BYGG AS",4164517,69.6325987269476,18.9268786158715
"NOR BYGG AS",4164518,69.6325987269476,18.9268786158715
"NOR BYGG AS",4164519,69.6325190940723,18.9272249758762
"NOR BYGG AS",4164520,69.6325190940723,18.9272249758762
"NOR BYGG AS",4164521,69.6325190940723,18.9272249758762
"NOR BYGG AS",4164522,69.6325190940723,18.9272249758762
"NOR BYGG AS",4164523,69.6324039830026,18.927951638888
"NOR BYGG AS",4164524,69.6324039830026,18.927951638888
"NOR BYGG AS",4164525,69.6324039830026,18.927951638888
"NOR BYGG AS",4164526,69.6324039830026,18.927951638888
"NOR BYGG AS",4164527,69.6324039830026,18.927951638888
"NOR BYGG AS",4164528,69.6324039830026,18.927951638888
"NOR BYGG AS",4164529,69.6324039830026,18.927951638888
"NOR BYGG AS",4164815,69.6318442415182,18.9252691980086
"NOR BYGG AS",4164816,69.6318442415182,18.9252691980086
"NOR BYGG AS",4164817,69.6317836560139,18.9255674891554
"NOR BYGG AS",4164818,69.6317836560139,18.9255674891554
"NOR BYGG AS",4164820,69.6318442415182,18.9252691980086
"NOR BYGG AS",4164821,69.6317836560139,18.9255674891554
"NOR BYGG AS",4164822,69.6317836560139,18.9255674891554
"NOR BYGG AS",4164823,69.6317836560139,18.9255674891554
"NOR BYGG AS",4164824,69.6316154482672,18.926258537596
"NOR BYGG AS",4164825,69.6316154482672,18.926258537596
"NOR BYGG AS",4164827,69.6316154482672,18.926258537596
"NOR BYGG AS",4164828,69.6316154482672,18.926258537596
"NOR BYGG AS",4164829,69.6316154482672,18.926258537596
"NOR BYGG AS",4164830,69.6316154482672,18.926258537596
"NOR BYGG AS",4164831,69.6316154482672,18.926258537596
"NOR BYGG AS",4164832,69.6316154482672,18.926258537596
"NOR BYGG AS",4164833,69.6316154482672,18.926258537596
"NOR BYGG AS",4173678,69.6335075081581,18.9268143928701
"NOR BYGG AS",4173679,69.6335075081581,18.9268143928701
"NOR BYGG AS",4277777,69.6391772717676,18.9404109074555
"NOR BYGG AS",4277778,69.6391772717676,18.9404109074555
"NOR BYGG AS",234599956,69.6399127672965,18.9436975173322
"NOR BYGG AS",234599958,69.6399127672965,18.9436975173322
"NOR BYGG AS",234599960,69.6399127672965,18.9436975173322
"NOR BYGG AS",234599971,69.6399127672965,18.9436975173322
"NOR BYGG AS",274580599,69.637811881946,18.9354083793839
"NOR BYGG AS",274580600,69.637811881946,18.9354083793839
"NOR BYGG AS",274580601,69.637811881946,18.9354083793839
"NOR BYGG AS",274580602,69.637811881946,18.9354083793839
"NOR BYGG AS",274580603,69.637811881946,18.9354083793839
"NOR BYGG AS",274580604,69.637811881946,18.9354083793839
"NOR BYGG AS",274580605,69.637811881946,18.9354083793839
"NOR BYGG AS",274580606,69.637811881946,18.9354083793839
"NOR BYGG AS",274580607,69.637811881946,18.9354083793839
"NOR BYGG AS",274580608,69.637811881946,18.9354083793839
"NOR BYGG AS",274580609,69.637811881946,18.9354083793839
"NOR BYGG AS",274580610,69.637811881946,18.9354083793839
"NOR BYGG AS",274580611,69.637811881946,18.9354083793839
"NOR BYGG AS",274580612,69.637811881946,18.9354083793839
"NOR BYGG AS",274580613,69.637811881946,18.9354083793839
"NOR BYGG AS",274580614,69.637811881946,18.9354083793839
"NOR BYGG AS",274580615,69.637811881946,18.9354083793839
"NOR BYGG AS",274580616,69.637811881946,18.9354083793839
"NOR BYGG AS",274580617,69.637811881946,18.9354083793839
"NOR BYGG AS",274580618,69.637811881946,18.9354083793839
"NOR BYGG AS",274580619,69.637811881946,18.9354083793839
"NOR BYGG AS",274580620,69.6377691432834,18.9357513091592
"NOR BYGG AS",274580621,69.6377806864142,18.9356373586364
"NOR BYGG AS",274580622,69.6377948556993,18.9355264741392
"NOR BYGG AS",274580623,69.6375945685204,18.9351643342737
"NOR BYGG AS",274580624,69.6375945685204,18.9351643342737
"NOR BYGG AS",274580625,69.6375945685204,18.9351643342737
"NOR BYGG AS",274580626,69.6375945685204,18.9351643342737
"NOR BYGG AS",274580627,69.6375945685204,18.9351643342737
"NOR BYGG AS",274580628,69.6375945685204,18.9351643342737
"NOR BYGG AS",274580629,69.6375945685204,18.9351643342737
"NOR BYGG AS",274580630,69.6375945685204,18.9351643342737
"NOR BYGG AS",274580631,69.6375945685204,18.9351643342737
"NOR BYGG AS",274580632,69.6375945685204,18.9351643342737
"NOR BYGG AS",274580633,69.6375945685204,18.9351643342737
"NOR BYGG AS",274580634,69.6375945685204,18.9351643342737
"NOR BYGG AS",274580635,69.6375945685204,18.9351643342737
"NOR BYGG AS",274580636,69.6375945685204,18.9351643342737
"NOR BYGG AS",274580637,69.6375945685204,18.9351643342737
"NOR BYGG AS",274580638,69.6375945685204,18.9351643342737
"NOR BYGG AS",274580639,69.6375945685204,18.9351643342737
"NOR BYGG AS",274580640,69.6375945685204,18.9351643342737
"NOR BYGG AS",274580641,69.6375945685204,18.9351643342737
"NOR BYGG AS",274580642,69.6375945685204,18.9351643342737
"NOR BYGG AS",274580643,69.6375945685204,18.9351643342737
"NOR BYGG AS",274580644,69.6375489156067,18.9355170400975
"NOR BYGG AS",274580645,69.6375611801253,18.9354109634065
"NOR BYGG AS",274580646,69.6375773693457,18.9352901351296
"NOR BYGG AS",274580647,69.6374283924279,18.9348033584328
"NOR BYGG AS",274580648,69.6374283924279,18.9348033584328
"NOR BYGG AS",274580649,69.6374283924279,18.9348033584328
"NOR BYGG AS",274580650,69.6374283924279,18.9348033584328
"NOR BYGG AS",274580651,69.6374283924279,18.9348033584328
"NOR BYGG AS",274580652,69.6374283924279,18.9348033584328
"NOR BYGG AS",274580653,69.6374283924279,18.9348033584328
"NOR BYGG AS",274580654,69.6374283924279,18.9348033584328
"NOR BYGG AS",274580655,69.6374283924279,18.9348033584328
"NOR BYGG AS",274580656,69.6374283924279,18.9348033584328
"NOR BYGG AS",274580657,69.6374283924279,18.9348033584328
"NOR BYGG AS",274580658,69.6374283924279,18.9348033584328
"NOR BYGG AS",274580659,69.6374283924279,18.9348033584328
"NOR BYGG AS",274580660,69.6374283924279,18.9348033584328
"NOR BYGG AS",274580661,69.6374283924279,18.9348033584328
"NOR BYGG AS",274580662,69.6371662934118,18.9350334297968
"NOR BYGG AS",274580663,69.6371662934118,18.9350334297968
"NOR BYGG AS",274580664,69.6371662934118,18.9350334297968
"NOR BYGG AS",274580665,69.6371662934118,18.9350334297968
"NOR BYGG AS",274580666,69.6371662934118,18.9350334297968
"NOR BYGG AS",274580667,69.6371662934118,18.9350334297968
"NOR BYGG AS",274580668,69.6371662934118,18.9350334297968
"NOR BYGG AS",274580669,69.6371662934118,18.9350334297968
"NOR BYGG AS",274580670,69.6371662934118,18.9350334297968
"NOR BYGG AS",274580671,69.6371662934118,18.9350334297968
"NOR BYGG AS",274580672,69.6371662934118,18.9350334297968
"NOR BYGG AS",274580673,69.6371662934118,18.9350334297968
"NOR BYGG AS",274580674,69.6371662934118,18.9350334297968
"NOR BYGG AS",274580675,69.6371662934118,18.9350334297968
"NOR BYGG AS",274580676,69.6371662934118,18.9350334297968
"NOR BYGG AS",274580677,69.6371662934118,18.9350334297968
"NOR BYGG AS",274580678,69.6371662934118,18.9350334297968
"NOR BYGG AS",274580679,69.6371662934118,18.9350334297968
"NOR BYGG AS",274580680,69.6371662934118,18.9350334297968
"NOR BYGG AS",274580681,69.6371662934118,18.9350334297968
"NOR BYGG AS",274580682,69.6371662934118,18.9350334297968
"NOR BYGG AS",274580683,69.6371662934118,18.9350334297968
"NOR BYGG AS",274580684,69.6371662934118,18.9350334297968
"NOR BYGG AS",274580685,69.6371662934118,18.9350334297968
"NOR BYGG AS",274580686,69.6371054020536,18.9352646421791
"NOR BYGG AS",274580687,69.6371362808431,18.9351697536817
"NOR BYGG AS",274580688,69.6371866086065,18.93484887575
"NOR BYGG AS",274580689,69.6372083667611,18.9346800666083
"NOR BYGG AS",276747041,69.6377723778648,18.9368869965231
"NOR BYGG AS",276747042,69.6377723778648,18.9368869965231
"NOR BYGG AS",276747043,69.6377723778648,18.9368869965231
"NOR BYGG AS",276747046,69.6377723778648,18.9368869965231
"NOR BYGG AS",276747047,69.6377723778648,18.9368869965231
"NOR BYGG AS",276747048,69.6377723778648,18.9368869965231
"NOR BYGG AS",276747049,69.6377723778648,18.9368869965231
"NOR BYGG AS",276747050,69.6377723778648,18.9368869965231
"NOR BYGG AS",276747051,69.6377723778648,18.9368869965231
"NOR BYGG AS",276747052,69.6377723778648,18.9368869965231
"NOR BYGG AS",276747056,69.6377723778648,18.9368869965231
"NOR BYGG AS",276747057,69.6377723778648,18.9368869965231
"NOR BYGG AS",276747058,69.6377723778648,18.9368869965231
"NOR BYGG AS",276747059,69.6377723778648,18.9368869965231
"NOR BYGG AS",276747060,69.6377723778648,18.9368869965231
"NOR BYGG AS",276747061,69.6377259710352,18.9372730991016
"NOR BYGG AS",276747062,69.6375139130035,18.9366353127069
"NOR BYGG AS",276747063,69.6375139130035,18.9366353127069
"NOR BYGG AS",276747064,69.6375139130035,18.9366353127069
"NOR BYGG AS",276747065,69.6375139130035,18.9366353127069
"NOR BYGG AS",276747066,69.6375139130035,18.9366353127069
"NOR BYGG AS",276747067,69.6375139130035,18.9366353127069
"NOR BYGG AS",276747068,69.6375139130035,18.9366353127069
"NOR BYGG AS",276747069,69.6375139130035,18.9366353127069
"NOR BYGG AS",276747070,69.6375139130035,18.9366353127069
"NOR BYGG AS",276747071,69.6375139130035,18.9366353127069
"NOR BYGG AS",276747072,69.6375139130035,18.9366353127069
"NOR BYGG AS",276747073,69.6375139130035,18.9366353127069
"NOR BYGG AS",276747074,69.6375139130035,18.9366353127069
"NOR BYGG AS",276747075,69.6375139130035,18.9366353127069
"NOR BYGG AS",276747076,69.6375139130035,18.9366353127069
"NOR BYGG AS",276747077,69.6374436112375,18.93696538972
"NOR BYGG AS",276747078,69.6372721282931,18.9362809579741
"NOR BYGG AS",276747079,69.6372721282931,18.9362809579741
"NOR BYGG AS",276747080,69.6372721282931,18.9362809579741
"NOR BYGG AS",276747081,69.6372721282931,18.9362809579741
"NOR BYGG AS",276747082,69.6372721282931,18.9362809579741
"NOR BYGG AS",276747083,69.6372721282931,18.9362809579741
"NOR BYGG AS",276747084,69.6372721282931,18.9362809579741
"NOR BYGG AS",276747085,69.6372721282931,18.9362809579741
"NOR BYGG AS",276747086,69.6372721282931,18.9362809579741
"NOR BYGG AS",276747087,69.6372721282931,18.9362809579741
"NOR BYGG AS",276747088,69.6372721282931,18.9362809579741
"NOR BYGG AS",276747089,69.6372721282931,18.9362809579741
"NOR BYGG AS",276747090,69.6372721282931,18.9362809579741
"NOR BYGG AS",276747091,69.6372721282931,18.9362809579741
"NOR BYGG AS",276747092,69.6372721282931,18.9362809579741
"NOR BYGG AS",276747093,69.6372205858388,18.936735752546
"NOR BYGG AS",276747094,69.6370721895514,18.936063345297
"NOR BYGG AS",276747098,69.6370721895514,18.936063345297
"NOR BYGG AS",276747099,69.6370721895514,18.936063345297
"NOR BYGG AS",276747100,69.6370721895514,18.936063345297
"NOR BYGG AS",276747101,69.6370721895514,18.936063345297
"NOR BYGG AS",276747102,69.6370721895514,18.936063345297
"NOR BYGG AS",276747103,69.6370721895514,18.936063345297
"NOR BYGG AS",276747104,69.6370721895514,18.936063345297
"NOR BYGG AS",276747105,69.6370721895514,18.936063345297
"NOR BYGG AS",276747106,69.6370721895514,18.936063345297
"NOR BYGG AS",276747107,69.6370721895514,18.936063345297
"NOR BYGG AS",276747108,69.6370721895514,18.936063345297
"NOR BYGG AS",276747109,69.6370721895514,18.936063345297
"NOR BYGG AS",276747110,69.6370721895514,18.936063345297
"NOR BYGG AS",276747111,69.6370721895514,18.936063345297
"NOR BYGG AS",276747112,69.6369729430486,18.9365221971611
"NOR BYGG AS",757127219,69.653429223115,18.9499825227614
"NOR BYGG AS",757127222,69.653398554524,18.949868386534
"NOR BYGG AS",757127225,69.6533630073131,18.9497714147427
"NOR BYGG AS",757127228,69.6532467440099,18.9496284476044
"NOR BYGG AS",757127231,69.6533131322164,18.9494729896483
"NOR BYGG AS",757127234,69.6533018354869,18.9492566101809
"NOR BYGG AS",757127237,69.6532968690031,18.9496764973279
"NOR BYGG AS",757127240,69.6532963955403,18.9490593919944
"NOR BYGG AS",757127243,69.6532869136379,18.9488820754425
"NOR BYGG AS",757127246,69.6532968690031,18.9496764973279
"NOR BYGG AS",757127249,69.6532968690031,18.9496764973279
"NOR BYGG AS",757127252,69.6532719393473,18.949227814187
"NOR BYGG AS",757127255,69.653266814939,18.9490564715595
"NOR BYGG AS",757127258,69.6532374456934,18.948924507742
"NOR BYGG AS",757127261,69.6531434334225,18.9483519688598
"NOR BYGG AS",757127264,69.6531076799975,18.9483040136645
"NOR BYGG AS",757127267,69.6530472822303,18.9482334042874
"NOR BYGG AS",757127270,69.6530739689069,18.9479259895249
"NOR BYGG AS",757127273,69.6530739689069,18.9479259895249
"NOR BYGG AS",757127276,69.6530739689069,18.9479259895249
"NOR BYGG AS",757127279,69.6530739689069,18.9479259895249
"NOR BYGG AS",757127282,69.6530739689069,18.9479259895249
"NOR BYGG AS",757127285,69.6530739689069,18.9479259895249
"NOR BYGG AS",757127288,69.6530739689069,18.9479259895249
"NOR BYGG AS",757127291,69.6530739689069,18.9479259895249
"NOR BYGG AS",757127294,69.6530739689069,18.9479259895249
"NOR BYGG AS",757127297,69.6530739689069,18.9479259895249
"NOR BYGG AS",757127300,69.6530739689069,18.9479259895249
"KVITEBJØRN VARME AS",3451459,69.6820446125693,18.9851422073923
"KVITEBJØRN VARME AS",274805590,69.7081412363486,19.0150258376973
"BERG EIENDOMSUTVIKLING AS",4146463,69.6342724583552,18.9273555193878
"BERG EIENDOMSUTVIKLING AS",4174048,69.6353103379785,18.9345504846689
"BERG EIENDOMSUTVIKLING AS",4174049,69.6353103379785,18.9345504846689
"BOLIGPLAN AS",4357047,69.662611019439,18.9609199593538
"BOLIGPLAN AS",4357048,69.662611019439,18.9609199593538
"BOLIGPLAN AS",4357049,69.662611019439,18.9609199593538
"BOLIGPLAN AS",352207789,69.6440397961427,18.9383478944199
"BOLIGPLAN AS",352207792,69.6440397961427,18.9383478944199
"ARCTIC SAFARI HOLDING AS",3382229,69.6883304624539,18.7985568388957
"IGLOO EIENDOM AS",4124747,69.6577129638359,18.9474563896212
"IGLOO EIENDOM AS",4124748,69.6577129638359,18.9474563896212
"GABRIELSEN TOR EIENDOM AS",3131521,69.6947762528906,18.8766336623724
"GABRIELSEN TOR EIENDOM AS",4212000,69.6949124164904,18.8773827893427
"GABRIELSEN TOR EIENDOM AS",4212001,69.6949543078353,18.8775197849071
"GABRIELSEN TOR EIENDOM AS",4212002,69.6949967678245,18.8776310193873
"GABRIELSEN TOR EIENDOM AS",4212003,69.6949510479975,18.8772605315777
"GABRIELSEN TOR EIENDOM AS",4212004,69.6950018864313,18.8773991646964
"GABRIELSEN TOR EIENDOM AS",4212005,69.695035399504,18.8775087615963
"WILLIAM EIENDOM AS",3683841,69.700184098471,19.0202007528035
"WILLIAM EIENDOM AS",4130390,69.6464543311364,18.9515319412815
"WILLIAM EIENDOM AS",4130391,69.6464274923812,18.9515269478771
"WILLIAM EIENDOM AS",4130392,69.6465152293965,18.9516207238738
"WILLIAM EIENDOM AS",4130393,69.6465152293965,18.9516207238738
"WILLIAM EIENDOM AS",4130394,69.6465152293965,18.9516207238738
"WILLIAM EIENDOM AS",4130395,69.6465097595244,18.9514648556047
"WILLIAM EIENDOM AS",4130396,69.6465097595244,18.9514648556047
"WILLIAM EIENDOM AS",4130397,69.6465097595244,18.9514648556047
"WILLIAM EIENDOM AS",4130398,69.6465097595244,18.9514648556047
"WILLIAM EIENDOM AS",4130399,69.6465097595244,18.9514648556047
"WILLIAM EIENDOM AS",4130400,69.6465097595244,18.9514648556047
"WILLIAM EIENDOM AS",4148952,69.6489101724225,18.9489947998246
"WILLIAM EIENDOM AS",4148953,69.6489309728095,18.9488696382582
"WILLIAM EIENDOM AS",4148954,69.6489309728095,18.9488696382582
"WILLIAM EIENDOM AS",4148955,69.6488697549456,18.9491937738165
"WILLIAM EIENDOM AS",4148956,69.648890542757,18.9490685833349
"WILLIAM EIENDOM AS",4148957,69.6488804383881,18.9491183268229
"WILLIAM EIENDOM AS",4187267,69.6555788114424,18.9667856677942
"WILLIAM EIENDOM AS",4187268,69.6556041252148,18.9672551552392
"WILLIAM EIENDOM AS",4187269,69.655644133158,18.9662815035449
"WILLIAM EIENDOM AS",4187270,69.655644133158,18.9662815035449
"WILLIAM EIENDOM AS",371748992,69.6527601540148,18.962791930812
"WILLIAM EIENDOM AS",371748995,69.6527337548696,18.963125196486
"WILLIAM EIENDOM AS",371748998,69.652825064837,18.9629408730258
"WILLIAM EIENDOM AS",371749001,69.652825064837,18.9629408730258
"WILLIAM EIENDOM AS",371749004,69.652825064837,18.9629408730258
"WILLIAM EIENDOM AS",462252142,69.6925843504516,19.0106495514362
"WILLIAM EIENDOM AS",462252145,69.6925843504516,19.0106495514362
"WILLIAM EIENDOM AS",548192419,69.6559431308132,18.962593440952
"WILLIAM EIENDOM AS",548192422,69.6559431308132,18.962593440952
"WILLIAM EIENDOM AS",548192425,69.6560604521827,18.9627289507274
"WILLIAM EIENDOM AS",548192428,69.6560604521827,18.9627289507274
"WILLIAM EIENDOM AS",548192431,69.6561697449078,18.9629016938594
"WILLIAM EIENDOM AS",548192434,69.6561697449078,18.9629016938594
"WILLIAM EIENDOM AS",548192437,69.6561159550593,18.9623003657577
"WILLIAM EIENDOM AS",548192440,69.6560141326722,18.9619560250787
"WILLIAM EIENDOM AS",548192443,69.6559652194375,18.9619339858406
"WILLIAM EIENDOM AS",548192446,69.6560141326722,18.9619560250787
"WILLIAM EIENDOM AS",548192449,69.6558104392243,18.9621839538402
"WILLIAM EIENDOM AS",548192452,69.6558104392243,18.9621839538402
"WILLIAM EIENDOM AS",548192455,69.6558104392243,18.9621839538402
"WILLIAM EIENDOM AS",548192468,69.6558104392243,18.9621839538402
"WILLIAM EIENDOM AS",548192471,69.6560604521827,18.9627289507274
"WILLIAM EIENDOM AS",548192474,69.6560604521827,18.9627289507274
"WILLIAM EIENDOM AS",548192477,69.6560604521827,18.9627289507274
"WILLIAM EIENDOM AS",548192480,69.6560604521827,18.9627289507274
"WILLIAM EIENDOM AS",548192483,69.6560604521827,18.9627289507274
"WILLIAM EIENDOM AS",548192486,69.6560604521827,18.9627289507274
"WILLIAM EIENDOM AS",548192489,69.6560604521827,18.9627289507274
"WILLIAM EIENDOM AS",548192492,69.6560604521827,18.9627289507274
"WILLIAM EIENDOM AS",548192495,69.6562225874334,18.9625113412096
"WILLIAM EIENDOM AS",548192498,69.6561159550593,18.9623003657577
"WILLIAM EIENDOM AS",548192501,69.6561159550593,18.9623003657577
"WILLIAM EIENDOM AS",548192504,69.6560141326722,18.9619560250787
"WILLIAM EIENDOM AS",548192507,69.6560141326722,18.9619560250787
"WILLIAM EIENDOM AS",548192510,69.6560141326722,18.9619560250787
"WILLIAM EIENDOM AS",548192513,69.6560141326722,18.9619560250787
"WILLIAM EIENDOM AS",548192516,69.6558104392243,18.9621839538402
"WILLIAM EIENDOM AS",548192519,69.6558104392243,18.9621839538402
"WILLIAM EIENDOM AS",548192522,69.6558104392243,18.9621839538402
"WILLIAM EIENDOM AS",548192525,69.6560604521827,18.9627289507274
"WILLIAM EIENDOM AS",548192528,69.6560604521827,18.9627289507274
"WILLIAM EIENDOM AS",548192531,69.6560604521827,18.9627289507274
"WILLIAM EIENDOM AS",548192534,69.6560604521827,18.9627289507274
"WILLIAM EIENDOM AS",548192537,69.6560604521827,18.9627289507274
"WILLIAM EIENDOM AS",548192540,69.6560604521827,18.9627289507274
"WILLIAM EIENDOM AS",548192543,69.6560604521827,18.9627289507274
"WILLIAM EIENDOM AS",548192546,69.6560604521827,18.9627289507274
"WILLIAM EIENDOM AS",548192549,69.6560604521827,18.9627289507274
"WILLIAM EIENDOM AS",548192552,69.6558104392243,18.9621839538402
"WILLIAM EIENDOM AS",548192555,69.6560604521827,18.9627289507274
"WILLIAM EIENDOM AS",548192558,69.6560604521827,18.9627289507274
"WILLIAM EIENDOM AS",548192561,69.6560604521827,18.9627289507274
"WILLIAM EIENDOM AS",548192564,69.6560604521827,18.9627289507274
"WILLIAM EIENDOM AS",548192567,69.6560604521827,18.9627289507274
"WILLIAM EIENDOM AS",548192570,69.6560604521827,18.9627289507274
"WILLIAM EIENDOM AS",571458452,69.7001653164124,19.0211390527603
"Toa Eiendom AS",3145796,69.6583788632951,18.9661211303407
"Casper AS",4099683,69.6508495213223,18.9526338355546
"BONORD UTLEIEBOLIGER AS",3270961,69.67166153405,19.0356601793944
"BONORD UTLEIEBOLIGER AS",3629484,69.670354875704,19.0332126272121
"BONORD UTLEIEBOLIGER AS",234621637,69.6703311236643,19.0325646837653
"BONORD UTLEIEBOLIGER AS",234621638,69.6703311364508,19.0325647135293
"BONORD UTLEIEBOLIGER AS",234621639,69.6703311364508,19.0325647135293
"BONORD UTLEIEBOLIGER AS",234621640,69.6706139134884,19.0331611101918
"BONORD UTLEIEBOLIGER AS",234621641,69.6706491033993,19.0331936414564
"BONORD UTLEIEBOLIGER AS",234621642,69.6706741650709,19.0332759263973
"BONORD UTLEIEBOLIGER AS",234621643,69.6706998181654,19.0333324842073
"BONORD UTLEIEBOLIGER AS",234621644,69.6707254712413,19.0333890421543
"BONORD UTLEIEBOLIGER AS",234621645,69.6707511242984,19.0334456002384
"BONORD UTLEIEBOLIGER AS",234621646,69.6707863141541,19.0334781321893
"BONORD UTLEIEBOLIGER AS",234621647,69.6708209125146,19.033536391716
"BONORD UTLEIEBOLIGER AS",234621648,69.6708459740218,19.0336186777284
"BONORD UTLEIEBOLIGER AS",234622191,69.6701779575828,19.0329748564304
"BONORD UTLEIEBOLIGER AS",234622192,69.6702131475326,19.0330073867005
"BONORD UTLEIEBOLIGER AS",234622193,69.6702471546368,19.0330913706532
"BONORD UTLEIEBOLIGER AS",234622194,69.6702817531338,19.0331496280508
"BONORD UTLEIEBOLIGER AS",234622195,69.6702417577689,19.0329353090471
"BONORD UTLEIEBOLIGER AS",234622196,69.6702847102467,19.0330209939056
"BONORD UTLEIEBOLIGER AS",234622197,69.6703420047313,19.0332644424033
"BONORD UTLEIEBOLIGER AS",234622198,69.6703766031689,19.0333227003457
"BONORD UTLEIEBOLIGER AS",234622199,69.6704183725046,19.0334598404989
"BONORD UTLEIEBOLIGER AS",234622200,69.6704469829264,19.0333877627706
"BONORD UTLEIEBOLIGER AS",234622201,69.6704821727955,19.0334202941468
"BONORD UTLEIEBOLIGER AS",234622202,69.6704529708755,19.0335180989708
"BONORD UTLEIEBOLIGER AS",234622203,69.6704934839905,19.0333190869477
"BONORD UTLEIEBOLIGER AS",234622204,69.6705144052247,19.0335814611177
"BONORD UTLEIEBOLIGER AS",234622205,69.6705400582214,19.0336380188637
"BONORD UTLEIEBOLIGER AS",234622206,69.6705740650158,19.0337220051253
"BONORD UTLEIEBOLIGER AS",234622207,69.6706092548202,19.0337545372541
"BONORD UTLEIEBOLIGER AS",234622208,69.6706426700212,19.0338642512178
"BONORD UTLEIEBOLIGER AS",234622209,69.670677859798,19.0338967836897
"BONORD UTLEIEBOLIGER AS",234622210,69.6707035126903,19.0339533422546
"BONORD UTLEIEBOLIGER AS",234622211,69.6707291655638,19.0340099009565
"BONORD UTLEIEBOLIGER AS",234622212,69.6706879882059,19.0338470304148
"BONORD UTLEIEBOLIGER AS",234622213,69.6707136411142,19.0339035889473
"BONORD UTLEIEBOLIGER AS",234625361,69.670354875704,19.0332126272121
"BONORD UTLEIEBOLIGER AS",497243899,69.6712654351338,19.0349129559586
"BONORD UTLEIEBOLIGER AS",497243902,69.6712654351338,19.0349129559586
"BONORD UTLEIEBOLIGER AS",497243905,69.6712654351338,19.0349129559586
"BONORD UTLEIEBOLIGER AS",497243908,69.671360283373,19.0350860442187
"BONORD UTLEIEBOLIGER AS",497243911,69.6713859358705,19.0351426060499
"BONORD UTLEIEBOLIGER AS",497243914,69.6713758070931,19.0351923603241
"BONORD UTLEIEBOLIGER AS",497243917,69.6714372408094,19.0352557301233
"BONORD UTLEIEBOLIGER AS",497243920,69.671463485002,19.0352865641777
"BONORD UTLEIEBOLIGER AS",497243923,69.6714974909855,19.0353705567506
"BONORD UTLEIEBOLIGER AS",497243926,69.671523735157,19.0354013910358
"BONORD UTLEIEBOLIGER AS",497243929,69.6715583328611,19.0354596557348
"BONORD UTLEIEBOLIGER AS",497243932,69.6715923387595,19.035543648962
"BONORD UTLEIEBOLIGER AS",497243935,69.6716185828993,19.0355744836012
"BONORD UTLEIEBOLIGER AS",497243938,69.6716621258529,19.035634450977
"BONORD UTLEIEBOLIGER AS",497243941,69.6716546805276,19.0356847163027
"BONORD UTLEIEBOLIGER AS",497243944,69.6716871863573,19.0357167427265
"BONORD UTLEIEBOLIGER AS",497243947,69.67166153405,19.0356601793944
"BONORD UTLEIEBOLIGER AS",497243950,69.6716102293795,19.0355470531412
"BONORD UTLEIEBOLIGER AS",610583328,69.6679609951466,19.0281870171853
"BONORD UTLEIEBOLIGER AS",610583331,69.6679777045338,19.0282418628931
"BONORD UTLEIEBOLIGER AS",610583334,69.6680206593683,19.0283275290628
"BONORD UTLEIEBOLIGER AS",610583337,69.6680552594956,19.028385772537
"BONORD UTLEIEBOLIGER AS",610583340,69.6680892688663,19.0284697405214
"BONORD UTLEIEBOLIGER AS",610583343,69.6681137420526,19.0285777342922
"BONORD UTLEIEBOLIGER AS",610583346,69.6681483420946,19.0286359784311
"BONORD UTLEIEBOLIGER AS",610583349,69.6681823513428,19.0287199471851
"BONORD UTLEIEBOLIGER AS",610583352,69.6682074151623,19.028802217266
"BONORD UTLEIEBOLIGER AS",610583355,69.6682312973353,19.0289359364957
"BONORD UTLEIEBOLIGER AS",610583358,69.6682664880695,19.028968457026
"BONORD UTLEIEBOLIGER AS",610583361,69.6679615858415,19.0281612930122
"BONORD UTLEIEBOLIGER AS",610583364,69.6679777045338,19.0282418628931
"BONORD UTLEIEBOLIGER AS",610583367,69.668021250084,19.028301804822
"BONORD UTLEIEBOLIGER AS",610583370,69.6680552594956,19.028385772537
"BONORD UTLEIEBOLIGER AS",610583373,69.6682915517704,19.0290507277258
"BONORD UTLEIEBOLIGER AS",610583376,69.6683255608161,19.0291346977111
"BONORD UTLEIEBOLIGER AS",610583379,69.6683595698207,19.0292186679657
"BONORD UTLEIEBOLIGER AS",610583382,69.6683852242616,19.0292752146705
"BONORD UTLEIEBOLIGER AS",610583385,69.6684192331974,19.0293591853868
"BONORD UTLEIEBOLIGER AS",610583388,69.6684442967116,19.0294414571395
"BONORD UTLEIEBOLIGER AS",610583391,69.6684788964589,19.0294997035991
"BONORD UTLEIEBOLIGER AS",610583394,69.6685123143796,19.029609399842
"BONORD UTLEIEBOLIGER AS",610583397,69.6682915517704,19.0290507277258
"BONORD UTLEIEBOLIGER AS",610583400,69.6683261516511,19.0291089731266
"BONORD UTLEIEBOLIGER AS",610583403,69.6685385596052,19.0296402226024
"BONORD UTLEIEBOLIGER AS",610583406,69.668563622985,19.0297224951494
"BONORD UTLEIEBOLIGER AS",610583409,69.6685976317019,19.0298064672893
"BONORD UTLEIEBOLIGER AS",610583412,69.6686316403777,19.0298904396987
"BONORD UTLEIEBOLIGER AS",610583415,69.668656703638,19.0299727129014
"BONORD UTLEIEBOLIGER AS",610583418,69.668699657606,19.0300583853254
"BONORD UTLEIEBOLIGER AS",610583421,69.6687336661585,19.0301423585428
"BONORD UTLEIEBOLIGER AS",610583424,69.6687587292984,19.0302246324382
"BONORD UTLEIEBOLIGER AS",610583427,69.6687843834074,19.0302811814255
"BONORD UTLEIEBOLIGER AS",610583430,69.668818391851,19.0303651553355
"BONORD UTLEIEBOLIGER AS",610583433,69.6688524002534,19.0304491295149
"BONORD UTLEIEBOLIGER AS",610583436,69.6688780542883,19.0305056790239
"BONORD UTLEIEBOLIGER AS",610583439,69.6685385596052,19.0296402226024
"BONORD UTLEIEBOLIGER AS",610583442,69.6685719774362,19.0297499193748
"BONORD UTLEIEBOLIGER AS",610583445,69.6685976317019,19.0298064672893
"BONORD UTLEIEBOLIGER AS",610583448,69.668640585753,19.0298921391377
"JEPØ EIENDOM AS",3124965,69.7143875532935,19.0921362908059
"JEPØ EIENDOM AS",3133958,69.6780821861337,18.7448030653462
"BEDRIFTSUTVIKLING AS",3145283,69.6454910330374,18.9408492792976
"ICENET AS",4118120,69.6599755583809,18.9666261152744
"ICENET AS",4118121,69.6599755583809,18.9666261152744
"ICENET AS",4138962,69.648577528616,18.959360587495
"ICENET AS",4138963,69.6484898212986,18.9592668291095
"EIENDOMSGRUPPEN NORD NORGE AS",4257511,69.6670253257057,19.0184503687981
"EIENDOMSGRUPPEN NORD NORGE AS",4273383,69.6670346051192,19.021965689381
"EIENDOMSGRUPPEN NORD NORGE AS",234589716,69.710729605867,19.0001341935425
"EIENDOMSGRUPPEN NORD NORGE AS",234589723,69.7106782788762,19.000020941709
"EIENDOMSGRUPPEN NORD NORGE AS",234589727,69.710703942381,19.000077567557
"EIENDOMSGRUPPEN NORD NORGE AS",234608752,69.6670448774241,19.0179890425876
"EIENDOMSGRUPPEN NORD NORGE AS",234608757,69.6670448774241,19.0179890425876
"EIENDOMSGRUPPEN NORD NORGE AS",234608771,69.6670548932861,19.0175517448181
"EIENDOMSGRUPPEN NORD NORGE AS",234608774,69.6670448774241,19.0179890425876
"EIENDOMSGRUPPEN NORD NORGE AS",234608775,69.6670253257057,19.0184503687981
"EIENDOMSGRUPPEN NORD NORGE AS",234608777,69.6670448774241,19.0179890425876
"EIENDOMSGRUPPEN NORD NORGE AS",234614134,69.6671018419433,19.0213842285702
"EIENDOMSGRUPPEN NORD NORGE AS",234614135,69.6671769438367,19.0212434537369
"EIENDOMSGRUPPEN NORD NORGE AS",234614136,69.6670815921843,19.0214837304269
"EIENDOMSGRUPPEN NORD NORGE AS",234614137,69.667156694156,19.02134295608
"EIENDOMSGRUPPEN NORD NORGE AS",234614138,69.6670523969012,19.0215815362954
"EIENDOMSGRUPPEN NORD NORGE AS",234614139,69.6671274989498,19.0214407624872
"EIENDOMSGRUPPEN NORD NORGE AS",234614140,69.6670232015645,19.0216793418946
"EIENDOMSGRUPPEN NORD NORGE AS",234614141,69.6671072491586,19.0215402644088
"EIENDOMSGRUPPEN NORD NORGE AS",234614142,69.6670023618832,19.0218045663131
"EIENDOMSGRUPPEN NORD NORGE AS",234614143,69.667078053844,19.021638070316
"EIENDOMSGRUPPEN NORD NORGE AS",234614144,69.6669827016599,19.0218783441127
"EIENDOMSGRUPPEN NORD NORGE AS",234614145,69.6670488584756,19.0217358759539
"EIENDOMSGRUPPEN NORD NORGE AS",234614146,69.6670286085191,19.0218353772231
"EIENDOMSGRUPPEN NORD NORGE AS",234614147,69.6670083585067,19.0219348783017
"EIENDOMSGRUPPEN NORD NORGE AS",234614148,69.6671512867664,19.0211869199235
"EIENDOMSGRUPPEN NORD NORGE AS",234614149,69.667131037118,19.0212864222016
"EIENDOMSGRUPPEN NORD NORGE AS",666651055,69.6182268601474,18.9448984291454
"EIENDOMSGRUPPEN NORD NORGE AS",681096214,69.617983696326,18.9447657024711
"EIENDOMSGRUPPEN NORD NORGE AS",681096217,69.617983696326,18.9447657024711
"EIENDOMSGRUPPEN NORD NORGE AS",681096220,69.617983696326,18.9447657024711
"EIENDOMSGRUPPEN NORD NORGE AS",681096223,69.617983696326,18.9447657024711
"EIENDOMSGRUPPEN NORD NORGE AS",681096226,69.617983696326,18.9447657024711
"EIENDOMSGRUPPEN NORD NORGE AS",681096229,69.617983696326,18.9447657024711
"EIENDOMSGRUPPEN NORD NORGE AS",681096232,69.617983696326,18.9447657024711
"EIENDOMSGRUPPEN NORD NORGE AS",681096235,69.617983696326,18.9447657024711
"EIENDOMSGRUPPEN NORD NORGE AS",681096238,69.617983696326,18.9447657024711
"EIENDOMSGRUPPEN NORD NORGE AS",681096241,69.617983696326,18.9447657024711
"EIENDOMSGRUPPEN NORD NORGE AS",681096244,69.617983696326,18.9447657024711
"EIENDOMSGRUPPEN NORD NORGE AS",681096247,69.617983696326,18.9447657024711
"EIENDOMSGRUPPEN NORD NORGE AS",681096250,69.617983696326,18.9447657024711
"EIENDOMSGRUPPEN NORD NORGE AS",681096253,69.617983696326,18.9447657024711
"EIENDOMSGRUPPEN NORD NORGE AS",681096256,69.617983696326,18.9447657024711
"EIENDOMSGRUPPEN NORD NORGE AS",681096259,69.617983696326,18.9447657024711
"EIENDOMSGRUPPEN NORD NORGE AS",681096262,69.617983696326,18.9447657024711
"EIENDOMSGRUPPEN NORD NORGE AS",681096265,69.617983696326,18.9447657024711
"EIENDOMSGRUPPEN NORD NORGE AS",681096268,69.617983696326,18.9447657024711
"EIENDOMSGRUPPEN NORD NORGE AS",681096271,69.617983696326,18.9447657024711
"EIENDOMSGRUPPEN NORD NORGE AS",681096274,69.617983696326,18.9447657024711
"EIENDOMSGRUPPEN NORD NORGE AS",681096277,69.617983696326,18.9447657024711
"EIENDOMSGRUPPEN NORD NORGE AS",681096280,69.617983696326,18.9447657024711
"EIENDOMSGRUPPEN NORD NORGE AS",681096283,69.617983696326,18.9447657024711
"EIENDOMSGRUPPEN NORD NORGE AS",681096286,69.617983696326,18.9447657024711
"EIENDOMSGRUPPEN NORD NORGE AS",681096289,69.617983696326,18.9447657024711
"EIENDOMSGRUPPEN NORD NORGE AS",681096292,69.617983696326,18.9447657024711
"EIENDOMSGRUPPEN NORD NORGE AS",870458863,69.6184249801293,18.9461130543949
"EIENDOMSGRUPPEN NORD NORGE AS",870458866,69.6184249801293,18.9461130543949
"EIENDOMSGRUPPEN NORD NORGE AS",870458869,69.6184249801293,18.9461130543949
"EIENDOMSGRUPPEN NORD NORGE AS",870458872,69.6184249801293,18.9461130543949
"EIENDOMSGRUPPEN NORD NORGE AS",870458875,69.6184249801293,18.9461130543949
"EIENDOMSGRUPPEN NORD NORGE AS",870458878,69.6184249801293,18.9461130543949
"EIENDOMSGRUPPEN NORD NORGE AS",870458881,69.6184249801293,18.9461130543949
"EIENDOMSGRUPPEN NORD NORGE AS",870458884,69.6184249801293,18.9461130543949
"EIENDOMSGRUPPEN NORD NORGE AS",870458887,69.6184249801293,18.9461130543949
"EIENDOMSGRUPPEN NORD NORGE AS",870458890,69.6184249801293,18.9461130543949
"EIENDOMSGRUPPEN NORD NORGE AS",870458893,69.6184249801293,18.9461130543949
"EIENDOMSGRUPPEN NORD NORGE AS",870458896,69.6184249801293,18.9461130543949
"EIENDOMSGRUPPEN NORD NORGE AS",870458899,69.6184249801293,18.9461130543949
"EIENDOMSGRUPPEN NORD NORGE AS",870458902,69.6184249801293,18.9461130543949
"EIENDOMSGRUPPEN NORD NORGE AS",870458905,69.6184249801293,18.9461130543949
"EIENDOMSGRUPPEN NORD NORGE AS",870458908,69.6184249801293,18.9461130543949
"EIENDOMSGRUPPEN NORD NORGE AS",870458911,69.6184249801293,18.9461130543949
"EIENDOMSGRUPPEN NORD NORGE AS",870458914,69.6184249801293,18.9461130543949
"EIENDOMSGRUPPEN NORD NORGE AS",870458917,69.6184249801293,18.9461130543949
"EIENDOMSGRUPPEN NORD NORGE AS",870458920,69.6184249801293,18.9461130543949
"EIENDOMSGRUPPEN NORD NORGE AS",870458923,69.6184249801293,18.9461130543949
"EIENDOMSGRUPPEN NORD NORGE AS",870458926,69.6184249801293,18.9461130543949
"EIENDOMSGRUPPEN NORD NORGE AS",870458929,69.6184249801293,18.9461130543949
"EIENDOMSGRUPPEN NORD NORGE AS",870458932,69.6184249801293,18.9461130543949
"EIENDOMSGRUPPEN NORD NORGE AS",870458935,69.6184249801293,18.9461130543949
"EIENDOMSGRUPPEN NORD NORGE AS",870458938,69.6180841514939,18.9460884865154
"EIENDOMSGRUPPEN NORD NORGE AS",870458941,69.6180841514939,18.9460884865154
"EIENDOMSGRUPPEN NORD NORGE AS",870458944,69.6180841514939,18.9460884865154
"EIENDOMSGRUPPEN NORD NORGE AS",870458947,69.6180841514939,18.9460884865154
"EIENDOMSGRUPPEN NORD NORGE AS",870458950,69.6180841514939,18.9460884865154
"EIENDOMSGRUPPEN NORD NORGE AS",870458953,69.6180841514939,18.9460884865154
"EIENDOMSGRUPPEN NORD NORGE AS",870458956,69.6180841514939,18.9460884865154
"EIENDOMSGRUPPEN NORD NORGE AS",870458959,69.6180841514939,18.9460884865154
"EIENDOMSGRUPPEN NORD NORGE AS",870458962,69.6180841514939,18.9460884865154
"EIENDOMSGRUPPEN NORD NORGE AS",870458965,69.6180841514939,18.9460884865154
"EIENDOMSGRUPPEN NORD NORGE AS",870458968,69.6180841514939,18.9460884865154
"EIENDOMSGRUPPEN NORD NORGE AS",870458971,69.6180841514939,18.9460884865154
"EIENDOMSGRUPPEN NORD NORGE AS",870458974,69.6180841514939,18.9460884865154
"EIENDOMSGRUPPEN NORD NORGE AS",870458977,69.6180841514939,18.9460884865154
"EIENDOMSGRUPPEN NORD NORGE AS",870458980,69.6180841514939,18.9460884865154
"EIENDOMSGRUPPEN NORD NORGE AS",870458983,69.6180841514939,18.9460884865154
"EIENDOMSGRUPPEN NORD NORGE AS",870458986,69.6180841514939,18.9460884865154
"EIENDOMSGRUPPEN NORD NORGE AS",870458989,69.6180841514939,18.9460884865154
"EIENDOMSGRUPPEN NORD NORGE AS",870458992,69.6180841514939,18.9460884865154
"EIENDOMSGRUPPEN NORD NORGE AS",870458995,69.6180841514939,18.9460884865154
"EIENDOMSGRUPPEN NORD NORGE AS",870458998,69.6180841514939,18.9460884865154
"EIENDOMSGRUPPEN NORD NORGE AS",870459001,69.6180841514939,18.9460884865154
"EIENDOMSGRUPPEN NORD NORGE AS",870459004,69.6180841514939,18.9460884865154
"EIENDOMSGRUPPEN NORD NORGE AS",870459007,69.6180841514939,18.9460884865154
"EIENDOMSGRUPPEN NORD NORGE AS",870459010,69.6180841514939,18.9460884865154
"KNUTE AS",3137075,69.6450204205072,18.9193686976718
"KNUTE AS",3140786,69.6648066016208,18.9510440092369
"KNUTE AS",3141437,69.6653099996751,18.9531835893877
"KNUTE AS",3145695,69.6528294893987,18.9500852198662
"KNUTE AS",4149797,69.6608841431266,18.9498540431081
"KNUTE AS",4149798,69.6609981275852,18.9499785616672
"KNUTE AS",4149799,69.6609438708426,18.9499942891492
"KNUTE AS",4149800,69.6608991395753,18.9499859635979
"KNUTE AS",4149801,69.6609813935113,18.9499237950983
"KNUTE AS",4149802,69.6609277159862,18.9499138045992
"KNUTE AS",234275264,69.6494203214489,18.9502770432462
"KNUTE AS",234275281,69.6494203214489,18.9502770432462
"KNUTE AS",234275284,69.6494203214489,18.9502770432462
"TOTAL PROSJEKT AS",3125319,69.6822908441718,19.0640552535589
"TOTAL PROSJEKT AS",3125591,69.6750760912536,19.0430556438923
"TOTAL PROSJEKT AS",3125624,69.6753254729409,19.0439302554084
"TOTAL PROSJEKT AS",3126828,69.6616906203851,19.0211077759084
"TOTAL PROSJEKT AS",3138896,69.6414750951161,18.9319405843674
"TOTAL PROSJEKT AS",3139202,69.6674733548626,18.9654807289523
"TOTAL PROSJEKT AS",3139541,69.6386359187026,18.9236602221982
"TOTAL PROSJEKT AS",3144732,69.6559652194375,18.9619339858406
"TOTAL PROSJEKT AS",3145255,69.657295267178,18.9524397245413
"TOTAL PROSJEKT AS",3145257,69.6573780299743,18.954267817105
"TOTAL PROSJEKT AS",3145835,69.6554106611305,18.9607125034896
"TOTAL PROSJEKT AS",3145956,69.6539142266843,18.9630460743261
"TOTAL PROSJEKT AS",3285716,69.6856529186929,19.0709578655272
"TOTAL PROSJEKT AS",3285717,69.6854716426917,19.070638597365
"TOTAL PROSJEKT AS",3285732,69.6850190832743,19.0665178072345
"TOTAL PROSJEKT AS",3293569,69.6857728302785,19.0684984312778
"TOTAL PROSJEKT AS",3310061,69.6614634380178,18.9604578298326
"TOTAL PROSJEKT AS",3310062,69.6614382980953,18.960894776221
"TOTAL PROSJEKT AS",3310063,69.6614281446602,18.9612647868648
"TOTAL PROSJEKT AS",3310064,69.6615638239664,18.9615819578265
"TOTAL PROSJEKT AS",3346706,69.6702225225024,19.0353347007867
"TOTAL PROSJEKT AS",3346707,69.6699493598713,19.0351018589003
"TOTAL PROSJEKT AS",3460530,69.6462358517793,18.9132185863136
"TOTAL PROSJEKT AS",3524802,69.6400312855165,17.9865409763794
"TOTAL PROSJEKT AS",3524804,69.6410009646285,17.987004625105
"TOTAL PROSJEKT AS",3537470,69.703398630265,18.9749564080122
"TOTAL PROSJEKT AS",3537471,69.7032507307392,18.9749415818729
"TOTAL PROSJEKT AS",3537472,69.7031245729247,18.9748790815909
"TOTAL PROSJEKT AS",3537473,69.7029780324491,18.9747247714382
"TOTAL PROSJEKT AS",3537474,69.7030825139379,18.9753085225542
"TOTAL PROSJEKT AS",3537475,69.7033806667887,18.9753929661926
"TOTAL PROSJEKT AS",3643388,69.6568822282377,18.9396950824464
"TOTAL PROSJEKT AS",3643393,69.6570943063958,18.9401320875637
"TOTAL PROSJEKT AS",3657278,69.6827786765966,18.9517592898178
"TOTAL PROSJEKT AS",3670971,69.6524753796548,18.9426283473288
"TOTAL PROSJEKT AS",3670972,69.6523490684816,18.9424525822264
"TOTAL PROSJEKT AS",3672235,69.6559738644713,18.9567767408619
"TOTAL PROSJEKT AS",3672384,69.6559187716461,18.9572673796667
"TOTAL PROSJEKT AS",3672387,69.656039699869,18.9574422618272
"TOTAL PROSJEKT AS",4131577,69.6616906203851,19.0211077759084
"TOTAL PROSJEKT AS",4131578,69.6616906203851,19.0211077759084
"TOTAL PROSJEKT AS",4131579,69.6616906203851,19.0211077759084
"TOTAL PROSJEKT AS",4141862,69.6498331438434,18.9530460795272
"TOTAL PROSJEKT AS",4143709,69.6573780299743,18.954267817105
"TOTAL PROSJEKT AS",4143710,69.6573780299743,18.954267817105
"TOTAL PROSJEKT AS",4143711,69.6573780299743,18.954267817105
"TOTAL PROSJEKT AS",4143712,69.6572922125515,18.9541692010992
"TOTAL PROSJEKT AS",4143713,69.6572922125515,18.9541692010992
"TOTAL PROSJEKT AS",4148958,69.6537920888902,18.9635602529756
"TOTAL PROSJEKT AS",4148959,69.6538041050834,18.9633869638814
"TOTAL PROSJEKT AS",4148960,69.6538041050834,18.9633869638814
"TOTAL PROSJEKT AS",4148961,69.6538041050834,18.9633869638814
"TOTAL PROSJEKT AS",4148962,69.6537499176966,18.9633200493876
"TOTAL PROSJEKT AS",4148963,69.6537389933839,18.9635245229039
"TOTAL PROSJEKT AS",4148964,69.6537294660903,18.963548561722
"TOTAL PROSJEKT AS",4148965,69.6537461959487,18.9636033200749
"TOTAL PROSJEKT AS",4148966,69.6537635069849,18.963632369495
"TOTAL PROSJEKT AS",4148967,69.6537897641291,18.9636630891893
"TOTAL PROSJEKT AS",4148968,69.6538004538194,18.9635876322271
"TOTAL PROSJEKT AS",4151257,69.6700548459319,19.0348118306314
"TOTAL PROSJEKT AS",4151258,69.6700023573517,19.0347501679508
"TOTAL PROSJEKT AS",4151259,69.6704066717569,19.0347495611406
"TOTAL PROSJEKT AS",4151260,69.6703547748147,19.0346621707041
"TOTAL PROSJEKT AS",4151261,69.6703172884904,19.0351201486498
"TOTAL PROSJEKT AS",4186732,69.6473088728791,18.951484489367
"TOTAL PROSJEKT AS",4186733,69.6473088728791,18.951484489367
"TOTAL PROSJEKT AS",4186734,69.6561738120508,18.9575498621288
"TOTAL PROSJEKT AS",4186735,69.6562739609199,18.9574910720384
"TOTAL PROSJEKT AS",4186737,69.6466258049551,18.9510993175145
"TOTAL PROSJEKT AS",4186738,69.6466258049551,18.9510993175145
"TOTAL PROSJEKT AS",4186739,69.6465674799473,18.9512949080539
"TOTAL PROSJEKT AS",4186740,69.6465937393463,18.9513256019401
"TOTAL PROSJEKT AS",4189803,69.6511652079406,18.9450000232749
"TOTAL PROSJEKT AS",4189804,69.6511686786082,18.9448457845081
"TOTAL PROSJEKT AS",4189805,69.6511686786082,18.9448457845081
"TOTAL PROSJEKT AS",4189806,69.6511686786082,18.9448457845081
"TOTAL PROSJEKT AS",4202780,69.6484248266179,18.9498027880253
"TOTAL PROSJEKT AS",4243968,69.6370553484749,18.921910890584
"TOTAL PROSJEKT AS",4243969,69.6370605166736,18.9215997097458
"TOTAL PROSJEKT AS",4260405,69.6558152095558,18.9630859621233
"TOTAL PROSJEKT AS",4260406,69.6558934000868,18.9632038401202
"TOTAL PROSJEKT AS",4260407,69.6558934000868,18.9632038401202
"TOTAL PROSJEKT AS",4260408,69.6558934000868,18.9632038401202
"TOTAL PROSJEKT AS",4260409,69.6558004520454,18.9633414069513
"TOTAL PROSJEKT AS",4260410,69.6557736137017,18.9633363961428
"TOTAL PROSJEKT AS",4260411,69.6675299700999,18.9655197293458
"TOTAL PROSJEKT AS",4260412,69.6674733548626,18.9654807289523
"TOTAL PROSJEKT AS",4260413,69.6675589106369,18.9655509733897
"TOTAL PROSJEKT AS",4260414,69.6674971022153,18.965503251846
"TOTAL PROSJEKT AS",4263679,69.6572870164172,18.9552759797535
"TOTAL PROSJEKT AS",4263680,69.6572897422949,18.9551551260984
"TOTAL PROSJEKT AS",4263681,69.657265156901,18.9551298878019
"TOTAL PROSJEKT AS",4263682,69.6573379166159,18.9556082353641
"TOTAL PROSJEKT AS",4263683,69.6573457784358,18.9554986671729
"TOTAL PROSJEKT AS",4284318,69.6536619780649,18.9633552675011
"TOTAL PROSJEKT AS",4284319,69.6536740165062,18.9631406486383
"TOTAL PROSJEKT AS",4284320,69.6536740165062,18.9631406486383
"TOTAL PROSJEKT AS",4284321,69.6536740165062,18.9631406486383
"TOTAL PROSJEKT AS",4284322,69.6536740165062,18.9631406486383
"TOTAL PROSJEKT AS",4284323,69.6536740165062,18.9631406486383
"TOTAL PROSJEKT AS",4284324,69.6535662983832,18.9636136507636
"TOTAL PROSJEKT AS",4284325,69.6535525076698,18.9635878405781
"TOTAL PROSJEKT AS",4285687,69.6467704610505,18.9486666590457
"TOTAL PROSJEKT AS",4285688,69.6467994420875,18.9485765549841
"TOTAL PROSJEKT AS",4285689,69.6467994420875,18.9485765549841
"TOTAL PROSJEKT AS",4285690,69.6467994420875,18.9485765549841
"TOTAL PROSJEKT AS",4285691,69.6467994420875,18.9485765549841
"TOTAL PROSJEKT AS",4285692,69.6467994420875,18.9485765549841
"TOTAL PROSJEKT AS",4290402,69.6571637847657,18.9542072485273
"TOTAL PROSJEKT AS",4290403,69.6571150526441,18.95409746709
"TOTAL PROSJEKT AS",4290404,69.6571389754948,18.9541122520031
"TOTAL PROSJEKT AS",4291747,69.6544904902791,18.9616768375873
"TOTAL PROSJEKT AS",4291748,69.6544904902791,18.9616768375873
"TOTAL PROSJEKT AS",4291754,69.6544904902791,18.9616768375873
"TOTAL PROSJEKT AS",4291755,69.6544904902791,18.9616768375873
"TOTAL PROSJEKT AS",4296192,69.6561961171495,18.9569601799194
"TOTAL PROSJEKT AS",4296193,69.6561961171495,18.9569601799194
"TOTAL PROSJEKT AS",4296194,69.6561961171495,18.9569601799194
"TOTAL PROSJEKT AS",4298272,69.6484248266179,18.9498027880253
"TOTAL PROSJEKT AS",4298273,69.6484940542473,18.9498801907265
"TOTAL PROSJEKT AS",4298274,69.6485756907791,18.9499650641672
"TOTAL PROSJEKT AS",4298275,69.6485756907791,18.9499650641672
"TOTAL PROSJEKT AS",4298276,69.648565006977,18.9500405096486
"TOTAL PROSJEKT AS",4298277,69.648565006977,18.9500405096486
"TOTAL PROSJEKT AS",4298278,69.6484860543623,18.9499561351593
"TOTAL PROSJEKT AS",4298279,69.6484125273811,18.949870189373
"TOTAL PROSJEKT AS",4298280,69.6484125273811,18.949870189373
"TOTAL PROSJEKT AS",4307561,69.6324604265375,18.9245112633942
"TOTAL PROSJEKT AS",4307562,69.6326651314551,18.9249978232758
"TOTAL PROSJEKT AS",4307563,69.6325112864227,18.9246470289923
"TOTAL PROSJEKT AS",4307564,69.6326651314551,18.9249978232758
"TOTAL PROSJEKT AS",4307565,69.6324171031207,18.9252821432754
"TOTAL PROSJEKT AS",4307566,69.6324171031207,18.9252821432754
"TOTAL PROSJEKT AS",4307567,69.6324171031207,18.9252821432754
"TOTAL PROSJEKT AS",4307568,69.6324171031207,18.9252821432754
"TOTAL PROSJEKT AS",4307569,69.6324171031207,18.9252821432754
"TOTAL PROSJEKT AS",4307570,69.6324171031207,18.9252821432754
"TOTAL PROSJEKT AS",4307571,69.6324171031207,18.9252821432754
"TOTAL PROSJEKT AS",4307572,69.6324171031207,18.9252821432754
"TOTAL PROSJEKT AS",4307573,69.6324171031207,18.9252821432754
"TOTAL PROSJEKT AS",4309612,69.6559354532295,18.9637280946406
"TOTAL PROSJEKT AS",4309613,69.6559750941605,18.963802629106
"TOTAL PROSJEKT AS",4309614,69.6559750941605,18.963802629106
"TOTAL PROSJEKT AS",4309615,69.6559750941605,18.963802629106
"TOTAL PROSJEKT AS",4309616,69.6559750941605,18.963802629106
"TOTAL PROSJEKT AS",4309617,69.6559750941605,18.963802629106
"TOTAL PROSJEKT AS",4309618,69.6559750941605,18.963802629106
"TOTAL PROSJEKT AS",4309619,69.6559750941605,18.963802629106
"TOTAL PROSJEKT AS",4309620,69.6559750941605,18.963802629106
"TOTAL PROSJEKT AS",4309621,69.6559750941605,18.963802629106
"TOTAL PROSJEKT AS",4309622,69.6559750941605,18.963802629106
"TOTAL PROSJEKT AS",4309623,69.6559750941605,18.963802629106
"TOTAL PROSJEKT AS",4309624,69.6559750941605,18.963802629106
"TOTAL PROSJEKT AS",4324530,69.6559889016062,18.9633507712705
"TOTAL PROSJEKT AS",4324531,69.6559889016062,18.9633507712705
"TOTAL PROSJEKT AS",4324532,69.6559889016062,18.9633507712705
"TOTAL PROSJEKT AS",4324533,69.6559889016062,18.9633507712705
"TOTAL PROSJEKT AS",4324534,69.6559889016062,18.9633507712705
"TOTAL PROSJEKT AS",4324535,69.6559889016062,18.9633507712705
"TOTAL PROSJEKT AS",4324929,69.6507120791126,18.9533904021843
"TOTAL PROSJEKT AS",4344116,69.6466726736221,18.9484213632161
"TOTAL PROSJEKT AS",4344117,69.6466726736221,18.9484213632161
"TOTAL PROSJEKT AS",4344118,69.6466726736221,18.9484213632161
"TOTAL PROSJEKT AS",4344119,69.6466726736221,18.9484213632161
"TOTAL PROSJEKT AS",4344120,69.6466726736221,18.9484213632161
"TOTAL PROSJEKT AS",4344121,69.6466726736221,18.9484213632161
"TOTAL PROSJEKT AS",4345420,69.6462762427874,18.9482728218217
"TOTAL PROSJEKT AS",4345421,69.6462762427874,18.9482728218217
"TOTAL PROSJEKT AS",4345422,69.6462762427874,18.9482728218217
"TOTAL PROSJEKT AS",4345423,69.6462762427874,18.9482728218217
"TOTAL PROSJEKT AS",4345424,69.6462762427874,18.9482728218217
"TOTAL PROSJEKT AS",4345425,69.6462762427874,18.9482728218217
"TOTAL PROSJEKT AS",4362766,69.6421421215503,18.9972073886494
"TOTAL PROSJEKT AS",4362767,69.6421129642944,18.9970677205599
"TOTAL PROSJEKT AS",4362768,69.6420847601047,18.9969256517815
"TOTAL PROSJEKT AS",4365187,69.6485609457043,18.9510179871448
"TOTAL PROSJEKT AS",255749392,69.6535338070973,18.9630241152174
"TOTAL PROSJEKT AS",255749393,69.6535338070973,18.9630241152174
"TOTAL PROSJEKT AS",255749394,69.6535338070973,18.9630241152174
"TOTAL PROSJEKT AS",255749395,69.6535338070973,18.9630241152174
"TOTAL PROSJEKT AS",255749396,69.6535338070973,18.9630241152174
"TOTAL PROSJEKT AS",255749397,69.6534707882004,18.9631491827115
"TOTAL PROSJEKT AS",255749398,69.6534779909375,18.9632279787631
"TOTAL PROSJEKT AS",255749399,69.6533592113364,18.9637531267872
"TOTAL PROSJEKT AS",255749400,69.6533592113364,18.9637531267872
"TOTAL PROSJEKT AS",255749401,69.6533592113364,18.9637531267872
"TOTAL PROSJEKT AS",255749404,69.6533592113364,18.9637531267872
"TOTAL PROSJEKT AS",255749405,69.6533592113364,18.9637531267872
"TOTAL PROSJEKT AS",255749406,69.6533592113364,18.9637531267872
"TOTAL PROSJEKT AS",255749407,69.6533592113364,18.9637531267872
"TOTAL PROSJEKT AS",255749408,69.6533592113364,18.9637531267872
"TOTAL PROSJEKT AS",255749409,69.6533592113364,18.9637531267872
"TOTAL PROSJEKT AS",256416108,69.6541201126851,18.95579870726
"TOTAL PROSJEKT AS",256416109,69.6541201126851,18.95579870726
"TOTAL PROSJEKT AS",256416110,69.6541201126851,18.95579870726
"TOTAL PROSJEKT AS",264902005,69.6443579804371,18.9410184086047
"TOTAL PROSJEKT AS",264902006,69.644499099801,18.9411349114336
"TOTAL PROSJEKT AS",264902007,69.6443579804371,18.9410184086047
"TOTAL PROSJEKT AS",264902008,69.6443943218033,18.940720645055
"TOTAL PROSJEKT AS",264902009,69.6444720656178,18.940858935586
"TOTAL PROSJEKT AS",264902010,69.644499099801,18.9411349114336
"TOTAL PROSJEKT AS",264902011,69.644499099801,18.9411349114336
"TOTAL PROSJEKT AS",268011188,69.6541961915218,18.9631710001793
"TOTAL PROSJEKT AS",268011189,69.6542472924684,18.9626590141241
"TOTAL PROSJEKT AS",268011190,69.6542472924684,18.9626590141241
"TOTAL PROSJEKT AS",268011191,69.6542472924684,18.9626590141241
"TOTAL PROSJEKT AS",268011194,69.6542472924684,18.9626590141241
"TOTAL PROSJEKT AS",268011195,69.6542472924684,18.9626590141241
"TOTAL PROSJEKT AS",268011196,69.6542472924684,18.9626590141241
"TOTAL PROSJEKT AS",268011197,69.6542472924684,18.9626590141241
"TOTAL PROSJEKT AS",268011198,69.6542472924684,18.9626590141241
"TOTAL PROSJEKT AS",268011201,69.6542472924684,18.9626590141241
"TOTAL PROSJEKT AS",268011202,69.6542472924684,18.9626590141241
"TOTAL PROSJEKT AS",268011203,69.6542472924684,18.9626590141241
"TOTAL PROSJEKT AS",268011204,69.6542472924684,18.9626590141241
"TOTAL PROSJEKT AS",268011205,69.6542472924684,18.9626590141241
"TOTAL PROSJEKT AS",268011206,69.6542472924684,18.9626590141241
"TOTAL PROSJEKT AS",268011207,69.6542472924684,18.9626590141241
"TOTAL PROSJEKT AS",268011208,69.6542472924684,18.9626590141241
"TOTAL PROSJEKT AS",268011209,69.6542472924684,18.9626590141241
"TOTAL PROSJEKT AS",271768107,69.6536513892947,18.9646183433035
"TOTAL PROSJEKT AS",271768108,69.6536513892947,18.9646183433035
"TOTAL PROSJEKT AS",271768109,69.6536513892947,18.9646183433035
"TOTAL PROSJEKT AS",271768110,69.6536513892947,18.9646183433035
"TOTAL PROSJEKT AS",271768111,69.6536513892947,18.9646183433035
"TOTAL PROSJEKT AS",271768114,69.6536513892947,18.9646183433035
"TOTAL PROSJEKT AS",272005615,69.6818779455718,18.9562110442135
"TOTAL PROSJEKT AS",272005616,69.6818529487468,18.9560047371106
"TOTAL PROSJEKT AS",272005618,69.681841022841,18.9558163805783
"TOTAL PROSJEKT AS",272005626,69.681843270149,18.9555970620347
"TOTAL PROSJEKT AS",272058044,69.6815830324124,18.9564610504648
"TOTAL PROSJEKT AS",272058046,69.6816309977005,18.9562063195499
"TOTAL PROSJEKT AS",272058049,69.6816313402195,18.9559918179329
"TOTAL PROSJEKT AS",272058057,69.6815574231751,18.9555644052266
"TOTAL PROSJEKT AS",272058059,69.6815651538808,18.9553409425159
"TOTAL PROSJEKT AS",272058062,69.6815568057249,18.9551532565475
"TOTAL PROSJEKT AS",272058064,69.681584275504,18.9549308912586
"TOTAL PROSJEKT AS",272072401,69.6817879847695,18.9547414038724
"TOTAL PROSJEKT AS",272072402,69.6818792691852,18.9547170712418
"TOTAL PROSJEKT AS",272072403,69.6819124541084,18.9544802573031
"TOTAL PROSJEKT AS",272072411,69.6820763765639,18.9544617182596
"TOTAL PROSJEKT AS",272072412,69.6821503732181,18.9544470850955
"TOTAL PROSJEKT AS",272072415,69.6822806899962,18.9542852608835
"TOTAL PROSJEKT AS",272072420,69.6823442744355,18.9542143952858
"TOTAL PROSJEKT AS",272072424,69.6822723525911,18.9550540957368
"TOTAL PROSJEKT AS",272072430,69.6821893517121,18.9550696320791
"TOTAL PROSJEKT AS",272087387,69.6821276721825,18.9551356797089
"TOTAL PROSJEKT AS",272087388,69.6820406377088,18.9550910040428
"TOTAL PROSJEKT AS",299715483,69.6572855802467,18.9529491874879
"TOTAL PROSJEKT AS",299715484,69.6572251264912,18.9528811221229
"TOTAL PROSJEKT AS",303007770,69.6571789809073,18.9522579790248
"TOTAL PROSJEKT AS",303007771,69.6570894859355,18.9522826297925
"TOTAL PROSJEKT AS",303443726,69.6421628362115,18.9208515022915
"TOTAL PROSJEKT AS",303443732,69.6421084054157,18.9211562453696
"TOTAL PROSJEKT AS",303443737,69.641968465341,18.9208259502892
"TOTAL PROSJEKT AS",303460398,69.6419408097975,18.9210582261175
"TOTAL PROSJEKT AS",303470550,69.6417408447701,18.9207607199437
"TOTAL PROSJEKT AS",303622029,69.6413182220684,18.9322056898893
"TOTAL PROSJEKT AS",303622030,69.6412732571088,18.9321277030599
"TOTAL PROSJEKT AS",352005721,69.641498421756,18.9322622647791
"TOTAL PROSJEKT AS",352005724,69.6414750951161,18.9319405843674
"TOTAL PROSJEKT AS",352005727,69.6414415853321,18.9317924725199
"TOTAL PROSJEKT AS",371747042,69.6518701761238,18.9587612975411
"TOTAL PROSJEKT AS",371747045,69.6518701761238,18.9587612975411
"TOTAL PROSJEKT AS",371747048,69.6518701761238,18.9587612975411
"TOTAL PROSJEKT AS",371747051,69.6518701761238,18.9587612975411
"TOTAL PROSJEKT AS",371747054,69.6518701761238,18.9587612975411
"TOTAL PROSJEKT AS",371747057,69.6518701761238,18.9587612975411
"TOTAL PROSJEKT AS",371747060,69.6518701761238,18.9587612975411
"TOTAL PROSJEKT AS",371747063,69.6518701761238,18.9587612975411
"TOTAL PROSJEKT AS",444269969,69.6520187780426,18.9589438960175
"TOTAL PROSJEKT AS",444269972,69.6520187780426,18.9589438960175
"TOTAL PROSJEKT AS",444269975,69.6520187780426,18.9589438960175
"TOTAL PROSJEKT AS",444269978,69.6520187780426,18.9589438960175
"TOTAL PROSJEKT AS",444269981,69.6520187780426,18.9589438960175
"TOTAL PROSJEKT AS",444269984,69.6520187780426,18.9589438960175
"TOTAL PROSJEKT AS",444269987,69.6520187780426,18.9589438960175
"TOTAL PROSJEKT AS",444269990,69.6520187780426,18.9589438960175
"TOTAL PROSJEKT AS",444269993,69.6520187780426,18.9589438960175
"TOTAL PROSJEKT AS",444269996,69.6520187780426,18.9589438960175
"TOTAL PROSJEKT AS",529467495,69.6370891930099,18.9221647813937
"TOTAL PROSJEKT AS",529467498,69.6371211772609,18.9222609720051
"TOTAL PROSJEKT AS",529467696,69.6371561139923,18.9224660527129
"TOTAL PROSJEKT AS",529467699,69.6371946546659,18.9226305251115
"TOTAL PROSJEKT AS",567995415,69.6561697449078,18.9629016938594
"TOTAL PROSJEKT AS",619529088,69.6519171145292,18.9595470859436
"TOTAL PROSJEKT AS",758558924,69.6522349860744,18.9578431630642
"TOTAL PROSJEKT AS",758558927,69.6522349860744,18.9578431630642
"TOTAL PROSJEKT AS",758558930,69.6522349860744,18.9578431630642
"TOTAL PROSJEKT AS",758558933,69.6522349860744,18.9578431630642
"TOTAL PROSJEKT AS",758558936,69.6522349860744,18.9578431630642
"TOTAL PROSJEKT AS",758558939,69.6522349860744,18.9578431630642
"TOTAL PROSJEKT AS",758558942,69.6522349860744,18.9578431630642
"TOTAL PROSJEKT AS",758558945,69.6522349860744,18.9578431630642
"TOTAL PROSJEKT AS",758558948,69.6522349860744,18.9578431630642
"TOTAL PROSJEKT AS",758558951,69.6522349860744,18.9578431630642
"TOTAL PROSJEKT AS",758558954,69.6522349860744,18.9578431630642
"TOTAL PROSJEKT AS",758558957,69.6522349860744,18.9578431630642
"TOTAL PROSJEKT AS",758558960,69.6522349860744,18.9578431630642
"TOTAL PROSJEKT AS",758558963,69.6522349860744,18.9578431630642
"TOTAL PROSJEKT AS",758558966,69.6522349860744,18.9578431630642
"TOTAL PROSJEKT AS",758558969,69.6522349860744,18.9578431630642
"TOTAL PROSJEKT AS",758558972,69.6522349860744,18.9578431630642
"TOTAL PROSJEKT AS",758558975,69.6522349860744,18.9578431630642
"TOTAL PROSJEKT AS",758558978,69.6522349860744,18.9578431630642
"TOTAL PROSJEKT AS",758558981,69.6523204433944,18.9580372209747
"TOTAL PROSJEKT AS",758558984,69.6523204433944,18.9580372209747
"TOTAL PROSJEKT AS",758558987,69.6523204433944,18.9580372209747
"TOTAL PROSJEKT AS",758558990,69.6523204433944,18.9580372209747
"TOTAL PROSJEKT AS",758558993,69.6523204433944,18.9580372209747
"TOTAL PROSJEKT AS",758558996,69.6523204433944,18.9580372209747
"TOTAL PROSJEKT AS",765094570,69.6521148055814,18.9583912807428
"TOTAL PROSJEKT AS",802220964,69.6521560856089,18.9578362000658
"TOTAL PROSJEKT AS",890467571,69.6947158489861,19.0829157559792
"TOTAL PROSJEKT AS",890467593,69.6945675381063,19.0829570174619
"TOTAL PROSJEKT AS",890467659,69.6941470256903,19.0827647228859
"TOTAL PROSJEKT AS",890467681,69.6940006981982,19.0826433894227
"TOTAL PROSJEKT AS",890467747,69.6938082455876,19.0815301400113
"TOTAL PROSJEKT AS",890467769,69.6939795098636,19.0815450313551
"LØVOLD JAN AS",3125309,69.6815049027459,19.0650163036795
"KARL JOHAN AS",4260373,69.6476650426288,18.9516256074937
"KARL JOHAN AS",4260374,69.647717503346,18.9516895696035
"KARL JOHAN AS",4260375,69.6477789682298,18.9517526264976
"KARL JOHAN AS",4260376,69.6478284298388,18.9517902211716
"KARL JOHAN AS",234610610,69.6479096852617,18.9519318107557
"KARL JOHAN AS",234610611,69.6479096852617,18.9519318107557
"KARL JOHAN AS",234610612,69.6479096852617,18.9519318107557
"KARL JOHAN AS",234610613,69.6479096852617,18.9519318107557
"KARL JOHAN AS",234610614,69.6479096852617,18.9519318107557
"KARL JOHAN AS",234610616,69.6479096852617,18.9519318107557
"KARL JOHAN AS",234610617,69.6479096852617,18.9519318107557
"KARL JOHAN AS",234610619,69.6479096852617,18.9519318107557
"KARL JOHAN AS",234610620,69.6479096852617,18.9519318107557
"KARL JOHAN AS",234610621,69.6479096852617,18.9519318107557
"KARL JOHAN AS",234610622,69.6479096852617,18.9519318107557
"KARL JOHAN AS",234610623,69.6479096852617,18.9519318107557
"KARL JOHAN AS",234610624,69.6479096852617,18.9519318107557
"KARL JOHAN AS",234610625,69.6479096852617,18.9519318107557
"KARL JOHAN AS",234610626,69.6479096852617,18.9519318107557
"KARL JOHAN AS",234610627,69.6479096852617,18.9519318107557
"KARL JOHAN AS",234610628,69.6479096852617,18.9519318107557
"KARL JOHAN AS",234610629,69.6479096852617,18.9519318107557
"KARL JOHAN AS",234610631,69.6479096852617,18.9519318107557
"KARL JOHAN AS",234610632,69.6479096852617,18.9519318107557
"KARL JOHAN AS",234610634,69.6479096852617,18.9519318107557
"KARL JOHAN AS",234610635,69.6479096852617,18.9519318107557
"KARL JOHAN AS",234610636,69.6479096852617,18.9519318107557
"KARL JOHAN AS",234610637,69.6479096852617,18.9519318107557
"KARL JOHAN AS",234610638,69.6479096852617,18.9519318107557
"KARL JOHAN AS",234610639,69.6479096852617,18.9519318107557
"KARL JOHAN AS",234610641,69.6479096852617,18.9519318107557
"STAKKEVOLLVEIEN 14 AS",4118107,69.6599755583809,18.9666261152744
"STAKKEVOLLVEIEN 14 AS",4118108,69.6599755583809,18.9666261152744
"STAKKEVOLLVEIEN 14 AS",4118109,69.6599755583809,18.9666261152744
"STAKKEVOLLVEIEN 14 AS",4118110,69.6599755583809,18.9666261152744
"STAKKEVOLLVEIEN 14 AS",4118111,69.6599755583809,18.9666261152744
"STAKKEVOLLVEIEN 14 AS",4118112,69.6599755583809,18.9666261152744
"STAKKEVOLLVEIEN 14 AS",4118113,69.6599755583809,18.9666261152744
"STAKKEVOLLVEIEN 14 AS",4118114,69.6599755583809,18.9666261152744
"STAKKEVOLLVEIEN 14 AS",4118115,69.6599755583809,18.9666261152744
"STAKKEVOLLVEIEN 14 AS",4118116,69.6599755583809,18.9666261152744
"STAKKEVOLLVEIEN 14 AS",4118117,69.6599755583809,18.9666261152744
"STAKKEVOLLVEIEN 14 AS",4118119,69.6599755583809,18.9666261152744
"STAKKEVOLLVEIEN 14 AS",4118122,69.6599755583809,18.9666261152744
"STAKKEVOLLVEIEN 14 AS",4118123,69.6599755583809,18.9666261152744
"STAKKEVOLLVEIEN 14 AS",4118126,69.6599755583809,18.9666261152744
"STAKKEVOLLVEIEN 14 AS",4118127,69.6599755583809,18.9666261152744
"STAKKEVOLLVEIEN 14 AS",4118128,69.6599755583809,18.9666261152744
"STAKKEVOLLVEIEN 14 AS",4118129,69.6598905285444,18.9660162472841
"STAKKEVOLLVEIEN 14 AS",4118130,69.6598905285444,18.9660162472841
"STAKKEVOLLVEIEN 14 AS",4118131,69.6598905285444,18.9660162472841
"STAKKEVOLLVEIEN 14 AS",4118132,69.6598905285444,18.9660162472841
"STAKKEVOLLVEIEN 14 AS",4118133,69.6598905285444,18.9660162472841
"SANI MEDICAL AS",3140611,69.6658634540631,18.9628962568535
"FRONT UTVIKLING 2 AS",4186348,69.6540234151197,18.96047948627
"FRONT UTVIKLING 2 AS",4186349,69.6541899074178,18.960665453601
"FRONT UTVIKLING 2 AS",4186350,69.6543390880075,18.9608223758849
"FRONT UTVIKLING 2 AS",234611827,69.6543759332376,18.9615780053421
"FRONT UTVIKLING 2 AS",234611828,69.6543759332376,18.9615780053421
"FRONT UTVIKLING 2 AS",234611836,69.6543759332376,18.9615780053421
"FRONT UTVIKLING 2 AS",234611838,69.6543759332376,18.9615780053421
"FRONT UTVIKLING 2 AS",234611842,69.6543759332376,18.9615780053421
"FRONT UTVIKLING 2 AS",234611844,69.6543759332376,18.9615780053421
"FRONT UTVIKLING 2 AS",234611853,69.6543759332376,18.9615780053421
"FRONT UTVIKLING 2 AS",234611856,69.6543759332376,18.9615780053421
"WILLUMSEN EIENDOM AS",3146157,69.6490888658267,18.9550163409077
"WILLUMSEN EIENDOM AS",3146161,69.6493531926036,18.9552462543791
"WILLUMSEN EIENDOM AS",3146163,69.6495916266391,18.9549912426698
"NORLANDIA BARNEHAGENE AS",3126087,69.6538981437525,19.0152037780066
"HANDELSHUSET EIDE AS",3133676,69.6774215822505,18.7458751123079
"HANDELSHUSET EIDE AS",3133838,69.6779825830838,18.746103416773
"HANDELSHUSET EIDE AS",3133933,69.6771653754448,18.7456748122278
"ECORN CENTER AS",3126969,69.6401328092706,18.974041468509
"ECORN CENTER AS",3127614,69.6453377289533,18.9928742932364
"ECORN CENTER AS",4169148,69.6453377289533,18.9928742932364
"ECORN CENTER AS",4169149,69.6453377289533,18.9928742932364
"ECORN CENTER AS",4169150,69.6453377289533,18.9928742932364
"ECORN CENTER AS",4169151,69.6453377289533,18.9928742932364
"ECORN CENTER AS",4169152,69.6453377289533,18.9928742932364
"ECORN CENTER AS",4169153,69.6453377289533,18.9928742932364
"WINTERVOLD EIENDOM AS",3146153,69.6490035452008,18.9540196125932
"GODTEMPLARHUSET AS",3146366,69.6527960684601,18.9623158688704
"BOLIGB E.V.GATE 6-8 AS",4140069,69.6600370880361,18.9627121879393
"BOLIGB E.V.GATE 6-8 AS",4140070,69.6600370880361,18.9627121879393
"BOLIGB E.V.GATE 6-8 AS",4140071,69.6599274102872,18.9627950094337
"BOLIGB E.V.GATE 6-8 AS",4140072,69.6599274102872,18.9627950094337
"ARTH MACK AS",3146167,69.6501443393859,18.9568133288587
"ARTH MACK AS",3335842,69.6493134865619,18.9408539704378
"ARTH MACK AS",4213454,69.6495203846917,18.9406419914884
"ARTH MACK AS",4213455,69.649503647575,18.940587261999
"ARTH MACK AS",4213456,69.649584164872,18.9406022033041
"ARTH MACK AS",4213457,69.6495590591726,18.9405201089005
"ARTH MACK AS",4213458,69.6495590591726,18.9405201089005
"ARTH MACK AS",4213459,69.6495590591726,18.9405201089005
"CEFO INVEST AS",4159671,69.6653818915652,18.9675076794491
"CEFO INVEST AS",4207897,69.6493859373056,18.9386295462138
"STRANDKANTEN AS",3512988,69.6387290099757,18.9421672270588
"STRANDKANTEN AS",4174914,69.640699225618,18.9406054587408
"STRANDKANTEN AS",4174915,69.640664595655,18.940547433481
"STRANDKANTEN AS",4174916,69.6405959134155,18.9404056897019
"STRANDKANTEN AS",4174917,69.6405702297623,18.9403493242965
"STRANDKANTEN AS",4174918,69.640429976319,18.9401943084007
"STRANDKANTEN AS",4174919,69.6403959239172,18.9401105909558
"STRANDKANTEN AS",4174920,69.6406891236876,18.9406551872497
"STRANDKANTEN AS",4174921,69.6406544937411,18.9405971619373
"STRANDKANTEN AS",4174922,69.6405858115421,18.9404554180668
"STRANDKANTEN AS",4174923,69.6405511815273,18.9403973933642
"STRANDKANTEN AS",4174924,69.6404198745063,18.9402440364815
"STRANDKANTEN AS",4174925,69.6403858221283,18.9401603189978
"STRANDKANTEN AS",4174926,69.6406790217433,18.9407049157111
"STRANDKANTEN AS",4174927,69.6405410796565,18.9404471216291
"STRANDKANTEN AS",4174928,69.6403757203254,18.9402100469923
"STRANDKANTEN AS",4174929,69.6406689197849,18.940754644125
"STRANDKANTEN AS",4175170,69.6404989556139,18.9399232916956
"STRANDKANTEN AS",4175171,69.6404559566987,18.9398379153862
"STRANDKANTEN AS",4175172,69.6408080351235,18.9401612183959
"STRANDKANTEN AS",4175173,69.6407734050125,18.9401031935543
"STRANDKANTEN AS",4175174,69.6406957760303,18.9399597913733
"STRANDKANTEN AS",4175175,69.6406611458504,18.939901767169
"STRANDKANTEN AS",4175176,69.6405090573368,18.9398735632761
"STRANDKANTEN AS",4175177,69.6404660583971,18.9397881870256
"STRANDKANTEN AS",4175178,69.6407973555992,18.9402366414512
"STRANDKANTEN AS",4175179,69.6407633032233,18.940152922478
"STRANDKANTEN AS",4175180,69.640685674282,18.9400095201855
"STRANDKANTEN AS",4175181,69.6406510441187,18.9399514959286
"STRANDKANTEN AS",4175182,69.6405191590456,18.9398238348092
"STRANDKANTEN AS",4175183,69.6404761600816,18.9397384586175
"STRANDKANTEN AS",4175184,69.6407872537721,18.9402863703663
"STRANDKANTEN AS",4175185,69.6407532014201,18.9402026513541
"STRANDKANTEN AS",4175186,69.6406755725197,18.9400592489502
"STRANDKANTEN AS",4175187,69.640640942373,18.9400012246408
"STRANDKANTEN AS",4175188,69.6404862617521,18.939688730162
"STRANDKANTEN AS",4175189,69.6407771519312,18.9403360992338
"STRANDKANTEN AS",4175190,69.6406308406133,18.9400509533054
"STRANDKANTEN AS",4175191,69.6408080351235,18.9401612183959
"STRANDKANTEN AS",4201988,69.640407489541,18.9415936997521
"STRANDKANTEN AS",4201989,69.6402683111847,18.9417897375276
"STRANDKANTEN AS",4201990,69.6401753664752,18.9427271395751
"STRANDKANTEN AS",4209300,69.6401880435968,18.9429616700745
"STRANDKANTEN AS",4209301,69.6401393354387,18.9431306809325
"STRANDKANTEN AS",4209302,69.6401205195044,18.9427685354017
"STRANDKANTEN AS",4209303,69.6400717410386,18.942940086175
"STRANDKANTEN AS",4209304,69.6401372560239,18.9428232422553
"STRANDKANTEN AS",4209305,69.6400884775046,18.9429947930358
"STRANDKANTEN AS",4209306,69.6401545706287,18.9428522559743
"STRANDKANTEN AS",4209307,69.6401052139531,18.9430494999826
"STRANDKANTEN AS",4209308,69.6401713071214,18.9429069629814
"STRANDKANTEN AS",4209309,69.6401219503843,18.9431042070154
"STRANDKANTEN AS",4209310,69.6401060661152,18.9434108645061
"STRANDKANTEN AS",4209311,69.6400316044001,18.943526045903
"STRANDKANTEN AS",4209312,69.6399848644316,18.9432077667735
"STRANDKANTEN AS",4209313,69.6400581696617,18.9431439707008
"STRANDKANTEN AS",4209314,69.6400004444857,18.9433138596626
"STRANDKANTEN AS",4209315,69.6400743279103,18.9432243707989
"STRANDKANTEN AS",4209316,69.6400166026569,18.9433942596685
"STRANDKANTEN AS",4209317,69.640072593428,18.9433014501311
"STRANDKANTEN AS",4209318,69.6400238144458,18.9434729992851
"STRANDKANTEN AS",4209319,69.6400899079529,18.9433304641479
"STRANDKANTEN AS",4209994,69.640407489541,18.9415936997521
"STRANDKANTEN AS",4214139,69.6399242905031,18.9427063472305
"STRANDKANTEN AS",4261593,69.6398146708327,18.9411896010459
"STRANDKANTEN AS",4264183,69.6396054140155,18.9421053777496
"STRANDKANTEN AS",4264184,69.6396054140155,18.9421053777496
"STRANDKANTEN AS",4264185,69.6396054140155,18.9421053777496
"STRANDKANTEN AS",4264186,69.6396054140155,18.9421053777496
"STRANDKANTEN AS",4264187,69.6396054140155,18.9421053777496
"STRANDKANTEN AS",4264188,69.6396054140155,18.9421053777496
"STRANDKANTEN AS",4264189,69.6396054140155,18.9421053777496
"STRANDKANTEN AS",4264190,69.6396054140155,18.9421053777496
"STRANDKANTEN AS",4264191,69.6396054140155,18.9421053777496
"STRANDKANTEN AS",4264192,69.6396054140155,18.9421053777496
"STRANDKANTEN AS",4264193,69.6396054140155,18.9421053777496
"STRANDKANTEN AS",4264194,69.6396054140155,18.9421053777496
"STRANDKANTEN AS",4264195,69.6396054140155,18.9421053777496
"STRANDKANTEN AS",4264196,69.6396054140155,18.9421053777496
"STRANDKANTEN AS",4264197,69.6396054140155,18.9421053777496
"STRANDKANTEN AS",4264198,69.6396054140155,18.9421053777496
"STRANDKANTEN AS",4264199,69.6396054140155,18.9421053777496
"STRANDKANTEN AS",4264200,69.6396054140155,18.9421053777496
"STRANDKANTEN AS",4264201,69.6396054140155,18.9421053777496
"STRANDKANTEN AS",4264202,69.6396054140155,18.9421053777496
"STRANDKANTEN AS",4264203,69.6396054140155,18.9421053777496
"STRANDKANTEN AS",4264204,69.6396054140155,18.9421053777496
"STRANDKANTEN AS",4264205,69.6396054140155,18.9421053777496
"STRANDKANTEN AS",4277776,69.6391772717676,18.9404109074555
"STRANDKANTEN AS",4332421,69.6396355852939,18.9388859982213
"STRANDKANTEN AS",4332422,69.6396355852939,18.9388859982213
"STRANDKANTEN AS",4332423,69.6396355852939,18.9388859982213
"STRANDKANTEN AS",4332424,69.6396355852939,18.9388859982213
"STRANDKANTEN AS",4332425,69.6396355852939,18.9388859982213
"STRANDKANTEN AS",4332426,69.6396355852939,18.9388859982213
"STRANDKANTEN AS",4332427,69.6396355852939,18.9388859982213
"STRANDKANTEN AS",4332428,69.6396355852939,18.9388859982213
"STRANDKANTEN AS",4332429,69.6396355852939,18.9388859982213
"STRANDKANTEN AS",4332430,69.6396355852939,18.9388859982213
"STRANDKANTEN AS",4332431,69.6396355852939,18.9388859982213
"STRANDKANTEN AS",4332432,69.6396355852939,18.9388859982213
"STRANDKANTEN AS",4332433,69.6396355852939,18.9388859982213
"STRANDKANTEN AS",4332434,69.6396355852939,18.9388859982213
"STRANDKANTEN AS",4332435,69.6396553207071,18.9392069945773
"STRANDKANTEN AS",234611687,69.6398146708327,18.9411896010459
"STRANDKANTEN AS",234611689,69.6398146708327,18.9411896010459
"STRANDKANTEN AS",234611690,69.6398146708327,18.9411896010459
"STRANDKANTEN AS",234611691,69.6398146708327,18.9411896010459
"STRANDKANTEN AS",234611692,69.6398146708327,18.9411896010459
"STRANDKANTEN AS",234611693,69.6398146708327,18.9411896010459
"STRANDKANTEN AS",234611698,69.6398146708327,18.9411896010459
"STRANDKANTEN AS",234611700,69.6398146708327,18.9411896010459
"STRANDKANTEN AS",234616984,69.639292709801,18.9403910370578
"STRANDKANTEN AS",234616988,69.639292709801,18.9403910370578
"STRANDKANTEN AS",234616992,69.639292709801,18.9403910370578
"STRANDKANTEN AS",234616993,69.639292709801,18.9403910370578
"STRANDKANTEN AS",234616994,69.639292709801,18.9403910370578
"STRANDKANTEN AS",234616995,69.639292709801,18.9403910370578
"STRANDKANTEN AS",234616998,69.639292709801,18.9403910370578
"STRANDKANTEN AS",234616999,69.639292709801,18.9403910370578
"STRANDKANTEN AS",234617004,69.639292709801,18.9403910370578
"STRANDKANTEN AS",234617005,69.639292709801,18.9403910370578
"STRANDKANTEN AS",234617006,69.639292709801,18.9403910370578
"FAM AS",3254731,69.6862018868331,18.942391056948
"GANAR AS",4137240,69.6584408453187,18.9609938932157
"GANAR AS",4137241,69.6584408453187,18.9609938932157
"GANAR AS",4137242,69.6584408453187,18.9609938932157
"RITZ AS",3144783,69.6489129551052,18.9588294885027
"RITZ AS",3146003,69.6506098841728,18.9501524427482
"AAGAARD EIENDOM AS",3141112,69.6608542743641,18.9515788155169
"AAGAARD EIENDOM AS",4201564,69.6526608314597,18.9615419621998
"AAGAARD EIENDOM AS",4201565,69.6526608314597,18.9615419621998
"MULTI EIENDOM AS",3145183,69.657564351182,18.9632059639884
"MULTI EIENDOM AS",3605086,69.7033618458846,19.0175303902404
"JOHNSEN ERLING & SØNN BYGGMESTER AS",3289601,69.6644622357339,19.0205222804768
"JOHNSEN ERLING & SØNN BYGGMESTER AS",3381469,69.7021265126389,19.0196508795302
"JOHNSEN ERLING & SØNN BYGGMESTER AS",4205069,69.6329711335077,18.9110342312262
"JOHNSEN ERLING & SØNN BYGGMESTER AS",4205070,69.6329711335077,18.9110342312262
"JOHNSEN ERLING & SØNN BYGGMESTER AS",4205071,69.6329711335077,18.9110342312262
"JOHNSEN ERLING & SØNN BYGGMESTER AS",4205072,69.6329711335077,18.9110342312262
"JOHNSEN ERLING & SØNN BYGGMESTER AS",4205073,69.6329711335077,18.9110342312262
"JOHNSEN ERLING & SØNN BYGGMESTER AS",4205074,69.6329711335077,18.9110342312262
"JOHNSEN ERLING & SØNN BYGGMESTER AS",4205075,69.6329711335077,18.9110342312262
"JOHNSEN ERLING & SØNN BYGGMESTER AS",4205076,69.6329711335077,18.9110342312262
"JOHNSEN ERLING & SØNN BYGGMESTER AS",4205077,69.6329711335077,18.9110342312262
"JOHNSEN ERLING & SØNN BYGGMESTER AS",4205078,69.6329711335077,18.9110342312262
"JOHNSEN ERLING & SØNN BYGGMESTER AS",4205079,69.6330217177851,18.9115851524155
"JOHNSEN ERLING & SØNN BYGGMESTER AS",4205080,69.6330087565168,18.9117633048402
"JOHNSEN ERLING & SØNN BYGGMESTER AS",4205081,69.6329957950681,18.9119414570434
"JOHNSEN ERLING & SØNN BYGGMESTER AS",4205082,69.6328340658913,18.9111379644519
"JOHNSEN ERLING & SØNN BYGGMESTER AS",4205083,69.6327411582574,18.9112756131983
"JOHNSEN ERLING & SØNN BYGGMESTER AS",4205084,69.6328508124179,18.9111926277844
"JOHNSEN ERLING & SØNN BYGGMESTER AS",4205085,69.6327584781992,18.9113045911326
"JOHNSEN ERLING & SØNN BYGGMESTER AS",4302168,69.6435400149969,18.9836359832248
"JOHNSEN ERLING & SØNN BYGGMESTER AS",4302169,69.6435271187745,18.9837290452725
"POLARSTRAND BRYGGE AS",3131096,69.6749053338869,18.76775517582
"TOMASJORDNESSET AS",3431254,69.6670878762554,19.0204256824183
"TOMASJORDNESSET AS",4201570,69.6656905704367,19.0178875536576
"TOMASJORDNESSET AS",4201571,69.6657561348721,19.0177708033802
"TOMASJORDNESSET AS",4201572,69.6657812038959,19.0178530511982
"TOMASJORDNESSET AS",4201573,69.6657568317207,19.018132603107
"TOMASJORDNESSET AS",4201574,69.6657896676147,19.0182679893325
"TOMASJORDNESSET AS",4201575,69.665822503403,19.0184033759753
"TOMASJORDNESSET AS",4201576,69.6658475721272,19.0184856247914
"TOMASJORDNESSET AS",4201577,69.6658720515297,19.0185935957488
"TOMASJORDNESSET AS",4201578,69.6658971201634,19.0186758449805
"TOMASJORDNESSET AS",4201579,69.6659215994473,19.0187838164074
"TOMASJORDNESSET AS",4201580,69.6657430651255,19.0179491620181
"TOMASJORDNESSET AS",4201581,69.6657621345171,19.0179011066513
"TOMASJORDNESSET AS",4201582,69.665766366443,19.018108575502
"TOMASJORDNESSET AS",4201583,69.6657992023555,19.018243961752
"TOMASJORDNESSET AS",4201584,69.6658320381622,19.0183793484192
"TOMASJORDNESSET AS",4201585,69.6658571068976,19.0184615972445
"TOMASJORDNESSET AS",4201586,69.6658815863148,19.0185695682233
"TOMASJORDNESSET AS",4201587,69.6659066549597,19.0186518174642
"TOMASJORDNESSET AS",4201588,69.6659311342583,19.0187597889126
"TOMASJORDNESSET AS",4201589,69.6657347088035,19.0179217460694
"TOMASJORDNESSET AS",4201590,69.6657537781877,19.0178736906965
"TOMASJORDNESSET AS",4201591,69.6657759011621,19.0180845478754
"TOMASJORDNESSET AS",4201592,69.665808737093,19.0182199341499
"TOMASJORDNESSET AS",4201593,69.6658415729181,19.0183553208416
"TOMASJORDNESSET AS",4201594,69.6658666416648,19.0184375696761
"TOMASJORDNESSET AS",4201595,69.6658911210966,19.0185455406763
"TOMASJORDNESSET AS",4201596,69.6659161897527,19.0186277899263
"TOMASJORDNESSET AS",4201597,69.665940669066,19.0187357613961
"TOMASJORDNESSET AS",4201598,69.6657263524771,19.0178943301423
"TOMASJORDNESSET AS",4201599,69.6657454218539,19.0178462747632
"TOMASJORDNESSET AS",4201600,69.665785435878,19.0180605202272
"TOMASJORDNESSET AS",4201601,69.6658511076708,19.0183312932425
"TOMASJORDNESSET AS",4201602,69.6658761764287,19.018413542086
"TOMASJORDNESSET AS",4201603,69.6659006558752,19.0185215131077
"TOMASJORDNESSET AS",4201604,69.6659257245426,19.0186037623669
"TOMASJORDNESSET AS",4201605,69.6659502038706,19.0187117338582
"TOMASJORDNESSET AS",4201606,69.6657179961465,19.0178669142366
"TOMASJORDNESSET AS",4201607,69.6657370655157,19.0178188588515
"TOMASJORDNESSET AS",4201608,69.6657949705906,19.0180364925575
"TOMASJORDNESSET AS",4201609,69.6658367520653,19.018173573132
"TOMASJORDNESSET AS",4214353,69.6658468121869,19.0200871611374
"TOMASJORDNESSET AS",4214354,69.6658468121869,19.0200871611374
"TOMASJORDNESSET AS",4214355,69.6658468121869,19.0200871611374
"TOMASJORDNESSET AS",4214356,69.6658468121869,19.0200871611374
"TOMASJORDNESSET AS",4214357,69.6658468121869,19.0200871611374
"TOMASJORDNESSET AS",4214358,69.6658468121869,19.0200871611374
"TOMASJORDNESSET AS",4214359,69.6658468121869,19.0200871611374
"TOMASJORDNESSET AS",4214360,69.6658468121869,19.0200871611374
"TOMASJORDNESSET AS",4214361,69.6658468121869,19.0200871611374
"TOMASJORDNESSET AS",4214362,69.6658468121869,19.0200871611374
"TOMASJORDNESSET AS",4214363,69.6658468121869,19.0200871611374
"TOMASJORDNESSET AS",4214364,69.6658468121869,19.0200871611374
"TOMASJORDNESSET AS",4214365,69.6658468121869,19.0200871611374
"TOMASJORDNESSET AS",4214366,69.6658468121869,19.0200871611374
"TOMASJORDNESSET AS",4214367,69.6658468121869,19.0200871611374
"TOMASJORDNESSET AS",4214368,69.6658468121869,19.0200871611374
"TOMASJORDNESSET AS",4214369,69.6658468121869,19.0200871611374
"TOMASJORDNESSET AS",4214370,69.6658468121869,19.0200871611374
"TOMASJORDNESSET AS",4214371,69.6658468121869,19.0200871611374
"TOMASJORDNESSET AS",4214372,69.6658468121869,19.0200871611374
"TOMASJORDNESSET AS",4214373,69.6658468121869,19.0200871611374
"TOMASJORDNESSET AS",4214374,69.6658468121869,19.0200871611374
"TOMASJORDNESSET AS",4214375,69.6658468121869,19.0200871611374
"TOMASJORDNESSET AS",4214376,69.6658468121869,19.0200871611374
"TOMASJORDNESSET AS",4214377,69.6658468121869,19.0200871611374
"TOMASJORDNESSET AS",4214378,69.6658468121869,19.0200871611374
"TOMASJORDNESSET AS",4214379,69.6658468121869,19.0200871611374
"TOMASJORDNESSET AS",4214380,69.6658468121869,19.0200871611374
"TOMASJORDNESSET AS",4214381,69.6658468121869,19.0200871611374
"TOMASJORDNESSET AS",4214382,69.6658468121869,19.0200871611374
"TOMASJORDNESSET AS",4214383,69.6658468121869,19.0200871611374
"TOMASJORDNESSET AS",4214384,69.6658468121869,19.0200871611374
"TOMASJORDNESSET AS",4214385,69.6658468121869,19.0200871611374
"TOMASJORDNESSET AS",4214386,69.6658468121869,19.0200871611374
"TOMASJORDNESSET AS",4214387,69.6658468121869,19.0200871611374
"TOMASJORDNESSET AS",4214388,69.6658468121869,19.0200871611374
"TOMASJORDNESSET AS",4214389,69.6658468121869,19.0200871611374
"TOMASJORDNESSET AS",4214390,69.6658468121869,19.0200871611374
"TOMASJORDNESSET AS",4214391,69.6658468121869,19.0200871611374
"TOMASJORDNESSET AS",4214392,69.6658468121869,19.0200871611374
"TOMASJORDNESSET AS",4214393,69.6658468121869,19.0200871611374
"TOMASJORDNESSET AS",4214394,69.6658468121869,19.0200871611374
"TOMASJORDNESSET AS",4214395,69.6658468121869,19.0200871611374
"TOMASJORDNESSET AS",4214396,69.6658468121869,19.0200871611374
"TOMASJORDNESSET AS",4214397,69.6658468121869,19.0200871611374
"TOMASJORDNESSET AS",4214398,69.6658468121869,19.0200871611374
"TOMASJORDNESSET AS",4214399,69.6658468121869,19.0200871611374
"TOMASJORDNESSET AS",4214400,69.6658468121869,19.0200871611374
"TOMASJORDNESSET AS",4215825,69.6655502244977,19.019307632668
"TOMASJORDNESSET AS",4215826,69.6655502244977,19.019307632668
"TOMASJORDNESSET AS",4215827,69.6655502244977,19.019307632668
"TOMASJORDNESSET AS",4215828,69.6655502244977,19.019307632668
"TOMASJORDNESSET AS",4215829,69.6655502244977,19.019307632668
"TOMASJORDNESSET AS",4215830,69.6655502244977,19.019307632668
"TOMASJORDNESSET AS",4215831,69.6655502244977,19.019307632668
"TOMASJORDNESSET AS",4257457,69.6670548932861,19.0175517448181
"TOMASJORDNESSET AS",4257458,69.6670548932861,19.0175517448181
"TOMASJORDNESSET AS",4257474,69.6670548932861,19.0175517448181
"TOMASJORDNESSET AS",4257487,69.6670548932861,19.0175517448181
"TOMASJORDNESSET AS",4257503,69.6670548932861,19.0175517448181
"TOMASJORDNESSET AS",4257510,69.6670253257057,19.0184503687981
"TOMASJORDNESSET AS",4257514,69.6670495909064,19.0177832554568
"TOMASJORDNESSET AS",4257515,69.6670519475573,19.0176803618548
"TOMASJORDNESSET AS",4257517,69.6670548932861,19.0175517448181
"TOMASJORDNESSET AS",4257518,69.6670253257057,19.0184503687981
"TOMASJORDNESSET AS",4257519,69.6670253257057,19.0184503687981
"TOMASJORDNESSET AS",4257520,69.6670253257057,19.0184503687981
"TOMASJORDNESSET AS",4257521,69.6670253257057,19.0184503687981
"TOMASJORDNESSET AS",4257522,69.6670253257057,19.0184503687981
"TOMASJORDNESSET AS",280575575,69.6673700207745,19.0189341961814
"TOMASJORDNESSET AS",280575576,69.6673700207745,19.0189341961814
"TOMASJORDNESSET AS",280575577,69.6673700207745,19.0189341961814
"TOMASJORDNESSET AS",280575578,69.6673700207745,19.0189341961814
"TOMASJORDNESSET AS",280575579,69.6673700207745,19.0189341961814
"TOMASJORDNESSET AS",280575580,69.6673700207745,19.0189341961814
"TOMASJORDNESSET AS",280575581,69.6673700207745,19.0189341961814
"TOMASJORDNESSET AS",280575582,69.6673700207745,19.0189341961814
"TOMASJORDNESSET AS",280575583,69.6673700207745,19.0189341961814
"TOMASJORDNESSET AS",280575584,69.6673700207745,19.0189341961814
"TOMASJORDNESSET AS",280575585,69.6673700207745,19.0189341961814
"TOMASJORDNESSET AS",280575586,69.6673700207745,19.0189341961814
"TOMASJORDNESSET AS",280575587,69.6673700207745,19.0189341961814
"TOMASJORDNESSET AS",280575588,69.6673700207745,19.0189341961814
"TOMASJORDNESSET AS",280575589,69.6673700207745,19.0189341961814
"TOMASJORDNESSET AS",280575590,69.6673700207745,19.0189341961814
"TOMASJORDNESSET AS",280575591,69.6673700207745,19.0189341961814
"TOMASJORDNESSET AS",280575592,69.6673700207745,19.0189341961814
"TOMASJORDNESSET AS",280575593,69.6673700207745,19.0189341961814
"TOMASJORDNESSET AS",280575594,69.6673700207745,19.0189341961814
"TOMASJORDNESSET AS",280575595,69.6673700207745,19.0189341961814
"TOMASJORDNESSET AS",280575596,69.6673700207745,19.0189341961814
"TOMASJORDNESSET AS",280575597,69.6673700207745,19.0189341961814
"TOMASJORDNESSET AS",280575598,69.6673700207745,19.0189341961814
"TOMASJORDNESSET AS",280575599,69.6673700207745,19.0189341961814
"TOMASJORDNESSET AS",280575600,69.6673700207745,19.0189341961814
"TOMASJORDNESSET AS",280575601,69.6673700207745,19.0189341961814
"TOMASJORDNESSET AS",280575602,69.6673700207745,19.0189341961814
"TOMASJORDNESSET AS",280575603,69.6673700207745,19.0189341961814
"TOMASJORDNESSET AS",280575604,69.6673700207745,19.0189341961814
"TOMASJORDNESSET AS",280575605,69.6673700207745,19.0189341961814
"TOMASJORDNESSET AS",280575606,69.6673700207745,19.0189341961814
"TOMASJORDNESSET AS",280575607,69.6673700207745,19.0189341961814
"TOMASJORDNESSET AS",280575610,69.6673700207745,19.0189341961814
"TOMASJORDNESSET AS",280575611,69.6673700207745,19.0189341961814
"TOMASJORDNESSET AS",280575612,69.6673700207745,19.0189341961814
"TOMASJORDNESSET AS",280575613,69.6673700207745,19.0189341961814
"TOMASJORDNESSET AS",280575614,69.6673700207745,19.0189341961814
"TOMASJORDNESSET AS",280575615,69.6673700207745,19.0189341961814
"TOMASJORDNESSET AS",280575616,69.6673700207745,19.0189341961814
"TOMASJORDNESSET AS",280575617,69.6673700207745,19.0189341961814
"TOMASJORDNESSET AS",280575618,69.6673700207745,19.0189341961814
"TOMASJORDNESSET AS",280575619,69.6673700207745,19.0189341961814
"TOMASJORDNESSET AS",280575620,69.6673700207745,19.0189341961814
"TOMASJORDNESSET AS",280575621,69.6673700207745,19.0189341961814
"TOMASJORDNESSET AS",280575622,69.6673700207745,19.0189341961814
"TOMASJORDNESSET AS",280575623,69.6673700207745,19.0189341961814
"TOMASJORDNESSET AS",280575624,69.6673700207745,19.0189341961814
"TOMASJORDNESSET AS",280575625,69.6673700207745,19.0189341961814
"TOMASJORDNESSET AS",280575626,69.6673700207745,19.0189341961814
"TOMASJORDNESSET AS",280575627,69.6673700207745,19.0189341961814
"TOMASJORDNESSET AS",280575628,69.6673700207745,19.0189341961814
"KRANE EIENDOM AS",3136804,69.6750554500097,18.9320775355376
"BREKMO EIENDOMSUTVIKLING AS",3272446,69.6517945477629,18.9345846071492
"BREKMO EIENDOMSUTVIKLING AS",4139417,69.6449091999226,18.9042261237636
"BREKMO EIENDOMSUTVIKLING AS",4139418,69.6449091999226,18.9042261237636
"BREKMO EIENDOMSUTVIKLING AS",4185006,69.6326813507682,18.9288023941242
"BREKMO EIENDOMSUTVIKLING AS",4190968,69.6708854881282,18.9613023703786
"TØMMERBYGG AS",4161830,69.6611260281399,18.9658080895846
"TØMMERBYGG AS",4161831,69.6611260281399,18.9658080895846
"TØMMERBYGG AS",4161832,69.6611260281399,18.9658080895846
"TØMMERBYGG AS",4161833,69.6611260281399,18.9658080895846
"TØMMERBYGG AS",4174930,69.6611260281399,18.9658080895846
"TØMMERBYGG AS",4174931,69.6611260281399,18.9658080895846
"BYGG I NORD PROSJEKT AS",3591162,69.6534973142352,18.8163776736658
"BYGG I NORD PROSJEKT AS",3591163,69.653339215479,18.8166254630393
"BYGG I NORD PROSJEKT AS",3591164,69.6533079080281,18.8160003104879
"BYGG I NORD PROSJEKT AS",3591165,69.6531652981442,18.8164031831037
"BYGG I NORD PROSJEKT AS",3591166,69.6530917720223,18.8154064821403
"BYGG I NORD PROSJEKT AS",3591167,69.6530114553117,18.8162903488023
"BYGG I NORD PROSJEKT AS",3591168,69.65295023298,18.8151409877929
"BYGG I NORD PROSJEKT AS",3591169,69.6528234461822,18.815972616023
"BYGG I NORD PROSJEKT AS",289301590,69.6368652374747,18.9302750203428
"BYGG I NORD PROSJEKT AS",289301591,69.6367693703298,18.9303836903949
"BYGG I NORD PROSJEKT AS",289301613,69.6369875522436,18.9305091732148
"BYGG I NORD PROSJEKT AS",289301614,69.6369408631961,18.9306682134315
"BYGG I NORD PROSJEKT AS",289314362,69.6371314535177,18.9307421625658
"BYGG I NORD PROSJEKT AS",289314363,69.6370866111883,18.930898965338
"BYGG I NORD PROSJEKT AS",289314364,69.6370445103015,18.9310536949725
"CONSTO ANLEGG AS",4126879,69.6595860230677,18.9500514425451
"CONSTO ANLEGG AS",4126880,69.6595776560378,18.9500240610558
"CONSTO ANLEGG AS",4126881,69.6595222408316,18.9500912202744
"CONSTO ANLEGG AS",4126882,69.6594858765836,18.9501102765347
"CONSTO ANLEGG AS",4126883,69.6594399868412,18.9501533839982
"CONSTO ANLEGG AS",4126884,69.6594030433415,18.9501981563394
"CONSTO ANLEGG AS",4126885,69.6593583120775,18.9501898310457
"CONSTO ANLEGG AS",4126886,69.6593207893146,18.9502603193112
"CONSTO ANLEGG AS",4126887,69.6597427431123,18.949874014675
"CONSTO ANLEGG AS",4126888,69.6597052204719,18.9499445047597
"CONSTO ANLEGG AS",4126889,69.6596688562392,18.9499635614277
"CONSTO ANLEGG AS",4126890,69.6596229665314,18.9500066695702
"CONSTO ANLEGG AS",4126891,69.659803050061,18.949988536408
"CONSTO ANLEGG AS",4126892,69.6595776560378,18.9500240610558
"CONSTO ANLEGG AS",4126893,69.6595043483241,18.9500878902212
"CONSTO ANLEGG AS",4126894,69.6594125688397,18.9501741051341
"CONSTO ANLEGG AS",4126895,69.6593392610735,18.950237933299
"CONSTO ANLEGG AS",4126896,69.6597886327886,18.9498309060087
"CONSTO ANLEGG AS",4267765,69.6637574354187,18.9298030769457
"SLETTMO GÅRD AS",3131499,69.6897490418371,18.8658874896279
"SLETTMO GÅRD AS",3131539,69.6904626183624,18.8620352508953
"SLETTMO GÅRD AS",3131569,69.6906218510735,18.8625556128003
"TROMSØ FINANS AS",3126822,69.6682953428762,19.0300590822528
"TROMSØ FINANS AS",3126824,69.6679567482154,19.0307181472978
"TROMSØ FINANS AS",3126825,69.6677699976324,19.030243448042
"TROMSØ FINANS AS",3128706,69.6071062499643,18.9411344089333
"TROMSØ FINANS AS",4137245,69.6677699976324,19.030243448042
"TROMSØ FINANS AS",4137246,69.6678213058403,19.0303565408703
"TROMSØ FINANS AS",4147984,69.6678810050037,19.0306133555114
"TROMSØ FINANS AS",4147985,69.6679567482154,19.0307181472978
"BUKTA EIENDOM AS",4166554,69.6572839518032,18.9660714767862
"BUKTA EIENDOM AS",4166555,69.6572839518032,18.9660714767862
"BUKTA EIENDOM AS",4166558,69.6572839518032,18.9660714767862
"BUKTA EIENDOM AS",4166559,69.6572839518032,18.9660714767862
"BUKTA EIENDOM AS",4166560,69.6572839518032,18.9660714767862
"BUKTA EIENDOM AS",4166561,69.6572839518032,18.9660714767862
"BUKTA EIENDOM AS",4166562,69.6572839518032,18.9660714767862
"BUKTA EIENDOM AS",4166563,69.6572839518032,18.9660714767862
"BUKTA EIENDOM AS",4166564,69.6572839518032,18.9660714767862
"BUKTA EIENDOM AS",4166566,69.6572839518032,18.9660714767862
"BUKTA EIENDOM AS",4166567,69.6572839518032,18.9660714767862
"BUKTA EIENDOM AS",4166568,69.6572839518032,18.9660714767862
"BUKTA EIENDOM AS",4166570,69.6571985617988,18.9658747696406
"BUKTA EIENDOM AS",4166571,69.6571985617988,18.9658747696406
"BUKTA EIENDOM AS",4208262,69.6571985617988,18.9658747696406
"BUKTA EIENDOM AS",4208263,69.6571985617988,18.9658747696406
"BUKTA EIENDOM AS",4208264,69.6571985617988,18.9658747696406
"BUKTA EIENDOM AS",4208265,69.6571985617988,18.9658747696406
"BUKTA EIENDOM AS",4325469,69.6572839518032,18.9660714767862
"GEFA EIENDOM AS",3145941,69.6525096398084,18.960917403656
"SCANFISH AS",3135332,69.7058433845872,18.9881879084185
"Fredriksen Gunnar Transport AS",3134591,69.950018106474,18.8660628798341
"VIKING EIENDOM AS",3137597,69.6565830404981,18.9237498035949
"VIKING EIENDOM AS",3145087,69.6467536922446,18.9506069348509
"VIKING EIENDOM AS",3145089,69.6467966857486,18.9506923584201
"VIKING EIENDOM AS",3145091,69.6468844105066,18.9507861032923
"VIKING EIENDOM AS",3145357,69.6509057236566,18.945752036412
"VIKING EIENDOM AS",3145595,69.6487776692606,18.949692898726
"VIKING EIENDOM AS",3145737,69.6471571748098,18.9502432326078
"VIKING EIENDOM AS",3146780,69.6469942054899,18.9491031350803
"VIKING EIENDOM AS",3685200,69.6463619226735,18.9510089340358
"VIKING EIENDOM AS",4141795,69.649352022426,18.9525099713375
"VIKING EIENDOM AS",4142431,69.6467632803841,18.9497828398616
"VIKING EIENDOM AS",4146998,69.6462887138456,18.9473202415616
"VIKING EIENDOM AS",4146999,69.6462887138456,18.9473202415616
"VIKING EIENDOM AS",4147000,69.6462887138456,18.9473202415616
"VIKING EIENDOM AS",4176406,69.6467034901611,18.9504427448787
"VIKING EIENDOM AS",4176407,69.6467034901611,18.9504427448787
"VIKING EIENDOM AS",4176408,69.6467034901611,18.9504427448787
"VIKING EIENDOM AS",4178387,69.6484898212986,18.9592668291095
"VIKING EIENDOM AS",4178389,69.6484898212986,18.9592668291095
"VIKING EIENDOM AS",4178390,69.6484898212986,18.9592668291095
"VIKING EIENDOM AS",4178391,69.6484898212986,18.9592668291095
"VIKING EIENDOM AS",4179218,69.6489251226012,18.9499268141277
"VIKING EIENDOM AS",4179219,69.6489251226012,18.9499268141277
"VIKING EIENDOM AS",4257954,69.6464822693903,18.948698246681
"VIKING EIENDOM AS",234272354,69.6465493438633,18.9509044340078
"VIKING EIENDOM AS",234272356,69.6465493438633,18.9509044340078
"VIKING EIENDOM AS",234272357,69.6466507726798,18.9491941285291
"VIKING EIENDOM AS",234272359,69.6466507726798,18.9491941285291
"VIKING EIENDOM AS",234272362,69.6577558273239,18.9622862884558
"VIKING EIENDOM AS",1121330732,69.6554577656728,18.9536493491822
"VIKING EIENDOM AS",1121330735,69.6554577656728,18.9536493491822
"ENTRA EIENDOM AS",3145156,69.6532802289834,18.9577049783455
"ENTRA EIENDOM AS",3145158,69.6534838295133,18.9577196969828
"ENTRA EIENDOM AS",3146487,69.6535889588095,18.9570422312376
"ENTRA EIENDOM AS",4182143,69.644481649488,18.9453844642888
"ENTRA EIENDOM AS",4182146,69.6448127846003,18.9422459772954
"PERO EIENDOM AS",3142128,69.6890794761639,19.0063655282691
"PERO EIENDOM AS",4212523,69.6467267171125,18.9522020557677
"PERO EIENDOM AS",4212524,69.6467267171125,18.9522020557677
"PERO EIENDOM AS",4212525,69.6467267171125,18.9522020557677
"PERO EIENDOM AS",4212526,69.6467267171125,18.9522020557677
"PERO EIENDOM AS",4212527,69.6467267171125,18.9522020557677
"PERO EIENDOM AS",4212528,69.6467267171125,18.9522020557677
"STORGATA 66 AS",3144880,69.6544540947792,18.9485544181948
"TRE HUS AS",4146862,69.6065414840853,18.9394842242396
"TRE HUS AS",4146863,69.606593430145,18.939571118088
"TRE HUS AS",4243965,69.6426611760642,18.9924485998207
"TRE HUS AS",4243966,69.6426611760642,18.9924485998207
"TRE HUS AS",4243967,69.6426611760642,18.9924485998207
"NOR-REAL AS",4124138,69.6454717276106,18.9070004510603
"NOR-REAL AS",4124139,69.6454717276106,18.9070004510603
"NOR-REAL AS",4124140,69.6454717276106,18.9070004510603
"NOR-REAL AS",4124141,69.6454717276106,18.9070004510603
"NOR-REAL AS",4124142,69.6454717276106,18.9070004510603
"NOR-REAL AS",4124143,69.6454717276106,18.9070004510603
"NOR-REAL AS",4124144,69.6454717276106,18.9070004510603
"NOR-REAL AS",4124145,69.6454717276106,18.9070004510603
"NOR-REAL AS",4124146,69.6454717276106,18.9070004510603
"NOR-REAL AS",4124147,69.6454717276106,18.9070004510603
"NOR-REAL AS",4124148,69.6454717276106,18.9070004510603
"NOR-REAL AS",4124149,69.6454717276106,18.9070004510603
"NOR-REAL AS",4124150,69.6454717276106,18.9070004510603
"NOR-REAL AS",4124151,69.6454717276106,18.9070004510603
"NOR-REAL AS",4124152,69.6454717276106,18.9070004510603
"NOR-REAL AS",4124153,69.6454717276106,18.9070004510603
"NOR-REAL AS",4124154,69.6454717276106,18.9070004510603
"NOR-REAL AS",4124155,69.6454717276106,18.9070004510603
"NOR-REAL AS",4124156,69.6454717276106,18.9070004510603
"NOR-REAL AS",4124157,69.6454717276106,18.9070004510603
"NOR-REAL AS",4124158,69.6454717276106,18.9070004510603
"NOR-REAL AS",4124159,69.6454717276106,18.9070004510603
"NOR-REAL AS",4124160,69.6454717276106,18.9070004510603
"NOR-REAL AS",4124161,69.6454717276106,18.9070004510603
"NOR-REAL AS",4124162,69.6454717276106,18.9070004510603
"NOR-REAL AS",4124163,69.6454717276106,18.9070004510603
"NOR-REAL AS",4124164,69.6454717276106,18.9070004510603
"NOR-REAL AS",4124165,69.6454717276106,18.9070004510603
"NOR-REAL AS",4124166,69.6454717276106,18.9070004510603
"NOR-REAL AS",4124167,69.6454717276106,18.9070004510603
"NOR-REAL AS",4124168,69.6454717276106,18.9070004510603
"NOR-REAL AS",4124169,69.6454717276106,18.9070004510603
"NOR-REAL AS",4124170,69.6454717276106,18.9070004510603
"NOR-REAL AS",4124171,69.6454717276106,18.9070004510603
"NOR-REAL AS",4124172,69.6454717276106,18.9070004510603
"NOR-REAL AS",4124173,69.6454717276106,18.9070004510603
"NOR-REAL AS",4124174,69.6454717276106,18.9070004510603
"NOR-REAL AS",4124175,69.6454717276106,18.9070004510603
"NOR-REAL AS",4124176,69.6454717276106,18.9070004510603
"NOR-REAL AS",4124177,69.6454717276106,18.9070004510603
"NOR-REAL AS",4124178,69.6454717276106,18.9070004510603
"IBIS INVEST AS",3143606,69.5949709421267,18.0345160584965
"FRIBORG AS",4135339,69.6478951175822,18.9497481470612
"FRIBORG AS",4135340,69.6478951175822,18.9497481470612
"TJO CONSULTING AS",3145037,69.6492950793313,18.9586167942639
"T E EIENDOM AS",4274028,69.6495119880416,18.9992090186347
"Wilhelmsen Walter AS",3135951,69.6903022684406,18.9275880058282
"Wilhelmsen Walter AS",3336062,69.6885835380831,18.7632316212589
"Wilhelmsen Walter AS",4173434,69.6885244316688,18.7638933357425
"Wilhelmsen Walter AS",4173435,69.6885602244064,18.7638996922506
"Wilhelmsen Walter AS",4173436,69.688536807141,18.7641540859827
"Wilhelmsen Walter AS",4173437,69.6885725998679,18.7641604429347
"TROMS TAKST AS",3137892,69.6641721889573,18.9145889983884
"STORTORGET 3 AS",3146268,69.6515379553751,18.9591511141633
"STORTORGET 3 AS",4185665,69.6515379553751,18.9591511141633
"STORTORGET 3 AS",4185666,69.6515379553751,18.9591511141633
"FROST RETAIL PROPERTIES AS",3247920,69.671489396871,18.9198926104446
"HARILA HOLDING II AS",4148997,69.6415984726976,18.9044433476314
"HARILA HOLDING II AS",4148998,69.6415984726976,18.9044433476314
"HANSEN HEROLF & SØNN AS",3132363,69.7214959661309,18.9457937957305
"OTTESEN EIENDOM AS",3132342,69.6848801941166,18.8310548547859
"OTTESEN EIENDOM AS",3137723,69.6416178757989,18.9100200259725
"OTTESEN EIENDOM AS",3145550,69.653292055432,18.9610401386376
"OTTESEN EIENDOM AS",3337945,69.6239578071462,18.9487949159698
"OTTESEN EIENDOM AS",4136081,69.6848801941166,18.8310548547859
"OTTESEN EIENDOM AS",4136082,69.684900855525,18.8313429647763
"OTTESEN EIENDOM AS",4148355,69.6870900113711,19.0725269555088
"OTTESEN EIENDOM AS",4148356,69.6871603759158,19.0725922003063
"OTTESEN EIENDOM AS",4170669,69.6873322000217,19.0723511242012
"OTTESEN EIENDOM AS",4170670,69.6872468679687,19.0722726589018
"OTTESEN EIENDOM AS",4181898,69.655065936831,18.9636432001863
"OTTESEN EIENDOM AS",4181899,69.655065936831,18.9636432001863
"OTTESEN EIENDOM AS",4181900,69.655065936831,18.9636432001863
"OTTESEN EIENDOM AS",4181901,69.6549692731701,18.9635476951793
"OTTESEN EIENDOM AS",4181902,69.6549692731701,18.9635476951793
"OTTESEN EIENDOM AS",4181903,69.6549692731701,18.9635476951793
"OTTESEN EIENDOM AS",4181905,69.6549692731701,18.9635476951793
"OTTESEN EIENDOM AS",4181906,69.6549935582126,18.9632682201401
"OTTESEN EIENDOM AS",4181907,69.6549935582126,18.9632682201401
"OTTESEN EIENDOM AS",4181908,69.6549935582126,18.9632682201401
"OTTESEN EIENDOM AS",4181909,69.6550334106035,18.963094926861
"OTTESEN EIENDOM AS",4181910,69.6550334106035,18.963094926861
"OTTESEN EIENDOM AS",4181911,69.6550334106035,18.963094926861
"BREKMO PÅL AS",3127399,69.644015840498,18.9905612950196
"BREKMO PÅL AS",3131914,69.6981784948877,18.8783687347107
"BREKMO PÅL AS",3131919,69.6977520782846,18.8805930106244
"SOMMARØY ARCTIC EIENDOM AS",3144615,69.635597275137,17.9917743941199
"SOMMARØY ARCTIC EIENDOM AS",3461701,69.6426047350596,17.9906617931419
"SOMMARØY ARCTIC EIENDOM AS",4176380,69.635597275137,17.9917743941199
"SOMMARØY ARCTIC EIENDOM AS",4176381,69.6349432257846,17.9908060484505
"SOMMARØY ARCTIC EIENDOM AS",4176382,69.6348175982518,17.9909610689611
"SOMMARØY ARCTIC EIENDOM AS",4176383,69.6346539268886,17.9910308370253
"SOMMARØY ARCTIC EIENDOM AS",4176384,69.6345812534273,17.9907654528189
"SOMMARØY ARCTIC EIENDOM AS",4176385,69.6344636639119,17.9906071596897
"SOMMARØY ARCTIC EIENDOM AS",4176386,69.6344636639119,17.9906071596897
"SOMMARØY ARCTIC EIENDOM AS",4176388,69.6343821430896,17.9900183628392
"SOMMARØY ARCTIC EIENDOM AS",4176389,69.6343862650808,17.9897766686227
"SOMMARØY ARCTIC EIENDOM AS",4176390,69.6343862650808,17.9897766686227
"SOMMARØY ARCTIC EIENDOM AS",4176393,69.6343628638353,17.9888326364381
"SOMMARØY ARCTIC EIENDOM AS",4176394,69.6342868995554,17.9887601038046
"SOMMARØY ARCTIC EIENDOM AS",4176396,69.6339006655011,17.9893527330462
"SOMMARØY ARCTIC EIENDOM AS",4176397,69.6336471278128,17.9905335776766
"SOMMARØY ARCTIC EIENDOM AS",4176399,69.6338065188959,17.9907673298401
"SOMMARØY ARCTIC EIENDOM AS",4176400,69.6339515007783,17.990898543248
"SOMMARØY ARCTIC EIENDOM AS",4176401,69.6340134533328,17.9911082881052
"SOMMARØY ARCTIC EIENDOM AS",4176402,69.6340745539683,17.9913153370481
"SOMMARØY ARCTIC EIENDOM AS",4176403,69.6340782444608,17.9916251376165
"SOMMARØY ARCTIC EIENDOM AS",4176572,69.6340378417472,17.9918359509446
"SOMMARØY ARCTIC EIENDOM AS",677943118,69.6322752090479,17.9969613315138
"SOMMARØY ARCTIC EIENDOM AS",677943121,69.6322328002783,17.9970790582425
"SOMMARØY ARCTIC EIENDOM AS",677943124,69.6321835788324,17.9971752074882
"SOMMARØY ARCTIC EIENDOM AS",677943127,69.6321443400601,17.9972650316805
"SOMMARØY ARCTIC EIENDOM AS",677943130,69.6320967337382,17.9973717161854
"SOMMARØY ARCTIC EIENDOM AS",677943133,69.632049083391,17.997480971129
"SOMMARØY ARCTIC EIENDOM AS",677943136,69.6323917203143,17.9975498763649
"SOMMARØY ARCTIC EIENDOM AS",677943139,69.632339916192,17.997692049898
"SOMMARØY ARCTIC EIENDOM AS",677943142,69.6322831344661,17.9978103269226
"SOMMARØY ARCTIC EIENDOM AS",677943145,69.6322338408553,17.9979631615232
"SOMMARØY ARCTIC EIENDOM AS",949621669,69.632861772829,17.9956265200666
"SOMMARØY ARCTIC EIENDOM AS",979532157,69.6326022254478,17.9962110632271
"SOMMARØY ARCTIC EIENDOM AS",979532160,69.6325592731991,17.9963080992599
"SOMMARØY ARCTIC EIENDOM AS",979532163,69.6325155572022,17.9963972958158
"SOMMARØY ARCTIC EIENDOM AS",979532166,69.6324685393018,17.9965221070615
"SOMMARØY ARCTIC EIENDOM AS",979532169,69.6324265263646,17.9966166970679
"SOMMARØY ARCTIC EIENDOM AS",979532172,69.632376365686,17.9967152930355
"SOMMARØY ARCTIC EIENDOM AS",979532175,69.6327197666032,17.9967920262858
"SOMMARØY ARCTIC EIENDOM AS",979532178,69.6326590517202,17.9969303709941
"SOMMARØY ARCTIC EIENDOM AS",979532181,69.6326031660328,17.9970487780094
"SOMMARØY ARCTIC EIENDOM AS",979532184,69.6325493075032,17.9972061276371
"SELSKAP 53 400 AS",474288968,69.6869955349625,18.7339865420323
"SELSKAP 53 400 AS",474288971,69.6873399646546,18.7316428815893
"ALPHA AS",4137931,69.6615358355974,18.9276355097507
"ALPHA AS",4137932,69.6615358355974,18.9276355097507
"SWEROCK AS",3409050,69.6594994535134,18.9694036641304
"VIKTORIA EIENDOM AS",4141816,69.6496587653761,18.9528510005574
"VIKTORIA EIENDOM AS",4141817,69.6496587653761,18.9528510005574
"AGENTUR & BYGGTJENESTE AS",4129545,69.6384222533017,18.9347913369659
"AGENTUR & BYGGTJENESTE AS",4129546,69.6384222533017,18.9347913369659
"AGENTUR & BYGGTJENESTE AS",4129547,69.6385082561303,18.9349620531148
"AGENTUR & BYGGTJENESTE AS",4129548,69.6385082561303,18.9349620531148
"TEMPO HOLDING AS",3145047,69.6496461130051,18.956557874544
"TEMPO HOLDING AS",3146162,69.6497080523145,18.9562415973826
"FUTURIA AS",4138089,69.6417783206994,18.9377609367709
"FUTURIA AS",4138090,69.6417783206994,18.9377609367709
"FUTURIA AS",4138091,69.6417783206994,18.9377609367709
"FUTURIA AS",4138092,69.6417783206994,18.9377609367709
"FUTURIA AS",4138093,69.6417783206994,18.9377609367709
"SJØLUND EIENDOM AS",4130092,69.6659733656846,18.9127773244068
"SJØLUND EIENDOM AS",271888467,69.6655305660043,18.9124916054166
"STJERN-EIENDOM AS",3141965,69.6839892635228,18.9939753563501
"STJERN-EIENDOM AS",4136117,69.6793766179036,18.7757860487322
"STJERN-EIENDOM AS",4136118,69.6793766179036,18.7757860487322
"STJERN-EIENDOM AS",4150981,69.6839892635228,18.9939753563501
"STJERN-EIENDOM AS",4150982,69.6839892635228,18.9939753563501
"MAI INVEST AS",3139779,69.6387665411378,18.922239635109
"MAI INVEST AS",234580072,69.6462781719991,18.9493829009723
"JOHNSEN JAN O EIENDOM AS",4148119,69.6955918687228,18.8710146901272
"JOHNSEN JAN O EIENDOM AS",4148120,69.6955991124132,18.8710936127052
"JOHNSEN JAN O EIENDOM AS",4148121,69.6956621714986,18.8714931317154
"JOHNSEN JAN O EIENDOM AS",4148122,69.6956777941595,18.8715994524955
"JOHNSEN JAN O EIENDOM AS",4148123,69.6957503670635,18.8719748470884
"JOHNSEN JAN O EIENDOM AS",4148124,69.6957671253052,18.8720296431996
"DYNAMIDON EIENDOM AS",3379662,69.6645643928595,18.9171409901955
"TROMSØ BYGG TEAM AS",4148102,69.6846213037687,19.0693375341599
"TROMSØ BYGG TEAM AS",4148103,69.6846213037687,19.0693375341599
"TROMSØ BYGG TEAM AS",4148104,69.6846213037687,19.0693375341599
"ISRENNA UTVIKLING AS",3350385,69.6846931215084,19.0021233546322
"BYGGMESTEREN TROMSØ AS",4142419,69.6346441015123,18.9645029161019
"BYGGMESTEREN TROMSØ AS",4142420,69.6346441015123,18.9645029161019
"BYGGMESTEREN TROMSØ AS",4142421,69.6346441015123,18.9645029161019
"BYGGMESTEREN TROMSØ AS",4142422,69.6346441015123,18.9645029161019
"BYGGMESTEREN TROMSØ AS",4142423,69.6346441015123,18.9645029161019
"BYGGMESTEREN TROMSØ AS",4142424,69.6346441015123,18.9645029161019
"BYGGMESTEREN TROMSØ AS",4142425,69.6345103501644,18.9652517636067
"BYGGMESTEREN TROMSØ AS",4142426,69.6344082288235,18.9650005632988
"BYGGMESTEREN TROMSØ AS",4142427,69.6342068912284,18.9643697430693
"BYGGMESTEREN TROMSØ AS",4142428,69.6341030250052,18.964195606357
"EXPERIENCE ANDØY AS",4141797,69.6493689955388,18.9529519062806
"STENI EIENDOM AS",4098473,69.6987221070155,18.9742183695424
"STENI EIENDOM AS",4291750,69.6544904902791,18.9616768375873
"VESTREGATA 28 AS",3146447,69.6502073836459,18.9528240620221
"AG EIENDOM AS",4242865,69.6472475320837,18.9502600389931
"AG EIENDOM AS",4242866,69.6472475320837,18.9502600389931
"AG EIENDOM AS",4242867,69.6472475320837,18.9502600389931
"AG EIENDOM AS",4242868,69.6472475320837,18.9502600389931
"TROMSØ EIENDOMSINVEST AS",4173254,69.6712699299639,18.9725107369958
"TROMSØ EIENDOMSINVEST AS",4173255,69.6712699299639,18.9725107369958
"TROMSØ EIENDOMSINVEST AS",4173256,69.6712699299639,18.9725107369958
"TROMSØ EIENDOMSINVEST AS",4173257,69.6712699299639,18.9725107369958
"TROMSØ EIENDOMSINVEST AS",4173258,69.6712699299639,18.9725107369958
"TROMSØ EIENDOMSINVEST AS",4173259,69.6712699299639,18.9725107369958
"TROMSØ EIENDOMSINVEST AS",4173260,69.6712699299639,18.9725107369958
"TROMSØ EIENDOMSINVEST AS",4173261,69.6712699299639,18.9725107369958
"TROMSØ EIENDOMSINVEST AS",4174116,69.6711201781539,18.9723793344452
"TROMSØ EIENDOMSINVEST AS",4174117,69.6711201781539,18.9723793344452
"TROMSØ EIENDOMSINVEST AS",4174118,69.6711201781539,18.9723793344452
"TROMSØ EIENDOMSINVEST AS",4174119,69.6711201781539,18.9723793344452
"TROMSØ EIENDOMSINVEST AS",4174120,69.6711201781539,18.9723793344452
"TROMSØ EIENDOMSINVEST AS",4174121,69.6711201781539,18.9723793344452
"TROMSØ EIENDOMSINVEST AS",4174122,69.6711201781539,18.9723793344452
"TROMSØ EIENDOMSINVEST AS",4174123,69.6711201781539,18.9723793344452
"HAUGLAND EIENDOMSUTVIKLING AS",3139296,69.6624444646936,18.9567563958556
"HAUGLAND EIENDOMSUTVIKLING AS",3141800,69.6828226905647,18.9950999338594
"ENIGMA EIENDOM AS",3126565,69.6678899372187,19.0277601439062
"ENIGMA EIENDOM AS",3144699,69.6491247473408,18.9394586879052
"ENIGMA EIENDOM AS",4271706,69.6438677448889,18.9359290441898
"ENIGMA EIENDOM AS",4271707,69.6438677448889,18.9359290441898
"ENIGMA EIENDOM AS",4271708,69.6438677448889,18.9359290441898
"CONSONO AS",4312967,69.6552961047328,18.9626017615642
"CONSONO AS",4312968,69.6552961047328,18.9626017615642
"CONSONO AS",4312969,69.6552961047328,18.9626017615642
"CONSONO AS",4312970,69.6552961047328,18.9626017615642
"CONSONO AS",4312971,69.6552961047328,18.9626017615642
"CONSONO AS",4312972,69.6552961047328,18.9626017615642
"CONSONO AS",4312973,69.6552961047328,18.9626017615642
"CONSONO AS",4312974,69.6552961047328,18.9626017615642
"CONSONO AS",4312975,69.6552961047328,18.9626017615642
"CONSONO AS",4312976,69.6552961047328,18.9626017615642
"CONSONO AS",4312977,69.6552819857589,18.9630277273314
"CONSONO AS",4312978,69.6552819857589,18.9630277273314
"CONSONO AS",4312979,69.6552819857589,18.9630277273314
"CONSONO AS",4312980,69.6552819857589,18.9630277273314
"CONSONO AS",4312981,69.6552819857589,18.9630277273314
"CONSONO AS",4312982,69.6552819857589,18.9630277273314
"CONSONO AS",4312983,69.6552819857589,18.9630277273314
"CONSONO AS",4312984,69.6552819857589,18.9630277273314
"CONSONO AS",4318280,69.6553870146936,18.9631506125638
"CONSONO AS",4318281,69.6553870146936,18.9631506125638
"PARTNER EIENDOM NORD AS",302495802,69.6482841984197,18.8996278976127
"PARTNER EIENDOM NORD AS",302495889,69.6475402192515,18.9018553513709
"COOP NORGE HANDEL AS",3136632,69.6786390930301,18.9232821389249
"BAKKEHAUG TORGEIR BYGGMESTER AS",3345072,69.6517536530487,19.0121003951354
"BAKKEHAUG TORGEIR BYGGMESTER AS",4165467,69.6517536530487,19.0121003951354
"BAKKEHAUG TORGEIR BYGGMESTER AS",4165468,69.6517112781976,19.0119891229579
"BAKKEHAUG TORGEIR BYGGMESTER AS",4241033,69.6634146112455,18.9199506169274
"BAKKEHAUG TORGEIR BYGGMESTER AS",4241034,69.6633748010331,18.920124060167
"BAKKEHAUG TORGEIR BYGGMESTER AS",4241035,69.6634201087494,18.9201066019242
"BANKGATAKVARTALET AS",3144785,69.6490184275708,18.9577392506862
"BANKGATAKVARTALET AS",4290028,69.6490184275708,18.9577392506862
"BANKGATAKVARTALET AS",4290029,69.6490184275708,18.9577392506862
"BANKGATAKVARTALET AS",4290030,69.6490479254527,18.9572285152332
"KRÆMER EIENDOM AS",3124558,69.7779025086989,19.4055182239571
"KRÆMER EIENDOM AS",3138200,69.6654887333386,18.9687417576385
"KRÆMER EIENDOM AS",3138346,69.6661017552169,18.9689261787674
"KRÆMER EIENDOM AS",3138387,69.6664681268511,18.9692117156044
"KRÆMER EIENDOM AS",3138775,69.6670756426965,18.970989079505
"KRÆMER EIENDOM AS",3138965,69.6654507434467,18.9648598789482
"KRÆMER EIENDOM AS",4143936,69.6654887333386,18.9687417576385
"KRÆMER EIENDOM AS",4143937,69.6654887333386,18.9687417576385
"KRÆMER EIENDOM AS",4143940,69.6654887333386,18.9687417576385
"KRÆMER EIENDOM AS",4143942,69.6654887333386,18.9687417576385
"KRÆMER EIENDOM AS",4143943,69.6654887333386,18.9687417576385
"KRÆMER EIENDOM AS",4143946,69.6654887333386,18.9687417576385
"KRÆMER EIENDOM AS",4143947,69.6654887333386,18.9687417576385
"KRÆMER EIENDOM AS",4143951,69.6654887333386,18.9687417576385
"KRÆMER EIENDOM AS",4143952,69.6654887333386,18.9687417576385
"KRÆMER EIENDOM AS",4143953,69.6654887333386,18.9687417576385
"KRÆMER EIENDOM AS",263543796,69.6648292168879,18.9709690281975
"KRÆMER EIENDOM AS",263543797,69.6648292168879,18.9709690281975
"KRÆMER EIENDOM AS",263543798,69.6648292168879,18.9709690281975
"KRÆMER EIENDOM AS",263543799,69.6648292168879,18.9709690281975
"KRÆMER EIENDOM AS",263543800,69.6648612319769,18.9706262988595
"KRÆMER EIENDOM AS",263543801,69.6648612319769,18.9706262988595
"KRÆMER EIENDOM AS",263543802,69.6648612319769,18.9706262988595
"KRÆMER EIENDOM AS",263543804,69.6648292168879,18.9709690281975
"KRÆMER EIENDOM AS",263543805,69.6648292168879,18.9709690281975
"KRÆMER EIENDOM AS",263543806,69.6648292168879,18.9709690281975
"KRÆMER EIENDOM AS",263543807,69.6648612319769,18.9706262988595
"KRÆMER EIENDOM AS",263543808,69.6648612319769,18.9706262988595
"KRÆMER EIENDOM AS",263543809,69.6648612319769,18.9706262988595
"KRÆMER EIENDOM AS",263543810,69.6648292168879,18.9709690281975
"KRÆMER EIENDOM AS",263543811,69.6648292168879,18.9709690281975
"KRÆMER EIENDOM AS",263543812,69.6648292168879,18.9709690281975
"KRÆMER EIENDOM AS",263543813,69.6648292168879,18.9709690281975
"KRÆMER EIENDOM AS",263543814,69.6648612319769,18.9706262988595
"KRÆMER EIENDOM AS",263543815,69.6648612319769,18.9706262988595
"KRÆMER EIENDOM AS",263543816,69.6648612319769,18.9706262988595
"KRÆMER EIENDOM AS",263543817,69.6648292168879,18.9709690281975
"KRÆMER EIENDOM AS",263543820,69.6648292168879,18.9709690281975
"KRÆMER EIENDOM AS",263543821,69.6648292168879,18.9709690281975
"KRÆMER EIENDOM AS",263543919,69.6648292168879,18.9709690281975
"KRÆMER EIENDOM AS",263543921,69.6648612319769,18.9706262988595
"KRÆMER EIENDOM AS",263543922,69.6648612319769,18.9706262988595
"KRÆMER EIENDOM AS",263543923,69.6648292168879,18.9709690281975
"KRÆMER EIENDOM AS",263543924,69.6648292168879,18.9709690281975
"KRÆMER EIENDOM AS",263543925,69.6648292168879,18.9709690281975
"KRÆMER EIENDOM AS",263543926,69.6648292168879,18.9709690281975
"KRÆMER EIENDOM AS",263543927,69.6648612319769,18.9706262988595
"KRÆMER EIENDOM AS",263543928,69.6648612319769,18.9706262988595
"KRÆMER EIENDOM AS",263543929,69.6648612319769,18.9706262988595
"KRÆMER EIENDOM AS",263543930,69.6648292168879,18.9709690281975
"KRÆMER EIENDOM AS",263543931,69.6648292168879,18.9709690281975
"KRÆMER EIENDOM AS",263543932,69.6648292168879,18.9709690281975
"KRÆMER EIENDOM AS",263543933,69.6648292168879,18.9709690281975
"KRÆMER EIENDOM AS",263543934,69.6648612319769,18.9706262988595
"KRÆMER EIENDOM AS",263543935,69.6648612319769,18.9706262988595
"KRÆMER EIENDOM AS",263543936,69.6648612319769,18.9706262988595
"KRÆMER EIENDOM AS",263543937,69.6649392031488,18.969920197728
"KRÆMER EIENDOM AS",263543938,69.6649392031488,18.969920197728
"KRÆMER EIENDOM AS",263543939,69.6649392031488,18.969920197728
"KRÆMER EIENDOM AS",263543940,69.6649392031488,18.969920197728
"KRÆMER EIENDOM AS",263543941,69.6649749845436,18.9694903435781
"KRÆMER EIENDOM AS",263543942,69.6649749845436,18.9694903435781
"KRÆMER EIENDOM AS",263543943,69.6649749845436,18.9694903435781
"KRÆMER EIENDOM AS",263543944,69.6649749845436,18.9694903435781
"KRÆMER EIENDOM AS",263543945,69.6649749845436,18.9694903435781
"KRÆMER EIENDOM AS",263543946,69.6649392031488,18.969920197728
"KRÆMER EIENDOM AS",263543947,69.6649392031488,18.969920197728
"KRÆMER EIENDOM AS",263543948,69.6649392031488,18.969920197728
"KRÆMER EIENDOM AS",263543949,69.6649392031488,18.969920197728
"KRÆMER EIENDOM AS",263543950,69.6649749845436,18.9694903435781
"KRÆMER EIENDOM AS",263543951,69.6649749845436,18.9694903435781
"KRÆMER EIENDOM AS",263543952,69.6649749845436,18.9694903435781
"KRÆMER EIENDOM AS",263543953,69.6649749845436,18.9694903435781
"KRÆMER EIENDOM AS",263543954,69.6649749845436,18.9694903435781
"KRÆMER EIENDOM AS",263543955,69.6649392031488,18.969920197728
"KRÆMER EIENDOM AS",263543956,69.6649392031488,18.969920197728
"KRÆMER EIENDOM AS",263543957,69.6649392031488,18.969920197728
"KRÆMER EIENDOM AS",263543958,69.6649392031488,18.969920197728
"KRÆMER EIENDOM AS",263543959,69.6649749845436,18.9694903435781
"KRÆMER EIENDOM AS",263543960,69.6649749845436,18.9694903435781
"KRÆMER EIENDOM AS",263543961,69.6649749845436,18.9694903435781
"KRÆMER EIENDOM AS",263543962,69.6649749845436,18.9694903435781
"KRÆMER EIENDOM AS",263543963,69.6649749845436,18.9694903435781
"KRÆMER EIENDOM AS",263543964,69.6649392031488,18.969920197728
"KRÆMER EIENDOM AS",263543965,69.6649392031488,18.969920197728
"KRÆMER EIENDOM AS",263543966,69.6649392031488,18.969920197728
"KRÆMER EIENDOM AS",263543967,69.6649392031488,18.969920197728
"KRÆMER EIENDOM AS",263543976,69.6649749845436,18.9694903435781
"KRÆMER EIENDOM AS",263543977,69.6649749845436,18.9694903435781
"KRÆMER EIENDOM AS",263543978,69.6649749845436,18.9694903435781
"KRÆMER EIENDOM AS",263543979,69.6649749845436,18.9694903435781
"KRÆMER EIENDOM AS",263543980,69.6649749845436,18.9694903435781
"KRÆMER EIENDOM AS",263543981,69.6649392031488,18.969920197728
"KRÆMER EIENDOM AS",263543982,69.6649392031488,18.969920197728
"KRÆMER EIENDOM AS",263543983,69.6649392031488,18.969920197728
"KRÆMER EIENDOM AS",263543986,69.6649392031488,18.969920197728
"KRÆMER EIENDOM AS",263543987,69.6649749845436,18.9694903435781
"KRÆMER EIENDOM AS",263543988,69.6649749845436,18.9694903435781
"KRÆMER EIENDOM AS",263543989,69.6649749845436,18.9694903435781
"KRÆMER EIENDOM AS",263543990,69.6649749845436,18.9694903435781
"KRÆMER EIENDOM AS",263543991,69.6649749845436,18.9694903435781
"KRÆMER EIENDOM AS",263543992,69.6649392031488,18.969920197728
"KRÆMER EIENDOM AS",263543993,69.6649392031488,18.969920197728
"KRÆMER EIENDOM AS",263543994,69.6649392031488,18.969920197728
"KRÆMER EIENDOM AS",263543995,69.6649392031488,18.969920197728
"KRÆMER EIENDOM AS",263543996,69.6649749845436,18.9694903435781
"KRÆMER EIENDOM AS",263543997,69.6649749845436,18.9694903435781
"KRÆMER EIENDOM AS",263543998,69.6649749845436,18.9694903435781
"KRÆMER EIENDOM AS",263543999,69.6649749845436,18.9694903435781
"KRÆMER EIENDOM AS",263544000,69.6649749845436,18.9694903435781
"KRÆMER EIENDOM AS",545153078,69.6671948327536,18.974294900767
"KRÆMER EIENDOM AS",545153081,69.6671948327536,18.974294900767
"KRÆMER EIENDOM AS",545153084,69.6671948327536,18.974294900767
"KRÆMER EIENDOM AS",545153087,69.667167810609,18.9747341849032
"KRÆMER EIENDOM AS",545153090,69.667167810609,18.9747341849032
"KRÆMER EIENDOM AS",545153093,69.667167810609,18.9747341849032
"KRÆMER EIENDOM AS",545153096,69.667167810609,18.9747341849032
"KRÆMER EIENDOM AS",545153099,69.6671948327536,18.974294900767
"KRÆMER EIENDOM AS",545153102,69.6671948327536,18.974294900767
"KRÆMER EIENDOM AS",545153105,69.6671948327536,18.974294900767
"KRÆMER EIENDOM AS",545153108,69.667167810609,18.9747341849032
"KRÆMER EIENDOM AS",545153111,69.667167810609,18.9747341849032
"KRÆMER EIENDOM AS",545153114,69.667167810609,18.9747341849032
"KRÆMER EIENDOM AS",545153117,69.667167810609,18.9747341849032
"KRÆMER EIENDOM AS",545153120,69.6671948327536,18.974294900767
"KRÆMER EIENDOM AS",545153123,69.6671948327536,18.974294900767
"KRÆMER EIENDOM AS",545153126,69.6671948327536,18.974294900767
"KRÆMER EIENDOM AS",545153129,69.667167810609,18.9747341849032
"KRÆMER EIENDOM AS",545153132,69.667167810609,18.9747341849032
"KRÆMER EIENDOM AS",545153135,69.667167810609,18.9747341849032
"KRÆMER EIENDOM AS",545153138,69.667167810609,18.9747341849032
"KRÆMER EIENDOM AS",545153141,69.6671948327536,18.974294900767
"KRÆMER EIENDOM AS",545153144,69.6671948327536,18.974294900767
"KRÆMER EIENDOM AS",545153147,69.6671948327536,18.974294900767
"KRÆMER EIENDOM AS",545153150,69.667167810609,18.9747341849032
"KRÆMER EIENDOM AS",545153153,69.667167810609,18.9747341849032
"KRÆMER EIENDOM AS",545153156,69.667167810609,18.9747341849032
"KRÆMER EIENDOM AS",545153159,69.667167810609,18.9747341849032
"KRÆMER EIENDOM AS",545153162,69.6671948327536,18.974294900767
"KRÆMER EIENDOM AS",545153165,69.6671948327536,18.974294900767
"KRÆMER EIENDOM AS",545153168,69.6671948327536,18.974294900767
"KRÆMER EIENDOM AS",545153171,69.667167810609,18.9747341849032
"KRÆMER EIENDOM AS",545153174,69.667167810609,18.9747341849032
"KRÆMER EIENDOM AS",545153177,69.667167810609,18.9747341849032
"KRÆMER EIENDOM AS",545153180,69.667167810609,18.9747341849032
"KRÆMER EIENDOM AS",545153183,69.6671948327536,18.974294900767
"KRÆMER EIENDOM AS",545153186,69.6671948327536,18.974294900767
"KRÆMER EIENDOM AS",545153189,69.6671948327536,18.974294900767
"KRÆMER EIENDOM AS",545153192,69.667167810609,18.9747341849032
"KRÆMER EIENDOM AS",545153195,69.667167810609,18.9747341849032
"KRÆMER EIENDOM AS",545153198,69.667167810609,18.9747341849032
"KRÆMER EIENDOM AS",545153201,69.667167810609,18.9747341849032
"KRÆMER EIENDOM AS",545153204,69.6671948327536,18.974294900767
"KRÆMER EIENDOM AS",545153207,69.6671948327536,18.974294900767
"KRÆMER EIENDOM AS",545153210,69.6671948327536,18.974294900767
"KRÆMER EIENDOM AS",545153213,69.667167810609,18.9747341849032
"KRÆMER EIENDOM AS",545153216,69.667167810609,18.9747341849032
"KRÆMER EIENDOM AS",545153219,69.667167810609,18.9747341849032
"K1 UTBYGGING AS",3252688,69.6552264371683,18.9668747661888
"K1 UTBYGGING AS",4196195,69.6555661977132,18.9645628108263
"K1 UTBYGGING AS",4196196,69.6551943509953,18.9671011174696
"K1 UTBYGGING AS",4196197,69.6554766932828,18.9665342085424
"K1 UTBYGGING AS",4196198,69.6553892115652,18.9668277245086
"K1 UTBYGGING AS",4196199,69.6553892115652,18.9668277245086
"K1 UTBYGGING AS",4196200,69.6553892115652,18.9668277245086
"K1 UTBYGGING AS",4196201,69.6553892115652,18.9668277245086
"K1 UTBYGGING AS",4196202,69.6553892115652,18.9668277245086
"K1 UTBYGGING AS",4196203,69.6553892115652,18.9668277245086
"K1 UTBYGGING AS",4196204,69.6554024502588,18.9670367551277
"K1 UTBYGGING AS",4196205,69.6553583015782,18.9670026853491
"K1 UTBYGGING AS",4196206,69.6553141528904,18.9669686157142
"K1 UTBYGGING AS",4196207,69.6552616397992,18.9669071637592
"K1 UTBYGGING AS",4196208,69.6552264371683,18.9668747661888
"K1 UTBYGGING AS",4196209,69.6551531235224,18.9669385243783
"K1 UTBYGGING AS",4196210,69.6551643962991,18.9668373536629
"K1 UTBYGGING AS",4196211,69.6553993209694,18.9667779744147
"K1 UTBYGGING AS",4196212,69.6553993209694,18.9667779744147
"K1 UTBYGGING AS",4196214,69.6553993209694,18.9667779744147
"K1 UTBYGGING AS",4196215,69.6553993209694,18.9667779744147
"K1 UTBYGGING AS",4196216,69.6553993209694,18.9667779744147
"K1 UTBYGGING AS",4196217,69.6553923407815,18.967086505104
"K1 UTBYGGING AS",4196218,69.6553481921109,18.967052435239
"K1 UTBYGGING AS",4196219,69.655304043433,18.9670183655178
"K1 UTBYGGING AS",4196220,69.6552515303595,18.9669569134701
"K1 UTBYGGING AS",4196221,69.6552163277379,18.9669245158334
"K1 UTBYGGING AS",4196222,69.6554094303597,18.9667282242731
"K1 UTBYGGING AS",4196223,69.6554094303597,18.9667282242731
"K1 UTBYGGING AS",4196224,69.6554094303597,18.9667282242731
"K1 UTBYGGING AS",4196225,69.6554094303597,18.9667282242731
"K1 UTBYGGING AS",4196226,69.6554094303597,18.9667282242731
"K1 UTBYGGING AS",4196227,69.6554094303597,18.9667282242731
"K1 UTBYGGING AS",4196228,69.6553822312904,18.9671362550327
"K1 UTBYGGING AS",4196229,69.6553822312904,18.9671362550327
"K1 UTBYGGING AS",4196230,69.6553822312904,18.9671362550327
"K1 UTBYGGING AS",4196231,69.6553822312904,18.9671362550327
"K1 UTBYGGING AS",4196232,69.655419539736,18.966678474084
"K1 UTBYGGING AS",4196233,69.655419539736,18.966678474084
"K1 UTBYGGING AS",4196234,69.655419539736,18.966678474084
"K1 UTBYGGING AS",4196235,69.655419539736,18.966678474084
"K1 UTBYGGING AS",4196236,69.655419539736,18.966678474084
"K1 UTBYGGING AS",4196237,69.655419539736,18.966678474084
"K1 UTBYGGING AS",4196238,69.6553386643347,18.9670764742649
"K1 UTBYGGING AS",4196239,69.6553386643347,18.9670764742649
"K1 UTBYGGING AS",4196240,69.6553386643347,18.9670764742649
"K1 UTBYGGING AS",4196241,69.6553386643347,18.9670764742649
"K1 UTBYGGING AS",4196242,69.6554296490982,18.9666287238473
"K1 UTBYGGING AS",4196243,69.6554296490982,18.9666287238473
"K1 UTBYGGING AS",4196244,69.6554296490982,18.9666287238473
"K1 UTBYGGING AS",4196245,69.6554296490982,18.9666287238473
"K1 UTBYGGING AS",4196246,69.6554296490982,18.9666287238473
"K1 UTBYGGING AS",4196247,69.6553727035028,18.9671602940588
"K1 UTBYGGING AS",4196248,69.6553727035028,18.9671602940588
"K1 UTBYGGING AS",4196249,69.6553727035028,18.9671602940588
"K1 UTBYGGING AS",4196250,69.6553727035028,18.9671602940588
"K1 UTBYGGING AS",4196251,69.6554397584466,18.966578973563
"K1 UTBYGGING AS",4196252,69.6554397584466,18.966578973563
"K1 UTBYGGING AS",4196253,69.6554397584466,18.966578973563
"K1 UTBYGGING AS",4196254,69.6554397584466,18.966578973563
"K1 UTBYGGING AS",4196255,69.6554397584466,18.966578973563
"K1 UTBYGGING AS",4196256,69.6553291365553,18.9671005132693
"K1 UTBYGGING AS",4196257,69.6553291365553,18.9671005132693
"K1 UTBYGGING AS",4196258,69.6553291365553,18.9671005132693
"K1 UTBYGGING AS",4196259,69.6553291365553,18.9671005132693
"K1 UTBYGGING AS",4196260,69.6553631757119,18.9671843330635
"K1 UTBYGGING AS",4196261,69.6553631757119,18.9671843330635
"K1 UTBYGGING AS",4196262,69.6553631757119,18.9671843330635
"K1 UTBYGGING AS",4196263,69.6553631757119,18.9671843330635
"SK GRUPPEN AS",3133774,69.6756797357536,18.7420533494675
"MELLOMVEIEN 117 B AS",4173050,69.6362699641441,18.919792580384
"MELLOMVEIEN 117 B AS",4173051,69.636255519133,18.9196351445875
"MELLOMVEIEN 117 B AS",4173052,69.6361319906981,18.9195349753085
"MELLOMVEIEN 117 B AS",4173053,69.6361259174078,18.9194048798219
"MELLOMVEIEN 117 B AS",4173054,69.6360996522365,18.9193742406372
"STORELVA IDRETTSPARK AS",3342835,69.6865615292695,18.7920866777824
"HALW TROMSØ AS",4249222,69.671511637635,18.9717549885427
"HALW TROMSØ AS",4249223,69.671511637635,18.9717549885427
"EIENDOMSGRUPPEN AS",3366355,69.7002549695114,18.9735745805321
"EIENDOMSGRUPPEN AS",3401488,69.7006427631188,18.9739060942109
"EIENDOMSGRUPPEN AS",3401489,69.7005661446265,18.9741556394519
"EIENDOMSGRUPPEN AS",3401490,69.7004914673543,18.9742399490996
"EIENDOMSGRUPPEN AS",3401492,69.7003673898667,18.9741649147243
"EIENDOMSGRUPPEN AS",3419288,69.7111671980014,19.0014336543408
"EIENDOMSGRUPPEN AS",3419289,69.7102025472213,18.9988178851692
"EIENDOMSGRUPPEN AS",294874921,69.6801295860944,19.0571236600426
"EIENDOMSGRUPPEN AS",294874922,69.6801295860944,19.0571236600426
"EIENDOMSGRUPPEN AS",294874923,69.6801295860944,19.0571236600426
"EIENDOMSGRUPPEN AS",294874924,69.6801295860944,19.0571236600426
"EIENDOMSGRUPPEN AS",294874925,69.6801295860944,19.0571236600426
"EIENDOMSGRUPPEN AS",294874926,69.6801295860944,19.0571236600426
"EIENDOMSGRUPPEN AS",294874927,69.6801295860944,19.0571236600426
"EIENDOMSGRUPPEN AS",294874928,69.6801295860944,19.0571236600426
"EIENDOMSGRUPPEN AS",294874929,69.6801295860944,19.0571236600426
"EIENDOMSGRUPPEN AS",294874930,69.6801295860944,19.0571236600426
"EIENDOMSGRUPPEN AS",294874931,69.6801295860944,19.0571236600426
"EIENDOMSGRUPPEN AS",294874932,69.6801295860944,19.0571236600426
"EIENDOMSGRUPPEN AS",294874933,69.6801295860944,19.0571236600426
"EIENDOMSGRUPPEN AS",294874934,69.6801295860944,19.0571236600426
"EIENDOMSGRUPPEN AS",294874935,69.6801295860944,19.0571236600426
"EIENDOMSGRUPPEN AS",294874936,69.6801295860944,19.0571236600426
"EIENDOMSGRUPPEN AS",294874937,69.6801295860944,19.0571236600426
"EIENDOMSGRUPPEN AS",294874938,69.6801295860944,19.0571236600426
"EIENDOMSGRUPPEN AS",294874939,69.6801295860944,19.0571236600426
"EIENDOMSGRUPPEN AS",294874940,69.6801295860944,19.0571236600426
"EIENDOMSGRUPPEN AS",294874941,69.6801295860944,19.0571236600426
"EIENDOMSGRUPPEN AS",294874942,69.6801295860944,19.0571236600426
"EIENDOMSGRUPPEN AS",294874943,69.6801295860944,19.0571236600426
"EIENDOMSGRUPPEN AS",294874944,69.6801295860944,19.0571236600426
"EIENDOMSGRUPPEN AS",294874947,69.6801295860944,19.0571236600426
"EIENDOMSGRUPPEN AS",294874948,69.6801295860944,19.0571236600426
"EIENDOMSGRUPPEN AS",294874949,69.6801295860944,19.0571236600426
"EIENDOMSGRUPPEN AS",294874950,69.6801295860944,19.0571236600426
"EIENDOMSGRUPPEN AS",294874951,69.6801295860944,19.0571236600426
"EIENDOMSGRUPPEN AS",294874952,69.6801295860944,19.0571236600426
"EIENDOMSGRUPPEN AS",294874953,69.6801295860944,19.0571236600426
"EIENDOMSGRUPPEN AS",294874954,69.6801295860944,19.0571236600426
"EIENDOMSGRUPPEN AS",294874955,69.6801295860944,19.0571236600426
"EIENDOMSGRUPPEN AS",294874956,69.6801295860944,19.0571236600426
"EIENDOMSGRUPPEN AS",294874957,69.6801295860944,19.0571236600426
"EIENDOMSGRUPPEN AS",294874958,69.6801295860944,19.0571236600426
"EIENDOMSGRUPPEN AS",294874959,69.6801295860944,19.0571236600426
"EIENDOMSGRUPPEN AS",294874960,69.6801295860944,19.0571236600426
"EIENDOMSGRUPPEN AS",294874961,69.6801295860944,19.0571236600426
"EIENDOMSGRUPPEN AS",294874962,69.6801295860944,19.0571236600426
"EIENDOMSGRUPPEN AS",294874971,69.6801295860944,19.0571236600426
"EIENDOMSGRUPPEN AS",294874972,69.6801295860944,19.0571236600426
"EIENDOMSGRUPPEN AS",294874973,69.6801295860944,19.0571236600426
"EIENDOMSGRUPPEN AS",294874974,69.6801295860944,19.0571236600426
"EIENDOMSGRUPPEN AS",294874975,69.6801295860944,19.0571236600426
"EIENDOMSGRUPPEN AS",294874976,69.6801295860944,19.0571236600426
"EIENDOMSGRUPPEN AS",294874977,69.6801295860944,19.0571236600426
"EIENDOMSGRUPPEN AS",294874978,69.6801295860944,19.0571236600426
"EIENDOMSGRUPPEN AS",346120216,69.6798625916709,19.0557696450802
"EIENDOMSGRUPPEN AS",346120219,69.6798625916709,19.0557696450802
"EIENDOMSGRUPPEN AS",346120222,69.6798625916709,19.0557696450802
"EIENDOMSGRUPPEN AS",346120225,69.6798625916709,19.0557696450802
"EIENDOMSGRUPPEN AS",346120228,69.6798625916709,19.0557696450802
"EIENDOMSGRUPPEN AS",346120231,69.6798625916709,19.0557696450802
"EIENDOMSGRUPPEN AS",346120234,69.6798625916709,19.0557696450802
"EIENDOMSGRUPPEN AS",346120237,69.6798625916709,19.0557696450802
"EIENDOMSGRUPPEN AS",346120240,69.6798625916709,19.0557696450802
"EIENDOMSGRUPPEN AS",346120243,69.6798625916709,19.0557696450802
"EIENDOMSGRUPPEN AS",346120246,69.6798625916709,19.0557696450802
"EIENDOMSGRUPPEN AS",346120249,69.6798625916709,19.0557696450802
"EIENDOMSGRUPPEN AS",346120252,69.6798625916709,19.0557696450802
"EIENDOMSGRUPPEN AS",346120255,69.6798625916709,19.0557696450802
"EIENDOMSGRUPPEN AS",346120258,69.6798625916709,19.0557696450802
"EIENDOMSGRUPPEN AS",346120261,69.6798625916709,19.0557696450802
"EIENDOMSGRUPPEN AS",346120264,69.6798625916709,19.0557696450802
"EIENDOMSGRUPPEN AS",346120267,69.6798625916709,19.0557696450802
"EIENDOMSGRUPPEN AS",346120270,69.6798625916709,19.0557696450802
"EIENDOMSGRUPPEN AS",346120273,69.6798625916709,19.0557696450802
"EIENDOMSGRUPPEN AS",346120276,69.6798625916709,19.0557696450802
"EIENDOMSGRUPPEN AS",346120279,69.6798625916709,19.0557696450802
"EIENDOMSGRUPPEN AS",346120282,69.6798625916709,19.0557696450802
"EIENDOMSGRUPPEN AS",346120285,69.6798625916709,19.0557696450802
"EIENDOMSGRUPPEN AS",346120288,69.6798625916709,19.0557696450802
"EIENDOMSGRUPPEN AS",346120291,69.6798625916709,19.0557696450802
"EIENDOMSGRUPPEN AS",346120294,69.6795911401127,19.0548025807985
"EIENDOMSGRUPPEN AS",346120297,69.6795911401127,19.0548025807985
"EIENDOMSGRUPPEN AS",346120300,69.6795911401127,19.0548025807985
"EIENDOMSGRUPPEN AS",346120303,69.6795911401127,19.0548025807985
"EIENDOMSGRUPPEN AS",346120306,69.6795911401127,19.0548025807985
"EIENDOMSGRUPPEN AS",346120309,69.6795911401127,19.0548025807985
"EIENDOMSGRUPPEN AS",346120312,69.6795911401127,19.0548025807985
"EIENDOMSGRUPPEN AS",346120315,69.6795911401127,19.0548025807985
"EIENDOMSGRUPPEN AS",346120318,69.6795911401127,19.0548025807985
"EIENDOMSGRUPPEN AS",346120321,69.6795911401127,19.0548025807985
"EIENDOMSGRUPPEN AS",346120324,69.6795911401127,19.0548025807985
"EIENDOMSGRUPPEN AS",346120327,69.6795911401127,19.0548025807985
"EIENDOMSGRUPPEN AS",346120330,69.6795911401127,19.0548025807985
"EIENDOMSGRUPPEN AS",346120333,69.6795911401127,19.0548025807985
"EIENDOMSGRUPPEN AS",346120336,69.6795911401127,19.0548025807985
"EIENDOMSGRUPPEN AS",346120339,69.6795911401127,19.0548025807985
"EIENDOMSGRUPPEN AS",346120342,69.6795911401127,19.0548025807985
"EIENDOMSGRUPPEN AS",346120345,69.6795911401127,19.0548025807985
"EIENDOMSGRUPPEN AS",346120348,69.6795911401127,19.0548025807985
"EIENDOMSGRUPPEN AS",346120351,69.6795911401127,19.0548025807985
"EIENDOMSGRUPPEN AS",494939774,69.6807164819882,19.0580477582815
"EIENDOMSGRUPPEN AS",494939777,69.6807164819882,19.0580477582815
"EIENDOMSGRUPPEN AS",494939780,69.6807164819882,19.0580477582815
"EIENDOMSGRUPPEN AS",494939783,69.6807164819882,19.0580477582815
"EIENDOMSGRUPPEN AS",494939786,69.6807164819882,19.0580477582815
"EIENDOMSGRUPPEN AS",494939789,69.6807164819882,19.0580477582815
"EIENDOMSGRUPPEN AS",494939792,69.6807164819882,19.0580477582815
"EIENDOMSGRUPPEN AS",494939795,69.6807164819882,19.0580477582815
"EIENDOMSGRUPPEN AS",494939798,69.6807164819882,19.0580477582815
"EIENDOMSGRUPPEN AS",494939801,69.6807164819882,19.0580477582815
"EIENDOMSGRUPPEN AS",494939804,69.6807164819882,19.0580477582815
"EIENDOMSGRUPPEN AS",494939807,69.6807164819882,19.0580477582815
"EIENDOMSGRUPPEN AS",494939810,69.6807164819882,19.0580477582815
"EIENDOMSGRUPPEN AS",494939813,69.6807164819882,19.0580477582815
"EIENDOMSGRUPPEN AS",494939816,69.6807164819882,19.0580477582815
"EIENDOMSGRUPPEN AS",494939819,69.6807164819882,19.0580477582815
"EIENDOMSGRUPPEN AS",494939822,69.6807164819882,19.0580477582815
"EIENDOMSGRUPPEN AS",494939825,69.6807164819882,19.0580477582815
"EIENDOMSGRUPPEN AS",494939828,69.6807164819882,19.0580477582815
"EIENDOMSGRUPPEN AS",494939831,69.6807164819882,19.0580477582815
"EIENDOMSGRUPPEN AS",494939834,69.6807164819882,19.0580477582815
"EIENDOMSGRUPPEN AS",494939837,69.6807164819882,19.0580477582815
"EIENDOMSGRUPPEN AS",494939840,69.6807164819882,19.0580477582815
"EIENDOMSGRUPPEN AS",494939843,69.6807164819882,19.0580477582815
"EIENDOMSGRUPPEN AS",494939846,69.6807164819882,19.0580477582815
"EIENDOMSGRUPPEN AS",494939849,69.6807164819882,19.0580477582815
"EIENDOMSGRUPPEN AS",494939852,69.6807164819882,19.0580477582815
"EIENDOMSGRUPPEN AS",494939855,69.6807164819882,19.0580477582815
"EIENDOMSGRUPPEN AS",494939858,69.6807164819882,19.0580477582815
"EIENDOMSGRUPPEN AS",494939861,69.6807164819882,19.0580477582815
"EIENDOMSGRUPPEN AS",494939864,69.6807164819882,19.0580477582815
"EIENDOMSGRUPPEN AS",494939867,69.6807164819882,19.0580477582815
"EIENDOMSGRUPPEN AS",494939870,69.6807164819882,19.0580477582815
"EIENDOMSGRUPPEN AS",494939873,69.6807164819882,19.0580477582815
"EIENDOMSGRUPPEN AS",494939876,69.6807164819882,19.0580477582815
"EIENDOMSGRUPPEN AS",494939879,69.6807164819882,19.0580477582815
"EIENDOMSGRUPPEN AS",494939882,69.6807164819882,19.0580477582815
"THORKILDSEN AS",4147910,69.6503438955289,18.9527462215277
"SENTRUM TERRASSE AS",4141787,69.6493066492137,18.9528887039359
"Sommarøybuen AS",3144502,69.6329840882878,18.0052103993574
"JOSEFSEN HARALD ING AS",4125897,69.6702261424071,18.9626519744749
"BYGG GRUPPEN BOLIG AS",4158191,69.6259346649793,18.9487752751447
"BYGG GRUPPEN BOLIG AS",4158192,69.6259871849517,18.9488365959845
"BYGG GRUPPEN BOLIG AS",4158193,69.6260570185672,18.9489269162542
"BYGG GRUPPEN BOLIG AS",4158194,69.6261005921837,18.9489865762355
"BYGG GRUPPEN BOLIG AS",4158195,69.6259127198767,18.9489516831556
"BYGG GRUPPEN BOLIG AS",4158196,69.6259551355784,18.9490626945726
"BYGG GRUPPEN BOLIG AS",4158197,69.6260255480451,18.9491273394632
"BYGG GRUPPEN BOLIG AS",4158198,69.6260786468652,18.949162985394
"NJORD SORTI AS",4141831,69.6496587653761,18.9528510005574
"QUATRO BYGG AS",4181774,69.6310003262169,18.9180213870656
"QUATRO BYGG AS",4181775,69.6309414764216,18.9182426388135
"QUATRO BYGG AS",4181776,69.6308832008456,18.9184382065511
"QUATRO BYGG AS",4181777,69.6308210630117,18.9176015172391
"QUATRO BYGG AS",4181778,69.6307627881482,18.9177970856522
"AVINOR AS",3136000,69.6771367373069,18.908479367801
"AVINOR AS",3136002,69.6869210624949,18.9112404207578
"AVINOR AS",3136006,69.6877372691951,18.9117013494208
"AVINOR AS",3136026,69.6872480725807,18.9114817707276
"AVINOR AS",3136129,69.6875069514281,18.9115554084759
"AVINOR AS",3136315,69.6824909717382,18.9121033648747
"AVINOR AS",3136328,69.6826615397718,18.9100925771078
"AVINOR AS",3360426,69.6758998870687,18.9180201606574
"AVINOR AS",3360428,69.6765363219805,18.9188872338464
"AVINOR AS",3520093,69.6853314103707,18.9128344708163
"HANSO EIENDOM AS",3126449,69.6659936853292,19.0230858775368
"JENNY HELENE AS",3356823,69.633897242507,17.9953909253803
"JENNY HELENE AS",4363200,69.6200351249553,18.9473371544294
"SPECTRUM BYGGFORNYELSE AS",3139553,69.6610931501455,18.9441595609458
"SPECTRUM BYGGFORNYELSE AS",3459595,69.6609692889071,18.9452728785009
"SPECTRUM BYGGFORNYELSE AS",4158086,69.6520131235411,18.9492363364816
"SPECTRUM BYGGFORNYELSE AS",4158087,69.6520131235411,18.9492363364816
"SPECTRUM BYGGFORNYELSE AS",4158088,69.6520131235411,18.9492363364816
"SPECTRUM BYGGFORNYELSE AS",4158089,69.6520131235411,18.9492363364816
"SPECTRUM BYGGFORNYELSE AS",4199387,69.637638647783,18.9184456741026
"SPECTRUM BYGGFORNYELSE AS",4199388,69.6376395507628,18.9188069969919
"SPECTRUM BYGGFORNYELSE AS",4239000,69.6610760935286,18.9445179274748
"SPECTRUM BYGGFORNYELSE AS",4239001,69.66104231327,18.9448215600088
"ALTER EGO AS",3145149,69.6537278374488,18.9588495132304
"ALTER EGO AS",4099758,69.6541184581657,18.9638277558404
"ALTER EGO AS",4099759,69.6541184581657,18.9638277558404
"SIVA MARIN TROMSØ AS",3330941,69.7545543059207,19.0304601743596
"JUNO BYGG AS",3138209,69.6662096760778,18.9594993570139
"JUNO BYGG AS",3357197,69.6657279110916,18.9596290210792
"ISHAVET EIENDOM AS",3333380,69.6415192089173,18.9228768363801
"ISHAVET EIENDOM AS",4166188,69.670228172814,18.966140426389
"ISHAVET EIENDOM AS",4166189,69.670228172814,18.966140426389
"ISHAVET EIENDOM AS",4318614,69.6514577511928,19.0116830852851
"ISHAVET EIENDOM AS",4318615,69.6514577511928,19.0116830852851
"TROMSØ MOTTAK AS",4153772,69.6484898212986,18.9592668291095
"TROMSØ MOTTAK AS",4178386,69.6484898212986,18.9592668291095
"TROMSØ MOTTAK AS",4178388,69.6484898212986,18.9592668291095
"MACK EIENDOMMENE AS",3145911,69.6499991224701,18.9572767126595
"MACK EIENDOMMENE AS",3146166,69.650022573709,18.9566357624555
"MACK EIENDOMMENE AS",3146528,69.6499991224701,18.9572767126595
"MACK EIENDOMMENE AS",3335691,69.6486837819871,18.9390929683205
"ISBJØRN EIENDOM TROMSØ AS",4185647,69.6536625498808,18.9593536849901
"ISBJØRN EIENDOM TROMSØ AS",4185648,69.6536625498808,18.9593536849901
"ISBJØRN EIENDOM TROMSØ AS",4185649,69.6536625498808,18.9593536849901
"ISBJØRN EIENDOM TROMSØ AS",4185650,69.6536625498808,18.9593536849901
"ISBJØRN EIENDOM TROMSØ AS",4185651,69.6536125938435,18.9595767237244
"ISBJØRN EIENDOM TROMSØ AS",4185652,69.6536125938435,18.9595767237244
"ISBJØRN EIENDOM TROMSØ AS",4185653,69.6536125938435,18.9595767237244
"ISBJØRN EIENDOM TROMSØ AS",4185654,69.6536125938435,18.9595767237244
"ISBJØRN EIENDOM TROMSØ AS",4185655,69.6536125938435,18.9595767237244
"ISBJØRN EIENDOM TROMSØ AS",4185656,69.6536125938435,18.9595767237244
"ISBJØRN EIENDOM TROMSØ AS",4185657,69.6536125938435,18.9595767237244
"ISBJØRN EIENDOM TROMSØ AS",4185658,69.6535555988389,18.959992077485
"ISBJØRN EIENDOM TROMSØ AS",4185659,69.6535555988389,18.959992077485
"ISBJØRN EIENDOM TROMSØ AS",4215854,69.6535555988389,18.959992077485
"MESTA DRIFT AS",3142253,69.701283173695,19.01488473573
"PIKANT EIENDOM AS",3127542,69.6454505742094,18.9946246531299
"PIKANT EIENDOM AS",1070249102,69.6454505742094,18.9946246531299
"PIKANT EIENDOM AS",1070249105,69.6454505742094,18.9946246531299
"PETTERSEN UTVIKLING AS",255171924,69.671156896666,18.9675801873303
"PETTERSEN UTVIKLING AS",255171925,69.671156896666,18.9675801873303
"PETTERSEN UTVIKLING AS",255171926,69.671156896666,18.9675801873303
"PETTERSEN UTVIKLING AS",255171927,69.671156896666,18.9675801873303
"PETTERSEN UTVIKLING AS",415119583,69.671972969886,18.970663081424
"PETTERSEN UTVIKLING AS",415119586,69.6720619853895,18.9707391781661
"PETTERSEN UTVIKLING AS",415119589,69.671972969886,18.970663081424
"PETTERSEN UTVIKLING AS",415119592,69.6720619853895,18.9707391781661
"RENHOLDSGRUPPEN INVEST AS",3138746,69.6334118753139,18.9250686651102
"RENHOLDSGRUPPEN INVEST AS",4171276,69.6334118753139,18.9250686651102
"RENHOLDSGRUPPEN INVEST AS",4171277,69.6334118753139,18.9250686651102
"LYDER DAMEMOTER AS",3146217,69.6532044299034,18.9596296849179
"BYGG OG EIENDOMSUTVIKLING AS",4172223,69.651353987915,18.952572857443
"BYGG OG EIENDOMSUTVIKLING AS",4172224,69.651353987915,18.952572857443
"BYGG OG EIENDOMSUTVIKLING AS",4172225,69.651353987915,18.952572857443
"BYGG OG EIENDOMSUTVIKLING AS",4180126,69.6425468317528,18.9391419486984
"BYGG OG EIENDOMSUTVIKLING AS",4180127,69.6425468317528,18.9391419486984
"BYGG OG EIENDOMSUTVIKLING AS",4181649,69.6413096359829,18.9386287320715
"BYGG OG EIENDOMSUTVIKLING AS",4181650,69.6413096359829,18.9386287320715
"GØY EIENDOM AS",4136119,69.6672377667155,18.964496337239
"GØY EIENDOM AS",4136120,69.6672377667155,18.964496337239
"GØY EIENDOM AS",4189983,69.6565632039214,18.9546660101012
"GØY EIENDOM AS",4189984,69.6565632039214,18.9546660101012
"SOMMARØY INVEST AS",963182108,69.6291268419237,18.0236280745686
"SOMMARØY INVEST AS",963182143,69.628930981311,18.023793494208
"KIRKEGATA 10 AS",3145385,69.6484328060956,18.9558233490305
"ATLAS HELSE OG MILJØTJENESTER AS",530855031,69.6346027872879,18.9316131568718
"HAUKEBØE TRANSPORT AS",234455824,69.6870234516115,18.9496056004867
"INVESTEX FORVALTNING AS",3128158,69.641337572852,18.9915521915688
"INVESTEX FORVALTNING AS",4246485,69.6547354913959,18.9296304313736
"INVESTEX FORVALTNING AS",4246486,69.6547354913959,18.9296304313736
"INVESTEX FORVALTNING AS",4246487,69.6547354913959,18.9296304313736
"INVESTEX FORVALTNING AS",4246488,69.6547354913959,18.9296304313736
"INVESTEX FORVALTNING AS",4246489,69.6547354913959,18.9296304313736
"INVESTEX FORVALTNING AS",4246490,69.6547354913959,18.9296304313736
"INVESTEX FORVALTNING AS",4246491,69.6547354913959,18.9296304313736
"INVESTEX FORVALTNING AS",4246492,69.6547354913959,18.9296304313736
"INVESTEX FORVALTNING AS",4290283,69.6654721496827,18.9627198421722
"INVESTEX FORVALTNING AS",4290284,69.6654721496827,18.9627198421722
"INVESTEX FORVALTNING AS",4290285,69.6654721496827,18.9627198421722
"INVESTEX FORVALTNING AS",4290286,69.6654721496827,18.9627198421722
"INVESTEX FORVALTNING AS",4290287,69.6654721496827,18.9627198421722
"CHRISMA EIENDOM AS",3130385,69.5608452202369,18.741045201685
"CHRISMA EIENDOM AS",3139490,69.6618884086567,18.9535276254642
"CHRISMA EIENDOM AS",3146210,69.6528259885273,18.9590427804137
"ALFHEIM ARENA AS",3310218,69.6492392012498,18.9360031223212
"REBE AS",4138213,69.6552184948048,18.9624581783271
"REBE AS",4138214,69.6552119650695,18.9625085980336
"REBE AS",4138215,69.6552043082905,18.9625691350379
"HAGEN-OLSEN EIENDOM AS",3146001,69.6495170546187,18.9495723007068
"HAGEN-OLSEN EIENDOM AS",3146152,69.6482156035249,18.9546988184902
"HAGEN-OLSEN EIENDOM AS",3146154,69.6483027588924,18.954818318317
"BYGGUTVIKLING AS",3138431,69.6573622906656,18.9422785268254
"BYGGUTVIKLING AS",3516618,69.6982897359767,18.9718864007392
"BYGGUTVIKLING AS",3516619,69.6982547417565,18.972242045136
"BYGGUTVIKLING AS",3516620,69.6982292754596,18.9725736036954
"BYGGUTVIKLING AS",3516623,69.6979147947053,18.9721782888081
"BYGGUTVIKLING AS",3516624,69.697880965226,18.9724824020344
"RYA GODS OG SKOGER AS",3129877,69.5508159494393,18.7294879795974
"TØNSVIK AS",3124943,69.7403945025893,19.1635881045988
"SOMMARØY SEA FAMILY AS",3395853,69.6344276313281,17.9938753773027
"NOR-STRAND AS",4245505,69.6396599971657,18.940077288909
"NOR-STRAND AS",4245506,69.6397029959757,18.9401626624629
"NOR-STRAND AS",4245507,69.6397465724592,18.9402223435539
"NOR-STRAND AS",4245508,69.6396923164618,18.9402380816126
"NOR-STRAND AS",4245509,69.639639793602,18.9401767415536
"NOR-STRAND AS",4245563,69.6396700989266,18.9400275625155
"NOR-STRAND AS",4245564,69.6397130977609,18.9401129360106
"NOR-STRAND AS",4245565,69.6397566742616,18.940172617029
"NOR-STRAND AS",4245566,69.6396822146414,18.9402878079562
"NOR-STRAND AS",4245567,69.6396296917992,18.9402264678047
"NOR-STRAND AS",4245568,69.6397226218392,18.9400889022967
"NOR-STRAND AS",4245569,69.6397661983481,18.9401485832933
"NOR-STRAND AS",4245570,69.639672112807,18.9403375342524
"NOR-STRAND AS",4245571,69.6396195899826,18.9402761940083
"NOR-STRAND AS",4245572,69.6397757224314,18.9401245495362
"NOR-STRAND AS",4245573,69.6396620109588,18.9403872605012
"NOR-STRAND AS",4245574,69.6396100658791,18.9403002275224
"NOR-STRAND AS",4279957,69.6398198555862,18.9386415198602
"NOR-STRAND AS",4279958,69.6398198555862,18.9386415198602
"NOR-STRAND AS",4279959,69.6398198555862,18.9386415198602
"NOR-STRAND AS",4279960,69.6398198555862,18.9386415198602
"NOR-STRAND AS",4279961,69.6398198555862,18.9386415198602
"NOR-STRAND AS",4279962,69.6398198555862,18.9386415198602
"NOR-STRAND AS",4279963,69.6398198555862,18.9386415198602
"NOR-STRAND AS",4279964,69.6398198555862,18.9386415198602
"NOR-STRAND AS",4279965,69.6398198555862,18.9386415198602
"NOR-STRAND AS",4279966,69.6398198555862,18.9386415198602
"NOR-STRAND AS",4279967,69.6398198555862,18.9386415198602
"NOR-STRAND AS",4279968,69.6398198555862,18.9386415198602
"NOR-STRAND AS",4279969,69.6397958451361,18.9385906289224
"NOR-STRAND AS",4279970,69.6397733929628,18.9385503469404
"NOR-STRAND AS",4279971,69.6397509985264,18.9385074957569
"NOR-STRAND AS",4279972,69.639730393359,18.9384649763397
"NOR-STRAND AS",4279973,69.6398001191445,18.9383205215155
"NOR-STRAND AS",4279974,69.6397778401373,18.9382725319364
"NOR-STRAND AS",4279975,69.6397554456321,18.9382296810347
"NOR-STRAND AS",4279976,69.6398508818532,18.9384202311333
"NOR-STRAND AS",4279977,69.6397909685881,18.9385278050225
"NOR-STRAND AS",4279978,69.6398110530974,18.938673428064
"NOR-STRAND AS",4279979,69.6397853111251,18.9386196361311
"NOR-STRAND AS",4279980,69.6397645904907,18.938582255113
"NOR-STRAND AS",4279981,69.6397672484351,18.9383041085691
"NOR-STRAND AS",4279982,69.6397467009607,18.9382590200277
"NOR-STRAND AS",4279983,69.6397922113538,18.9383525956578
"NOR-STRAND AS",4279984,69.6398428008072,18.9384600132085
"NOR-STRAND AS",4279985,69.6398023083521,18.9387027669488
"NOR-STRAND AS",4279986,69.6397782979198,18.9386518759848
"NOR-STRAND AS",4279987,69.639802656653,18.9385273916642
"NOR-STRAND AS",4279988,69.6397816196373,18.9383841722714
"NOR-STRAND AS",4279989,69.6397564257517,18.9383459623224
"NOR-STRAND AS",4279990,69.6398331614574,18.9384891863857
"NOR-STRAND AS",4279991,69.6398160185041,18.9385324485774
"NOR-STRAND AS",4279992,69.6397944582416,18.9387322716591
"NOR-STRAND AS",4279993,69.6397678216477,18.9386783138508
"NOR-STRAND AS",4328754,69.6394577076042,18.9399649840941
"NOR-STRAND AS",4328755,69.6394577076042,18.9399649840941
"NOR-STRAND AS",4328756,69.6394577076042,18.9399649840941
"NOR-STRAND AS",4328757,69.6394577076042,18.9399649840941
"NOR-STRAND AS",4328758,69.6394577076042,18.9399649840941
"NOR-STRAND AS",4328759,69.6394577076042,18.9399649840941
"NOR-STRAND AS",4328760,69.6394577076042,18.9399649840941
"NOR-STRAND AS",4328761,69.6394577076042,18.9399649840941
"NOR-STRAND AS",4328762,69.6394577076042,18.9399649840941
"NOR-STRAND AS",4328763,69.6394577076042,18.9399649840941
"NOR-STRAND AS",4328764,69.6394577076042,18.9399649840941
"NOR-STRAND AS",4328765,69.6394577076042,18.9399649840941
"NOR-STRAND AS",4328766,69.6394577076042,18.9399649840941
"NOR-STRAND AS",4328767,69.6394577076042,18.9399649840941
"NOR-STRAND AS",4328768,69.6394577076042,18.9399649840941
"NOR-STRAND AS",4328769,69.6394577076042,18.9399649840941
"NOR-STRAND AS",4328770,69.6394577076042,18.9399649840941
"NOR-STRAND AS",4328771,69.6394577076042,18.9399649840941
"NOR-STRAND AS",4328772,69.6394577076042,18.9399649840941
"NOR-STRAND AS",287303630,69.6966687321712,18.9558975747679
"NOR-STRAND AS",287303633,69.6966687321712,18.9558975747679
"NOR-STRAND AS",287303634,69.6966687321712,18.9558975747679
"NOR-STRAND AS",287303635,69.6966687321712,18.9558975747679
"NOR-STRAND AS",287303636,69.6966687321712,18.9558975747679
"NOR-STRAND AS",287303637,69.6966687321712,18.9558975747679
"NOR-STRAND AS",287303638,69.6966687321712,18.9558975747679
"NOR-STRAND AS",287303639,69.6966687321712,18.9558975747679
"NOR-STRAND AS",287303640,69.6966687321712,18.9558975747679
"NOR-STRAND AS",287303641,69.6966687321712,18.9558975747679
"NOR-STRAND AS",287303657,69.6967171096284,18.9550658459304
"NOR-STRAND AS",529467990,69.6970582697693,18.9554348159695
"NOR-STRAND AS",529467996,69.6969716752953,18.9553306872487
"NOR-STRAND AS",633128100,69.6969627168573,18.9578021847796
"NOR-STRAND AS",633128103,69.6968965496556,18.9577484293176
"HAVBRUKSSTASJONEN I TROMSØ AS",3681629,69.8685847823706,18.9257508425556
"BÅRAGUTT AS",3133698,69.674476431784,18.7546565830073
"BÅRAGUTT AS",3133736,69.6741844485678,18.7561293389173
"BÅRAGUTT AS",3386133,69.6743195041519,18.7552747728581
"FRIKULT AS",3143689,69.5995683355239,18.0257399009223
"FLØYVEIEN 3 AS",3126948,69.6449650977649,19.0036950748209
"AAFOS HOLDING AS",307861148,69.6641480647663,18.9325358492129
"AAFOS HOLDING AS",307861154,69.6641480647663,18.9325358492129
"LÆRINGSVERKSTEDET AS",3136701,69.6807620409283,18.9412010686559
"LÆRINGSVERKSTEDET AS",3561586,69.6463944896137,18.9414220988449
"LÆRINGSVERKSTEDET AS",3569029,69.5644213935722,19.1835506502056
"LANDBAKK CONSULTING AS",3134211,69.7588120327934,18.5061927489714
"ADRIAN EIENDOM AS",3138466,69.6560186834662,18.938904817718
"ADRIAN EIENDOM AS",234605838,69.6642576346992,18.9292499779166
"ADRIAN EIENDOM AS",234605844,69.6642922681855,18.9293080502771
"ADRIAN EIENDOM AS",234605850,69.6643474024622,18.9296540447486
"ADRIAN EIENDOM AS",234605852,69.6643713605293,18.9297876298393
"ADRIAN EIENDOM AS",993602898,69.655875632069,18.9385942600173
"NT EIENDOM AS",3142208,69.6874506069607,18.9989979402701
"NT EIENDOM AS",3675572,69.6808935279201,18.7776328004965
"NT EIENDOM AS",3675575,69.6809621092127,18.7774511722119
"NT EIENDOM AS",3675576,69.6810178390345,18.7773241152956
"NT EIENDOM AS",4146865,69.6534814081157,18.958622842506
"NT EIENDOM AS",4146870,69.6534814081157,18.958622842506
"NT EIENDOM AS",4146872,69.6534814081157,18.958622842506
"NT EIENDOM AS",234591258,69.6363628537957,18.9360867352534
"NT EIENDOM AS",234600054,69.6815504446767,18.7761990252398
"NT EIENDOM AS",234600056,69.6817213905885,18.7753506673242
"NT EIENDOM AS",234600057,69.6815041286423,18.7766818681399
"NT EIENDOM AS",234600058,69.6816733278136,18.775497191677
"NT EIENDOM AS",234600059,69.6814644588862,18.7768557301738
"NT EIENDOM AS",234600060,69.6816409459591,18.7757498962894
"NT EIENDOM AS",234600061,69.6814757073973,18.7771678971368
"NT EIENDOM AS",234600062,69.6815833809816,18.7759205739955
"NT EIENDOM AS",234600063,69.6814360371636,18.7773417580189
"NT EIENDOM AS",234612683,69.6409141427218,18.9416747971318
"NT EIENDOM AS",234612684,69.6411432964239,18.9413122265933
"NT EIENDOM AS",234612685,69.6411200269784,18.9416278501193
"NT EIENDOM AS",234612686,69.6411365541038,18.9408929889527
"NT EIENDOM AS",234612687,69.6411524482307,18.9411849160136
"NT EIENDOM AS",234612688,69.6411014637524,18.9418540405539
"NT EIENDOM AS",234612689,69.6408954108214,18.9417487259086
"NT EIENDOM AS",234612690,69.6412019400772,18.9412611818297
"NT EIENDOM AS",234612691,69.6410661683715,18.9418655529047
"NT EIENDOM AS",234612692,69.6410895191697,18.9417460377115
"NT EIENDOM AS",234612693,69.6411616792783,18.9413336981081
"NT EIENDOM AS",234612694,69.6410870315647,18.9419365081081
"NT EIENDOM AS",234612695,69.6411284724935,18.9409327724666
"NT EIENDOM AS",234612696,69.641128748911,18.9413998335717
"NT EIENDOM AS",234612697,69.6410822742086,18.9417885562357
"NT EIENDOM AS",234612698,69.6411626998339,18.9409288009307
"NT EIENDOM AS",234612699,69.6411311760239,18.9412919168995
"NT EIENDOM AS",234612700,69.6410732399649,18.9418307427481
"NT EIENDOM AS",234612701,69.6412249199544,18.9409584039587
"NT EIENDOM AS",234612702,69.6411782728567,18.941354837716
"NT EIENDOM AS",234612703,69.6410079315234,18.9418186254246
"NT EIENDOM AS",234612704,69.6410313978759,18.9416939716416
"NT EIENDOM AS",234612705,69.6411435532081,18.9414206412483
"NT EIENDOM AS",234612706,69.6410589811782,18.9419055019066
"NT EIENDOM AS",234612707,69.6411538391441,18.9409632796264
"NT EIENDOM AS",234612708,69.6411121231288,18.941499955685
"NT EIENDOM AS",234612709,69.6410241529277,18.9417364900681
"NT EIENDOM AS",234612710,69.6412178485325,18.9409932146568
"NT EIENDOM AS",234612711,69.6411148392479,18.941379191897
"NT EIENDOM AS",234612712,69.6410150031072,18.941783815347
"NT EIENDOM AS",234612713,69.6412642540924,18.9410069833828
"NT EIENDOM AS",234612714,69.6411555580132,18.9414460899218
"NT EIENDOM AS",234612715,69.6409586410241,18.941773358083
"NT EIENDOM AS",234612716,69.6412366379017,18.940916714634
"NT EIENDOM AS",234612717,69.6409810971219,18.9416536774053
"NT EIENDOM AS",234612718,69.6411242435044,18.9415202654782
"NT EIENDOM AS",234612719,69.6409989550688,18.9418582423502
"NT EIENDOM AS",234612720,69.6412087566944,18.9410379712345
"NT EIENDOM AS",234612721,69.6410947760297,18.9415922033402
"NT EIENDOM AS",234612722,69.6409747468199,18.9416963617304
"NT EIENDOM AS",234612723,69.6412570670928,18.9410469330502
"NT EIENDOM AS",234612724,69.6410973188411,18.9414791479848
"NT EIENDOM AS",234612725,69.6409657125988,18.9417385480704
"NT EIENDOM AS",234612726,69.6411688684681,18.9412137638455
"NT EIENDOM AS",234612727,69.6411381531505,18.9415409072541
"NT EIENDOM AS",234612728,69.6409052818872,18.9417092751126
"NT EIENDOM AS",234612729,69.6412660154777,18.9409686074102
"NT EIENDOM AS",234612730,69.6409322111229,18.9415904245644
"NT EIENDOM AS",234612731,69.6411070119791,18.9416073742869
"NT EIENDOM AS",234612732,69.6409515694426,18.9418081680724
"NT EIENDOM AS",234612733,69.6412470228191,18.9410940931844
"NT EIENDOM AS",234612734,69.6410942765616,18.9418939896258
"NT EIENDOM AS",234612735,69.6409240715637,18.9416327768477
"NT EIENDOM AS",234612736,69.6411872513347,18.9412352353019
"NT EIENDOM AS",234612737,69.6410808663896,18.9415715615738
"NT EIENDOM AS",260684373,69.6972789761646,18.9478210239992
"NT EIENDOM AS",279164442,69.6611131791094,18.92685225005
"NT EIENDOM AS",279164447,69.6610367017381,18.9274191733021
"NT EIENDOM AS",869281124,69.6571552259291,18.9535110579756
"NT EIENDOM AS",869281127,69.6572027818669,18.9535534833219
"NT EIENDOM AS",869281130,69.6572533365423,18.9536222889323
"Tuil AS",3126849,69.6452450298785,19.017374622831
"Tuil AS",3126995,69.6483019693004,19.0165306822288
"Tuil AS",3128150,69.6483019693004,19.0165306822288
"Tuil AS",3514673,69.6466174866924,19.0162921152936
"HOYER AS",4207200,69.6563571685231,18.9254121309459
"HOYER AS",4207201,69.6562772254241,18.9253715285092
"HOYER AS",4207202,69.6561609206252,18.9253500222482
"HOYER AS",4207203,69.656089348439,18.9253367877511
"HOYER AS",4207204,69.6559909366802,18.925318590473
"HOYER AS",4207205,69.65587463187,18.925297084831
"HOYER AS",4207206,69.6559005827973,18.9249404143063
"HOYER AS",4207207,69.6557718781417,18.9250715326092
"HOYER AS",4249685,69.6570076509382,18.9255298648103
"HOYER AS",4249686,69.6570076509382,18.9255298648103
"HOYER AS",4249687,69.6570076509382,18.9255298648103
"HOYER AS",4249688,69.6570076509382,18.9255298648103
"HOYER AS",4249689,69.6572833253446,18.9261773087807
"HOYER AS",4249690,69.6572833253446,18.9261773087807
"HOYER AS",4249691,69.6572833253446,18.9261773087807
"HOYER AS",4249692,69.6572833253446,18.9261773087807
"HOYER AS",4249693,69.6570076509382,18.9255298648103
"HOYER AS",4249695,69.6570076509382,18.9255298648103
"HOYER AS",4249696,69.6570076509382,18.9255298648103
"HOYER AS",4249697,69.6572833253446,18.9261773087807
"HOYER AS",4249698,69.6572833253446,18.9261773087807
"HOYER AS",4249699,69.6572833253446,18.9261773087807
"HOYER AS",4249700,69.6572833253446,18.9261773087807
"HOYER AS",4249701,69.6572833253446,18.9261773087807
"HOYER AS",4249702,69.6572833253446,18.9261773087807
"HOYER AS",4249703,69.6572833253446,18.9261773087807
"HOYER AS",4249704,69.6572833253446,18.9261773087807
"HOYER AS",4249705,69.6572833253446,18.9261773087807
"HOYER AS",4249706,69.6572833253446,18.9261773087807
"HOYER AS",4249707,69.6572833253446,18.9261773087807
"HOYER AS",4249708,69.6565689694308,18.9247800030442
"HOYER AS",4249709,69.6565689694308,18.9247800030442
"HOYER AS",4249710,69.6565689694308,18.9247800030442
"HOYER AS",4249711,69.6565689694308,18.9247800030442
"HOYER AS",4249712,69.6567658431255,18.9256168315614
"HOYER AS",4249713,69.6567658431255,18.9256168315614
"HOYER AS",4249714,69.6567658431255,18.9256168315614
"HOYER AS",4249715,69.6567658431255,18.9256168315614
"HOYER AS",4249716,69.6565689694308,18.9247800030442
"HOYER AS",4249717,69.6565689694308,18.9247800030442
"HOYER AS",4249718,69.6565689694308,18.9247800030442
"HOYER AS",4249719,69.6565689694308,18.9247800030442
"HOYER AS",4249720,69.6567658431255,18.9256168315614
"HOYER AS",4249721,69.6567658431255,18.9256168315614
"HOYER AS",4249722,69.6567658431255,18.9256168315614
"HOYER AS",4249723,69.6567658431255,18.9256168315614
"HOYER AS",4249724,69.6567658431255,18.9256168315614
"HOYER AS",4249725,69.6567658431255,18.9256168315614
"HOYER AS",4249726,69.6567658431255,18.9256168315614
"HOYER AS",4249727,69.6567658431255,18.9256168315614
"HOYER AS",4249728,69.6567658431255,18.9256168315614
"HOYER AS",4249729,69.6567658431255,18.9256168315614
"HOYER AS",4249730,69.6567658431255,18.9256168315614
"HOYER AS",4249731,69.6567658431255,18.9256168315614
"HOYER AS",4249732,69.6567658431255,18.9256168315614
"BOLIGBYGG AS",3650528,69.6466342265834,19.0020094744907
"X PARTNER NORD AS",4211749,69.6631017000631,18.9138491404628
"X PARTNER NORD AS",4211750,69.6631017000631,18.9138491404628
"Hålogaland Teater AS",3379402,69.6422066993721,18.944678124887
"KONGSBERG SATELLITE SERVICES AS",3141158,69.6619633513575,18.9418160746878
"AMTMANNSGÅRDEN AS",4215736,69.6511213332122,18.9530897142936
"AMTMANNSGÅRDEN AS",4215737,69.6510225598938,18.9537243915298
"HILLESØY BYGGSERVICE AS",3402795,69.6429108830784,17.9960241446312
"HILLESØY BYGGSERVICE AS",4307373,69.645905896332,18.9992810247099
"HILLESØY BYGGSERVICE AS",4307374,69.645905896332,18.9992810247099
"HILLESØY BYGGSERVICE AS",4307375,69.645905896332,18.9992810247099
"TEXTURA BOLIG AS",3442011,69.6818021766197,18.7824472328588
"TEXTURA BOLIG AS",3442013,69.6820887231509,18.783739050249
"TEXTURA BOLIG AS",4200408,69.631522432518,18.9183755171193
"TEXTURA BOLIG AS",4200410,69.6315480043089,18.9182770998995
"TRINITY EIENDOM TROMSØ AS",3145127,69.6499033853002,18.9539548526263
"TROMSØ UTVIKLING AS",3336622,69.6048662666877,18.9388754272309
"TROMSØ UTVIKLING AS",234600777,69.6231064338742,18.9491008630235
"TROMSØ UTVIKLING AS",234600778,69.6230712276161,18.9490685451233
"TROMSØ UTVIKLING AS",234600779,69.6230103403206,18.9489798986222
"TROMSØ UTVIKLING AS",234600780,69.6232186830098,18.9493021691736
"TROMSØ UTVIKLING AS",234600781,69.6231482705654,18.9492375324671
"TROMSØ UTVIKLING AS",234600782,69.6229667666629,18.9489202474767
"TROMSØ UTVIKLING AS",234600783,69.6230963296596,18.9491505465507
"TROMSØ UTVIKLING AS",234600784,69.6232394704786,18.9491771290306
"TROMSØ UTVIKLING AS",234600785,69.6230611234108,18.9491182285843
"TROMSØ UTVIKLING AS",234600786,69.6231696369399,18.9490868201339
"TROMSØ UTVIKLING AS",234600787,69.6232169460447,18.94937918694
"TROMSØ UTVIKLING AS",234600788,69.6230002361406,18.9490295819845
"TROMSØ UTVIKLING AS",234600789,69.6231171170186,18.9490255069726
"TROMSØ UTVIKLING AS",234600790,69.6231375873298,18.9493128885193
"TROMSØ UTVIKLING AS",234600791,69.6229560835651,18.9489956030513
"TROMSØ UTVIKLING AS",234600792,69.6230819107464,18.94899318918
"TROMSØ UTVIKLING AS",234600793,69.6230504402273,18.9491935843902
"TROMSØ UTVIKLING AS",234600794,69.6230210234122,18.9489045428481
"TROMSØ UTVIKLING AS",234600795,69.623228787268,18.9492524854354
"TROMSØ UTVIKLING AS",234600796,69.6229979203425,18.9491322713173
"TROMSØ UTVIKLING AS",234600797,69.6229768708117,18.9488705641394
"TROMSØ UTVIKLING AS",234600798,69.6231589537687,18.9491621763387
"ARCADIA AS",3137901,69.6630217762366,18.9117940201426
"ARCADIA AS",1035465565,69.6630217762366,18.9117940201426
"ISHAVSBYEN EIENDOM AS",3141937,69.6838568807152,18.995449995172
"MURSYSTEMER AS",4214883,69.5677661744563,18.9518889624104
"MURSYSTEMER AS",4214884,69.5677661744563,18.9518889624104
"S A EIENDOM AS",4186743,69.6511386006817,18.9538776775522
"S A EIENDOM AS",4294812,69.6511386006817,18.9538776775522
"S A EIENDOM AS",4294813,69.6511386006817,18.9538776775522
"S A EIENDOM AS",4294814,69.6511386006817,18.9538776775522
"S A EIENDOM AS",4294815,69.6511386006817,18.9538776775522
"S A EIENDOM AS",4294816,69.6511386006817,18.9538776775522
"S A EIENDOM AS",4294817,69.6511386006817,18.9538776775522
"S A EIENDOM AS",4294818,69.6511386006817,18.9538776775522
"S A EIENDOM AS",4294819,69.6511386006817,18.9538776775522
"S A EIENDOM AS",4294820,69.6511386006817,18.9538776775522
"S A EIENDOM AS",4294821,69.6511386006817,18.9538776775522
"TROMSØ BYGG AS",234591226,69.6366739573456,18.9358348061176
"TROMSØ BYGG AS",234591227,69.6366000776339,18.9359243067386
"TROMSØ BYGG AS",234591228,69.636383055011,18.9359872939068
"TROMSØ BYGG AS",234591229,69.6366583726954,18.935728735245
"TROMSØ BYGG AS",234591230,69.6366312466342,18.9361364483348
"TROMSØ BYGG AS",234591231,69.6364081630333,18.9360693317663
"TROMSØ BYGG AS",234591232,69.6366433650084,18.9355969753205
"TROMSØ BYGG AS",234591233,69.6365948838181,18.9361555089783
"TROMSØ BYGG AS",234591234,69.6364679025041,18.9362093762415
"TROMSØ BYGG AS",234591235,69.6367002195741,18.9358654663983
"TROMSØ BYGG AS",234591236,69.6366194146365,18.9362632370157
"TROMSØ BYGG AS",234591237,69.6364603971011,18.9357436605376
"TROMSØ BYGG AS",234591238,69.636663279716,18.9359102167865
"TROMSØ BYGG AS",234591239,69.636634421822,18.9363949972488
"TROMSØ BYGG AS",234591240,69.6364329807573,18.9357643786583
"TROMSØ BYGG AS",234591241,69.6366476951114,18.9358041459133
"TROMSØ BYGG AS",234591242,69.6366049844536,18.9361057878223
"TROMSØ BYGG AS",234591243,69.6363729544103,18.9360370146038
"TROMSØ BYGG AS",234591244,69.6366321104422,18.9356980751941
"TROMSØ BYGG AS",234591245,69.6365507287852,18.9361215342696
"TROMSØ BYGG AS",234591246,69.6363980624093,18.9361190524822
"TROMSØ BYGG AS",234591247,69.6366895419311,18.9359408771442
"TROMSØ BYGG AS",234591248,69.6365931524785,18.9362325763647
"TROMSØ BYGG AS",234591249,69.6364710746573,18.9356682504999
"TROMSØ BYGG AS",234591250,69.6366526020543,18.935985627379
"TROMSØ BYGG AS",234591251,69.6366081596876,18.9363643364136
"TROMSØ BYGG AS",234591252,69.6364436583221,18.9356889687281
"TROMSØ BYGG AS",234591253,69.6366370174953,18.9358795565051
"TROMSØ BYGG AS",234591254,69.6364289413173,18.9359442012557
"TROMSØ BYGG AS",234591255,69.6366958895451,18.935658295283
"TROMSØ BYGG AS",234591256,69.6366214328716,18.9357734857854
"TROMSØ BYGG AS",234591257,69.6364892579835,18.9360585565145
"TROMSØ BYGG AS",234591259,69.636678864256,18.9360162878137
"TROMSØ BYGG AS",234591260,69.636540051034,18.9361969443562
"TROMSØ BYGG AS",234591261,69.6366557774637,18.9362441765357
"TROMSØ BYGG AS",234591262,69.6365818975476,18.9363336756547
"TROMSØ BYGG AS",234591263,69.636722151805,18.9356889553789
"TROMSØ BYGG AS",234591264,69.6366263398469,18.9359549670206
"TROMSØ BYGG AS",234591265,69.6363937326708,18.9359118842673
"TROMSØ BYGG AS",234591266,69.636684634943,18.9357593953723
"TROMSØ BYGG AS",234591267,69.6366107552689,18.9358488963002
"TROMSØ BYGG AS",234591268,69.6364182636433,18.936019611003
"TROMSØ BYGG AS",234591269,69.6366696272796,18.9356276352636
"TROMSØ BYGG AS",234591270,69.6366664552362,18.9361687660646
"TROMSØ BYGG AS",234591271,69.6364785802599,18.9361339664162
"TROMSØ BYGG AS",234591272,69.6366300924168,18.9361878266828
"TROMSØ BYGG AS",234591273,69.6365293732506,18.9362723543663
"TROMSØ BYGG AS",234591274,69.6367108971848,18.9357900555759
"TROMSØ BYGG AS",234591275,69.6366450996589,18.9363195869304
"TROMSØ BYGG AS",234591276,69.6364497195127,18.9358190704988
"TROMSØ BYGG AS",234601647,69.6407712624129,18.9425152100298
"TROMSØ BYGG AS",234601648,69.6409050334747,18.9422794398753
"TROMSØ BYGG AS",234601649,69.640686464743,18.9427703862362
"TROMSØ BYGG AS",234601650,69.6408623169318,18.9424211612525
"TROMSØ BYGG AS",234601651,69.6407283059943,18.9429071572035
"TROMSØ BYGG AS",234601652,69.6407346756795,18.9423045911762
"TROMSØ BYGG AS",234601653,69.6407623570426,18.9429908804141
"TROMSØ BYGG AS",234601654,69.6407167722819,18.9426212036457
"TROMSØ BYGG AS",234601655,69.640819151009,18.9421835195683
"TROMSØ BYGG AS",234601656,69.6407412990324,18.9427289600396
"TROMSØ BYGG AS",234601657,69.6407907487152,18.9423278967251
"TROMSØ BYGG AS",234601658,69.6406890518643,18.9430546790668
"TROMSØ BYGG AS",234601659,69.6407736158571,18.9428897649287
"TROMSØ BYGG AS",234601660,69.6407540936025,18.9424397805914
"TROMSØ BYGG AS",234601661,69.6408914431072,18.9422046741688
"TROMSØ BYGG AS",234601662,69.6406679939466,18.9427927595361
"TROMSØ BYGG AS",234601663,69.6407531357645,18.9426021505603
"TROMSØ BYGG AS",234601664,69.6408410217205,18.9423294850702
"TROMSØ BYGG AS",234601665,69.6407008888304,18.9429278700856
"TROMSØ BYGG AS",234601666,69.6408207866359,18.9424702175138
"TROMSØ BYGG AS",234601667,69.6407349398692,18.94301159322
"TROMSØ BYGG AS",234601668,69.6406809868672,18.9426145628038
"TROMSØ BYGG AS",234601669,69.6409221445494,18.9423574391408
"TROMSØ BYGG AS",234601670,69.6407138818889,18.9427496731642
"TROMSØ BYGG AS",234601671,69.6407744166582,18.9422552027716
"TROMSØ BYGG AS",234601672,69.6407557231558,18.9428864442688
"TROMSØ BYGG AS",234601673,69.6407438506314,18.9423759569398
"TROMSØ BYGG AS",234601674,69.6408751687998,18.9421294105511
"TROMSØ BYGG AS",234601675,69.6407802497417,18.9429942011629
"TROMSØ BYGG AS",234601676,69.6407352430569,18.9425988301459
"TROMSØ BYGG AS",234601677,69.6408299996776,18.9422603563904
"TROMSØ BYGG AS",234601678,69.6406829961297,18.9429245494066
"TROMSØ BYGG AS",234601679,69.6407597698209,18.9427065866085
"TROMSØ BYGG AS",234601680,69.6408063017135,18.9423952859725
"TROMSØ BYGG AS",234601681,69.6407075226934,18.9430323059734
"TROMSØ BYGG AS",234601682,69.6406625160903,18.942636936234
"TROMSØ BYGG AS",234604631,69.640545300933,18.9438536316646
"TROMSØ BYGG AS",234604632,69.6404523679815,18.9439911858771
"TROMSØ BYGG AS",234604633,69.640583704199,18.9433447396314
"TROMSØ BYGG AS",234604634,69.6405923456067,18.9437591603891
"TROMSØ BYGG AS",234604635,69.6405216255796,18.9441072465679
"TROMSØ BYGG AS",234604636,69.6405926505449,18.9433464001379
"TROMSØ BYGG AS",234604637,69.6405314558989,18.9436704547128
"TROMSØ BYGG AS",234604638,69.6405568326416,18.9441395835316
"TROMSØ BYGG AS",234604639,69.6404116840652,18.943803027585
"TROMSØ BYGG AS",234604640,69.6405404022414,18.9436721153517
"TROMSØ BYGG AS",234604641,69.6404852619413,18.9441262968783
"TROMSØ BYGG AS",234604642,69.6404725737069,18.9438917331309
"TROMSØ BYGG AS",234604643,69.6405975495724,18.9435279168306
"TROMSØ BYGG AS",234604644,69.6405271021319,18.9442630691823
"TROMSØ BYGG AS",234604645,69.6405634987806,18.9434441934222
"TROMSØ BYGG AS",234604646,69.6406272795689,18.9434044297325
"TROMSØ BYGG AS",234604647,69.6405375110824,18.9438005836429
"TROMSØ BYGG AS",234604648,69.6404422650978,18.9440409121791
"TROMSØ BYGG AS",234604649,69.6405187341025,18.9442357146785
"TROMSØ BYGG AS",234604650,69.6405328850326,18.9440061328313
"TROMSØ BYGG AS",234604651,69.6405750311566,18.9437301453292
"TROMSØ BYGG AS",234604652,69.6405121009542,18.9441312793621
"TROMSØ BYGG AS",234604653,69.6405321497628,18.9436396223303
"TROMSØ BYGG AS",234604654,69.6406226539803,18.943609979886
"TROMSØ BYGG AS",234604655,69.6405467297155,18.944189310005
"TROMSØ BYGG AS",234604656,69.6404015812348,18.943852753883
"TROMSØ BYGG AS",234604657,69.6405718669343,18.9434715476758
"TROMSØ BYGG AS",234604658,69.6405620371074,18.9439083404649
"TROMSØ BYGG AS",234604659,69.6404624708512,18.9439414595277
"TROMSØ BYGG AS",234604660,69.6405802350835,18.9434989019508
"TROMSØ BYGG AS",234604662,69.6405227821442,18.9440558593133
"TROMSØ BYGG AS",234604663,69.6406099650594,18.9433754149115
"TROMSØ BYGG AS",234604664,69.6405201966389,18.9437715686254
"TROMSØ BYGG AS",234604665,69.6405938068873,18.9432950126647
"TROMSØ BYGG AS",234604666,69.6404212086459,18.943778994755
"TROMSØ BYGG AS",234604667,69.6405577167015,18.9437011303167
"TROMSØ BYGG AS",234604668,69.6405025763255,18.9441553121348
"TROMSØ BYGG AS",234604669,69.6405230877764,18.9436431004342
"TROMSØ BYGG AS",234604670,69.6405669355539,18.9440898570108
"TROMSØ BYGG AS",234604671,69.6406059177127,18.9435552711609
"TROMSØ BYGG AS",234604672,69.6405366267753,18.9442390364308
"TROMSØ BYGG AS",234604673,69.6403914783905,18.9439024801336
"TROMSØ BYGG AS",234604675,69.6406445940734,18.943433444601
"NORD-EIENDOMSUTVIKLING AS",3138347,69.6388208118522,18.9366452558933
"MARITIM CENTER AS",3141258,69.6727206250594,18.9766844300589
"FIRE EIENDOM AS",3142322,69.6864644896708,19.0028457169826
"FIRE EIENDOM AS",3142331,69.6861869680558,19.0035121772764
"FIRE EIENDOM AS",4210387,69.6864644896708,19.0028457169826
"FIRE EIENDOM AS",4210388,69.6865229997483,19.0030377769224
"FIRE EIENDOM AS",4287549,69.6863608167102,19.0030588858305
"FIRE EIENDOM AS",4287550,69.6863835439599,19.0032441860937
"A J  DESIGN AS",4141808,69.6496587653761,18.9528510005574
"PROSJEKT OG GRAVING AS",4257549,69.6906136068247,19.0751700089035
"PROSJEKT OG GRAVING AS",4257550,69.6906136068247,19.0751700089035
"KORTTIDSLEIE AS",4183320,69.6515998457922,18.9528251416428
"KORTTIDSLEIE AS",234455820,69.6870234516115,18.9496056004867
"KORTTIDSLEIE AS",234455823,69.6870234516115,18.9496056004867
"KORTTIDSLEIE AS",234455839,69.6870234516115,18.9496056004867
"SKJÆRGÅRD OG NILSEN INVEST AS",3447875,69.6865270619719,18.7375569268766
"EARRESVUOTNA AS",3455187,69.6934084635273,18.6226106054667
"EARRESVUOTNA AS",3455189,69.6928360010933,18.6214086358886
"EARRESVUOTNA AS",3455190,69.6929991743529,18.6218579986827
"EARRESVUOTNA AS",3455191,69.6933991485787,18.6217556978513
"EARRESVUOTNA AS",3455193,69.6936594991568,18.6230672550369
"EARRESVUOTNA AS",3506713,69.693162877787,18.6222816014689
"EARRESVUOTNA AS",3570045,69.6943350605727,18.6222311457538
"Breivoll John D AS",3145499,69.6423410819718,18.9359042211016
"Breivoll John D AS",4099964,69.6534228681829,18.944877346048
"TROJAN AS",3145042,69.6493342224247,18.9571218323051
"TROJAN AS",4284317,69.6434374469194,18.9378878598154
"TROJAN AS",4303173,69.7107099542883,19.0002081428791
"TROJAN AS",4303174,69.7106903026789,19.0002820920781
"TROJAN AS",4303175,69.7106611186001,19.0003801271905
"TROJAN AS",4303176,69.7106325212645,19.0004523852133
"TROJAN AS",4303177,69.7106033370922,19.0005504198233
"TROJAN AS",4303178,69.7105830985188,19.000650145086
"TROJAN AS",4303180,69.7106842908261,19.0001515168577
"TROJAN AS",4303181,69.7106652260008,19.000199689154
"TROJAN AS",4303182,69.7106455743954,19.0002736382059
"TROJAN AS",4303183,69.7106348684152,19.0003492779212
"TROJAN AS",4303184,69.7106062710924,19.0004215358972
"TROJAN AS",4303185,69.7105776737404,19.0004937936785
"TROJAN AS",4303186,69.7105574351992,19.000593518876
"TROJAN AS",4303188,69.710649094942,19.0001189771297
"TROJAN AS",4303189,69.7106002593416,19.0002909611585
"TROJAN AS",4303190,69.7105806076986,19.0003649098995
"TROJAN AS",4303191,69.7105520103698,19.0004371676712
"TROJAN AS",4303192,69.710531771861,19.0005368928034
"TROJAN AS",234608729,69.6667755471132,19.0187647411353
"TROJAN AS",234608731,69.6667755471132,19.0187647411353
"TROJAN AS",234608732,69.6670448774241,19.0179890425876
"TROJAN AS",234608733,69.6670253257057,19.0184503687981
"TROJAN AS",234608734,69.6670448774241,19.0179890425876
"TROJAN AS",234608735,69.6670253257057,19.0184503687981
"TROJAN AS",234608736,69.6670253257057,19.0184503687981
"TROJAN AS",234608739,69.6670253257057,19.0184503687981
"TROJAN AS",234608740,69.6670253257057,19.0184503687981
"TROJAN AS",234608741,69.6670253257057,19.0184503687981
"TROJAN AS",234608746,69.6667755471132,19.0187647411353
"TROJAN AS",234608749,69.6667755471132,19.0187647411353
"TROJAN AS",234608760,69.6670253257057,19.0184503687981
"TROJAN AS",234608761,69.6670253257057,19.0184503687981
"TROJAN AS",234608766,69.6670253257057,19.0184503687981
"TROJAN AS",234608767,69.6670253257057,19.0184503687981
"TROJAN AS",234608768,69.6670448774241,19.0179890425876
"TROJAN AS",234608772,69.6670253257057,19.0184503687981
"TROJAN AS",234608773,69.6670448774241,19.0179890425876
"TROJAN AS",234608779,69.6670253257057,19.0184503687981
"TROJAN AS",234608782,69.6670548932861,19.0175517448181
"TROJAN AS",254098224,69.6861358544286,18.9424511718845
"TROJAN AS",254098225,69.6862018868331,18.942391056948
"SCENE 2 FRISØR AS",4201566,69.6524887235006,18.9580247047696
"TROMSØ MEDISINSKE SENTER AS",4099937,69.650447393878,18.958909055951
"TROMSØ MEDISINSKE SENTER AS",4099938,69.650447393878,18.958909055951
"GENERO INVEST AS",3128410,69.6282045676548,18.9544830867675
"GENERO INVEST AS",3139077,69.6741640045111,18.9748359929981
"GENERO INVEST AS",3451382,69.628415823646,18.9547157819124
"GENERO INVEST AS",4247375,69.6441742301221,18.937482537599
"GENERO INVEST AS",4247376,69.6441742301221,18.937482537599
"GENERO INVEST AS",4269131,69.6279865192879,18.9543522770468
"GENERO INVEST AS",4269132,69.6280383165395,18.9544057477643
"GENERO INVEST AS",4274026,69.6496258304421,18.9989052111842
"GENERO INVEST AS",4274027,69.6495662473895,18.9990359633859
"PRESTENGA PARK AS",3145462,69.6477771227478,18.9496023146069
"PRESTENGA PARK AS",3145740,69.6475638111576,18.9501382001369
"PRESTENGA PARK AS",3145742,69.6476431691446,18.9502045801256
"PRESTENGA PARK AS",3145744,69.6477744670214,18.9503580515471
"PRESTENGA PARK AS",3145746,69.6478359323948,18.9504211047768
"ANDRESEN T. ANLEGGSGARTNER AS",3130864,69.6598440993198,18.8213868635842
"TIGER EIENDOM AS",3145592,69.6486995617575,18.9502487958777
"KIRKEGATA 8 AS",3145384,69.6484174793344,18.95610441338
"LANGDALEN ODD AS",3126529,69.6638160818453,19.0193149361424
"Otterøen Søe AS",3146460,69.6511386006817,18.9538776775522
"Otterøen Søe AS",4116205,69.646388642405,18.935805198416
"Otterøen Søe AS",4186741,69.651198217489,18.953942988596
"Otterøen Søe AS",4186742,69.6511386006817,18.9538776775522
"Otterøen Søe AS",4282826,69.646388642405,18.935805198416
"RYDMARK INVEST AS",4141791,69.649352022426,18.9525099713375
"HAAKON 7 GATE 25 AS",253085109,69.6552676075693,18.9426641009765
"HAAKON 7 GATE 25 AS",253085110,69.6552676075693,18.9426641009765
"HAAKON 7 GATE 25 AS",253085111,69.6552676075693,18.9426641009765
"HAAKON 7 GATE 25 AS",253085112,69.6552676075693,18.9426641009765
"HAAKON 7 GATE 25 AS",253085113,69.6552676075693,18.9426641009765
"HAAKON 7 GATE 25 AS",253085114,69.6552676075693,18.9426641009765
"HAAKON 7 GATE 25 AS",253085115,69.6552676075693,18.9426641009765
"HAAKON 7 GATE 25 AS",253085116,69.6552676075693,18.9426641009765
"HAAKON 7 GATE 25 AS",253085117,69.6552676075693,18.9426641009765
"HAAKON 7 GATE 25 AS",253085118,69.6552676075693,18.9426641009765
"HAAKON 7 GATE 25 AS",253085119,69.6552676075693,18.9426641009765
"HAAKON 7 GATE 25 AS",253085120,69.6552676075693,18.9426641009765
"SKATTØRA EIENDOMSINVEST AS",3142404,69.6930416437883,19.0122622489748
"TRE-F AS",3145060,69.6552712447291,18.9680708339001
"SOL EIENDOMMER TROMSØ AS",4214141,69.6255421304544,18.9494500808471
"SOL EIENDOMMER TROMSØ AS",4214142,69.6253802565725,18.9490590554198
"SOL EIENDOMMER TROMSØ AS",4214143,69.6253182114231,18.9490217494248
"SOL EIENDOMMER TROMSØ AS",4214144,69.6256507115068,18.9486194354631
"SOL EIENDOMMER TROMSØ AS",4214145,69.6256489621906,18.9486964327732
"SOL EIENDOMMER TROMSØ AS",4214146,69.6256752221956,18.9487270926374
"SOL EIENDOMMER TROMSØ AS",4214147,69.6256507115068,18.9486194354631
"HAWO EIENDOM AS",4267744,69.663835546649,18.9303263739925
"HAWO EIENDOM AS",4267745,69.6637787450803,18.9301350506293
"HAWO EIENDOM AS",4267749,69.664151301648,18.9304675140841
"HAWO EIENDOM AS",4267750,69.6640928890198,18.9304282819324
"HAWO EIENDOM AS",4267751,69.6640301485212,18.930421826355
"HAWO EIENDOM AS",4267771,69.6640345589469,18.9302650849832
"HAWO EIENDOM AS",234605833,69.6644036886605,18.9299485951369
"HAWO EIENDOM AS",234605834,69.6642414703285,18.9291694962866
"HAWO EIENDOM AS",234605835,69.6644282228199,18.9300564579499
"HAWO EIENDOM AS",234605836,69.6642297791579,18.9290898430818
"HAWO EIENDOM AS",234605837,69.6644438104491,18.9301626639328
"HAWO EIENDOM AS",234605839,69.6644599743596,18.9302431470776
"HAWO EIENDOM AS",234605840,69.6642766800349,18.9292018456688
"HAWO EIENDOM AS",234605841,69.664484508336,18.9303510105137
"HAWO EIENDOM AS",234605842,69.664266951028,18.9291148068005
"HAWO EIENDOM AS",234605843,69.6645084658675,18.9304845972434
"HAWO EIENDOM AS",234605845,69.6645324232964,18.9306181842726
"HAWO EIENDOM AS",234605846,69.6643078562714,18.9294142550399
"HAWO EIENDOM AS",234605847,69.6645563806227,18.9307517716012
"HAWO EIENDOM AS",234605848,69.6643318145226,18.929547839615
"HAWO EIENDOM AS",234605849,69.6643027976655,18.9291989331334
"HAWO EIENDOM AS",234605851,69.6643196838082,18.9292872975445
"HAWO EIENDOM AS",234605853,69.6643352719062,18.92939350243
"HAWO EIENDOM AS",234605854,69.6645699383131,18.9305476440485
"HAWO EIENDOM AS",234605855,69.664366447908,18.9296059126646
"HAWO EIENDOM AS",234605856,69.6646106357809,18.9307359924812
"HAWO EIENDOM AS",234605857,69.6645275115396,18.9304364655486
"HAWO EIENDOM AS",234605858,69.6645650264842,18.9303659250179
"HAWO EIENDOM AS",234605859,69.6645754263675,18.9307036400403
"HAWO EIENDOM AS",234605860,69.6646084177204,18.9308750632655
"HAWO EIENDOM AS",234605861,69.6644902717484,18.9300937802418
"HAWO EIENDOM AS",234605862,69.6645465571987,18.9303883337676
"HAWO EIENDOM AS",234605863,69.6643508599395,18.92949970747
"HAWO EIENDOM AS",234605864,69.6645944720994,18.9306555083933
"HAWO EIENDOM AS",234605865,69.6645035539717,18.930302878752
"HAWO EIENDOM AS",234605866,69.6645416452042,18.9302066149698
"HAWO EIENDOM AS",234605867,69.6645508926106,18.930595775738
"HAWO EIENDOM AS",234605868,69.6646123650146,18.930658822993
"HAWO EIENDOM AS",234605869,69.6644657376132,18.9299859170694
"HAWO EIENDOM AS",234605870,69.6645225995944,18.930254746904
"LÆGREID INVEST AS",3127314,69.6434001324517,18.9841774691016
"FØRELAND EIENDOM AS",4146864,69.6534814081157,18.958622842506
"FØRELAND EIENDOM AS",4146871,69.6534814081157,18.958622842506
"LAGOPUS STAKKEVOLLAN AS",4099410,69.6931828768129,19.0013474387543
"LAGOPUS STAKKEVOLLAN AS",908825929,69.6531636645102,18.9460167645878
"LAGOPUS STAKKEVOLLAN AS",908825932,69.6531636645102,18.9460167645878
"LAGOPUS STAKKEVOLLAN AS",908825935,69.6531986036349,18.9456618284641
"LAGOPUS STAKKEVOLLAN AS",908825938,69.6531986036349,18.9456618284641
"BAKS EIENDOM AS",3127023,69.6444959789453,18.999451693253
"NÆRINGSFORVALTNING AS",4211327,69.6592613300132,18.9628514130452
"NÆRINGSFORVALTNING AS",4211328,69.6592815466144,18.9627518909282
"NÆRINGSFORVALTNING AS",4211329,69.6590746109909,18.9627648751392
"NÆRINGSFORVALTNING AS",4211330,69.6591545449557,18.9628056236617
"SOLTIND AS",3131532,69.6968158301893,18.8863711254114
"SOLTIND AS",4214588,69.6631017000631,18.9138491404628
"SOLLIELVA AS",3520175,69.6858601530238,18.8459324054176
"SOLLIELVA AS",4215699,69.6419286246924,18.941065724064
"SOLLIELVA AS",4215700,69.6419286246924,18.941065724064
"SOLLIELVA AS",4257314,69.6700348065056,18.9709952980331
"SOLLIELVA AS",4257315,69.6700098741239,18.9709854630001
"SOLLIELVA AS",4297914,69.6859587694703,18.8463924022661
"SOLLIELVA AS",4297915,69.6859088494293,18.846292854537
"SKANSEN HOTELL AS",4215860,69.6531727706652,18.9613096131201
"SKANSEN HOTELL AS",4215861,69.6531727706652,18.9613096131201
"STEIN SCHULTZ AS",4141793,69.649352022426,18.9525099713375
"BMT EIENDOM AS",3142302,69.6987166446956,19.013182126037
"BMT EIENDOM AS",4290623,69.6538234445425,18.9581960867795
"BMT EIENDOM AS",4290624,69.6538783362193,18.9579533090079
"BMT EIENDOM AS",4296827,69.6693696782124,18.9613525922374
"BMT EIENDOM AS",4296828,69.6693696782124,18.9613525922374
"BMT EIENDOM AS",4296829,69.6693696782124,18.9613525922374
"BMT EIENDOM AS",4296830,69.6693044758933,18.9616142816784
"BMT EIENDOM AS",4321195,69.6716557124631,18.9312508997547
"BMT EIENDOM AS",4321196,69.6715609676747,18.9312695131775
"BMT EIENDOM AS",4322052,69.6715442955223,18.931612657624
"BMT EIENDOM AS",4322053,69.671487272717,18.9317519502092
"ISHAVET AS",4213566,69.6611812934035,19.01910516559
"ISHAVET AS",4213567,69.661124168375,19.0191666370731
"ISHAVET AS",4213568,69.6609488071072,19.0189784863861
"ISHAVET AS",4213569,69.6608749613754,19.0189076806489
"ISHAVET AS",4257551,69.6644039205738,18.9199009416528
"ISHAVET AS",4257552,69.6644284609406,18.9200087930157
"ISHAVET AS",4257553,69.6644518515099,18.9201680912178
"ISHAVET AS",4257554,69.6646255360847,18.9196319260385
"ISHAVET AS",4257555,69.6646495018049,18.9197655017729
"ISHAVET AS",4257556,69.6646734674225,18.9198990778069
"SKIPPERHUSET AS",257737957,69.6528259885273,18.9590427804137
"SKIPPERHUSET AS",257737958,69.6528259885273,18.9590427804137
"SKIPPERHUSET AS",257737959,69.6528453049626,18.9587443316743
"SKIPPERHUSET AS",257737960,69.6528379841076,18.9586706810532
"SKIPPERHUSET AS",257737961,69.6528471965786,18.9586207661594
"SKIPPERHUSET AS",257737962,69.6528259885273,18.9590427804137
"SKIPPERHUSET AS",257737963,69.6528259885273,18.9590427804137
"SKIPPERHUSET AS",257737964,69.6528259885273,18.9590427804137
"SKIPPERHUSET AS",257737965,69.6528679469032,18.958616890186
"SKIPPERHUSET AS",257737966,69.6528679469032,18.958616890186
"SKIPPERHUSET AS",257737967,69.6528679469032,18.958616890186
"SKIPPERHUSET AS",257737968,69.6528259885273,18.9590427804137
"SKIPPERHUSET AS",257737969,69.6528259885273,18.9590427804137
"SKIPPERHUSET AS",257737970,69.6530106587999,18.958821632974
"SKIPPERHUSET AS",257737971,69.6530106587999,18.958821632974
"SKIPPERHUSET AS",257737972,69.6530106587999,18.958821632974
"SKIPPERHUSET AS",257737973,69.6530106587999,18.958821632974
"SKIPPERHUSET AS",257737974,69.6530106587999,18.958821632974
"SKIPPERHUSET AS",257737975,69.6530106587999,18.958821632974
"SKIPPERHUSET AS",257737976,69.6530106587999,18.958821632974
"SKIPPERHUSET AS",257737977,69.6530106587999,18.958821632974
"SKIPPERHUSET AS",257737978,69.6530106587999,18.958821632974
"SKIPPERHUSET AS",257737979,69.6530106587999,18.958821632974
"SKIPPERHUSET AS",257737980,69.6530106587999,18.958821632974
"SKIPPERHUSET AS",257737981,69.6530106587999,18.958821632974
"SKIPPERHUSET AS",257737982,69.6528259885273,18.9590427804137
"SKIPPERHUSET AS",257737983,69.6530106587999,18.958821632974
"SKIPPERHUSET AS",257737984,69.6530106587999,18.958821632974
"SKIPPERHUSET AS",257737985,69.6530106587999,18.958821632974
"SKIPPERHUSET AS",257737986,69.6530106587999,18.958821632974
"SKIPPERHUSET AS",257737987,69.6530106587999,18.958821632974
"SKIPPERHUSET AS",257737988,69.6530106587999,18.958821632974
"SKIPPERHUSET AS",257737989,69.6530106587999,18.958821632974
"SKIPPERHUSET AS",257737990,69.6530106587999,18.958821632974
"SKIPPERHUSET AS",257737991,69.6530106587999,18.958821632974
"SKIPPERHUSET AS",270059158,69.6529282099731,18.9592503015772
"SKIPPERHUSET AS",270059159,69.6529282099731,18.9592503015772
"SKIPPERHUSET AS",270059160,69.6530106587999,18.958821632974
"CCC- INVEST AS",3138723,69.6642742439026,18.9660348760315
"DIN REGNSKAPSFØRER AS",4147904,69.6503438955289,18.9527462215277
"MEDLITT AS",3139824,69.6441833098861,18.9290717348779
"ARCTIC EIENDOMSUTVIKLING AS",3139050,69.6339006988645,18.9230981210766
"ARCTIC EIENDOMSUTVIKLING AS",3139590,69.6409878650353,18.9032217075148
"BMG EIENDOM AS",3449781,69.6759271638338,18.7531821815357
"ALLSIDIG TJENESTE AS",4215734,69.6886437516431,19.0754196394855
"ALLSIDIG TJENESTE AS",4215735,69.6887000403122,19.0755106406233
"ALLSIDIG TJENESTE AS",4284543,69.6886767402139,19.0751983924668
"ALLSIDIG TJENESTE AS",4284544,69.6887220581262,19.0752588340255
"FRONT STORGATA AS",3146130,69.6473837759159,18.9529437580223
"TEAM2 EIENDOM AS",3133606,69.6821854987778,18.7296836617086
"TEAM2 EIENDOM AS",3681889,69.6825936980316,18.7299183345382
"TEAM2 EIENDOM AS",3681892,69.682666642212,18.73007849728
"TEAM2 EIENDOM AS",3681893,69.682715569867,18.730185325535
"TEAM2 EIENDOM AS",3681894,69.6827776466915,18.7303073915941
"TEAM2 EIENDOM AS",3681896,69.6828212792129,18.7304520605508
"TEAM2 EIENDOM AS",308148331,69.6828726917036,18.7306110229042
"KISTEFJELL INVEST AS",4141823,69.6496587653761,18.9528510005574
"VIACO AS",4098406,69.7018593989884,18.9812762922555
"AG BARKLI AS",3146119,69.6465804256612,18.9519167478391
"PSYKOLOG CARL FREDRIK GAMST AS",4099272,69.6630166033669,18.9620546169743
"HANSO EIENDOMSUTVIKLING AS",3455857,69.6802980538081,18.9262283074945
"HANSEN ERLING EIENDOM AS",3142219,69.700734835659,19.0180411513683
"HANSEN ERLING EIENDOM AS",3142309,69.7009834663515,19.0201325633944
"JEBUS AS",3137712,69.6440203723535,18.9186938910177
"MOVIK AS",4099238,69.6640783841686,18.9687362640709
"MOVIK AS",4324303,69.653733091918,18.965137042342
"MOVIK AS",4324304,69.6537784263056,18.9651584181534
"MOVIK AS",4324305,69.653708826379,18.9654552290732
"MOVIK AS",4324306,69.6537381383154,18.965509757365
"MOVIK AS",4324307,69.6537560795338,18.9653917659899
"MOVIK AS",4324308,69.6537560795338,18.9653917659899
"NORSK EIENDOM OG UTVIKLING AS",4257852,69.6551943509953,18.9671011174696
"RICHARDS AS",4249873,69.6558237747882,18.9519591900323
"RICHARDS AS",4249874,69.6558237747882,18.9519591900323
"RICHARDS AS",4249875,69.6558237747882,18.9519591900323
"RICHARDS AS",4249876,69.6558237747882,18.9519591900323
"RICHARDS AS",4249877,69.6558237747882,18.9519591900323
"Monsen Bygg AS",4267168,69.6813696055362,18.7779243993469
"Monsen Bygg AS",4267169,69.6814300254292,18.7780385530286
"Monsen Bygg AS",4267170,69.6814955142584,18.778334539542
"Monsen Bygg AS",4267171,69.6815559338789,18.7784486950709
"Monsen Bygg AS",4325427,69.6813620090116,18.7791119997873
"Monsen Bygg AS",4325428,69.6813395989715,18.7789012308641
"Monsen Bygg AS",4325429,69.6812361021085,18.7787018576233
"Monsen Bygg AS",4325430,69.6812220854282,18.7785184329229
"Monsen Bygg AS",4325431,69.6811353758854,18.7783737473924
"Monsen Bygg AS",4325432,69.6811040169053,18.7781613869776
"Monsen Bygg AS",310443169,69.683209686654,18.7711748546672
"Monsen Bygg AS",310443170,69.683209686654,18.7711748546672
"Monsen Bygg AS",310443171,69.6830698156742,18.7709121654114
"Monsen Bygg AS",310443172,69.6830698156742,18.7709121654114
"Monsen Bygg AS",310443173,69.683209686654,18.7711748546672
"Monsen Bygg AS",310443174,69.683209686654,18.7711748546672
"Monsen Bygg AS",310443175,69.6830698156742,18.7709121654114
"Monsen Bygg AS",310443176,69.6830698156742,18.7709121654114
"FINNSNES VAKTMESTERSERVICE AS",4284315,69.6434374469194,18.9378878598154
"FINNSNES VAKTMESTERSERVICE AS",4284316,69.6434374469194,18.9378878598154
"FINNSNES VAKTMESTERSERVICE AS",4291610,69.6434374469194,18.9378878598154
"FINNSNES VAKTMESTERSERVICE AS",4291611,69.6434374469194,18.9378878598154
"ALEXANDERSEN EIENDOM AS",500530299,69.6382872569784,18.9358421174224
"EIENDOM & NORSKE HUS AS",3145013,69.6569176784648,18.9608129482368
"Anders-Andre AS",3125163,69.7004998932435,19.0854826936698
"Anders-Andre AS",3135288,69.7060267603497,18.9841046656795
"Anders-Andre AS",3136143,69.6843697611741,18.9521955473667
"Anders-Andre AS",3136244,69.6873040023696,18.9491148678924
"Anders-Andre AS",3136547,69.680796925226,18.9476441980145
"Anders-Andre AS",3136548,69.6826708266687,18.9561883968123
"Anders-Andre AS",3137362,69.6557272842493,18.9166205323404
"Anders-Andre AS",3138203,69.6704215988537,18.9718867740579
"Anders-Andre AS",3139007,69.6648957291501,18.9651694627566
"Anders-Andre AS",3139951,69.6351518695042,18.9219852177501
"Anders-Andre AS",3141729,69.6622280754865,18.9627597369219
"Anders-Andre AS",3141732,69.6609179945376,18.961895279348
"Anders-Andre AS",3141804,69.6833278634616,18.9938248746179
"Anders-Andre AS",3141919,69.684334090497,18.9957985086454
"Anders-Andre AS",3144881,69.6547161138437,18.9488871537821
"Anders-Andre AS",3146481,69.6528910032099,18.9557245987136
"Anders-Andre AS",3146482,69.6528205936631,18.9556598480504
"Anders-Andre AS",4335763,69.6712316078593,18.9722193307312
"Anders-Andre AS",4335764,69.6712316078593,18.9722193307312
"Anders-Andre AS",254453279,69.6419856854652,18.9152739264099
"Anders-Andre AS",254453280,69.6419856854652,18.9152739264099
"Anders-Andre AS",260521645,69.6509962117539,19.0099049807998
"Anders-Andre AS",260521646,69.6509768841789,19.0098858415373
"Anders-Andre AS",260521647,69.6510296715084,19.0097383373273
"Anders-Andre AS",260521648,69.651040448471,19.0100527379087
"Anders-Andre AS",260521649,69.6511197073779,19.0098869991167
"Anders-Andre AS",260521650,69.6510177526413,19.0099451903315
"Anders-Andre AS",260521653,69.6511147894394,19.0099841688976
"Anders-Andre AS",270594012,69.6609179945376,18.961895279348
"Anders-Andre AS",270594013,69.6609179945376,18.961895279348
"Anders-Andre AS",270594014,69.6609179945376,18.961895279348
"Anders-Andre AS",275838307,69.6547161138437,18.9488871537821
"Anders-Andre AS",275838308,69.6547161138437,18.9488871537821
"Anders-Andre AS",275838309,69.6547161138437,18.9488871537821
"Anders-Andre AS",275838310,69.6547161138437,18.9488871537821
"Anders-Andre AS",275838311,69.6547161138437,18.9488871537821
"Anders-Andre AS",280511352,69.7060267603497,18.9841046656795
"Anders-Andre AS",280511353,69.7060267603497,18.9841046656795
"Anders-Andre AS",289463363,69.6880143597074,18.8417829352456
"Anders-Andre AS",289463364,69.6880143597074,18.8417829352456
"Anders-Andre AS",309420406,69.6351518695042,18.9219852177501
"Anders-Andre AS",309420411,69.6351518695042,18.9219852177501
"Anders-Andre AS",309420412,69.6351518695042,18.9219852177501
"Anders-Andre AS",416197886,69.6473069560078,18.9498555611821
"Anders-Andre AS",416197889,69.6473069560078,18.9498555611821
"Anders-Andre AS",416197892,69.6473069560078,18.9498555611821
"Anders-Andre AS",416197895,69.6473069560078,18.9498555611821
"Anders-Andre AS",416727623,69.6712316078593,18.9722193307312
"Anders-Andre AS",416727626,69.6712316078593,18.9722193307312
"Anders-Andre AS",416727629,69.6712316078593,18.9722193307312
"Anders-Andre AS",416727632,69.6712316078593,18.9722193307312
"Anders-Andre AS",416727635,69.6712316078593,18.9722193307312
"Anders-Andre AS",416727638,69.6712316078593,18.9722193307312
"Anders-Andre AS",700251855,69.628671720317,18.9162178709867
"Anders-Andre AS",700251858,69.6287078993685,18.9161265487222
"Anders-Andre AS",700307792,69.6285670486399,18.9164796551571
"Anders-Andre AS",700307795,69.6286175664879,18.916349717779
"Anders-Andre AS",753612425,69.6625768625065,18.9616367730024
"Anders-Andre AS",753612428,69.6625768625065,18.9616367730024
"Anders-Andre AS",753612431,69.6625768625065,18.9616367730024
"Anders-Andre AS",867664720,69.680796925226,18.9476441980145
"Anders-Andre AS",867664723,69.680796925226,18.9476441980145
"Anders-Andre AS",867664726,69.680796925226,18.9476441980145
"Anders-Andre AS",1038060464,69.6826815194101,18.956790171822
"Anders-Andre AS",1038060467,69.6826815194101,18.956790171822
"Anders-Andre AS",1128990870,69.6830593832366,18.994529222025
"Anders-Andre AS",1128990873,69.6830567785897,18.9947226356124
"Anders-Andre AS",1128990876,69.683031031973,18.9949065168174
"VESTREGATE 33 AS",3146451,69.6503945977603,18.9536849343892
"MÆHLEN EIENDOM AS",3134337,69.7809810368084,18.4004486239708
"MÆHLEN EIENDOM AS",448958531,69.6204183662765,18.9465164092977
"MÆHLEN EIENDOM AS",795526724,69.6115240228303,18.9414321635565
"PEAB EIENDOMSUTVIKLING AS",4367492,69.64157150393,18.9416058261781
"PEAB EIENDOMSUTVIKLING AS",4367493,69.64157150393,18.9416058261781
"PEAB EIENDOMSUTVIKLING AS",4367504,69.64157150393,18.9416058261781
"PEAB EIENDOMSUTVIKLING AS",4367505,69.64157150393,18.9416058261781
"PEAB EIENDOMSUTVIKLING AS",4367506,69.6415111668382,18.9422912891039
"PEAB EIENDOMSUTVIKLING AS",4367507,69.6415111668382,18.9422912891039
"PEAB EIENDOMSUTVIKLING AS",4367508,69.64157150393,18.9416058261781
"PEAB EIENDOMSUTVIKLING AS",4367509,69.64157150393,18.9416058261781
"PEAB EIENDOMSUTVIKLING AS",4367510,69.64157150393,18.9416058261781
"PEAB EIENDOMSUTVIKLING AS",4367511,69.6414371973756,18.9414260956148
"PEAB EIENDOMSUTVIKLING AS",4367512,69.6415111668382,18.9422912891039
"PEAB EIENDOMSUTVIKLING AS",4367513,69.6415111668382,18.9422912891039
"PEAB EIENDOMSUTVIKLING AS",4367514,69.6415111668382,18.9422912891039
"PEAB EIENDOMSUTVIKLING AS",4367515,69.6415111668382,18.9422912891039
"PEAB EIENDOMSUTVIKLING AS",4367516,69.64157150393,18.9416058261781
"PEAB EIENDOMSUTVIKLING AS",4367517,69.64157150393,18.9416058261781
"PEAB EIENDOMSUTVIKLING AS",4367518,69.64157150393,18.9416058261781
"PEAB EIENDOMSUTVIKLING AS",4367519,69.6414371973756,18.9414260956148
"PEAB EIENDOMSUTVIKLING AS",4367520,69.6414371973756,18.9414260956148
"PEAB EIENDOMSUTVIKLING AS",4367521,69.6415111668382,18.9422912891039
"PEAB EIENDOMSUTVIKLING AS",4367522,69.6415111668382,18.9422912891039
"PEAB EIENDOMSUTVIKLING AS",4367523,69.6415111668382,18.9422912891039
"PEAB EIENDOMSUTVIKLING AS",4367524,69.6415111668382,18.9422912891039
"PEAB EIENDOMSUTVIKLING AS",4367525,69.64157150393,18.9416058261781
"PEAB EIENDOMSUTVIKLING AS",4367526,69.64157150393,18.9416058261781
"PEAB EIENDOMSUTVIKLING AS",4367527,69.64157150393,18.9416058261781
"PEAB EIENDOMSUTVIKLING AS",4367528,69.6414371973756,18.9414260956148
"PEAB EIENDOMSUTVIKLING AS",4367529,69.6414371973756,18.9414260956148
"PEAB EIENDOMSUTVIKLING AS",4367530,69.6415111668382,18.9422912891039
"PEAB EIENDOMSUTVIKLING AS",4367531,69.6415111668382,18.9422912891039
"PEAB EIENDOMSUTVIKLING AS",4367532,69.64157150393,18.9416058261781
"PEAB EIENDOMSUTVIKLING AS",4367533,69.64157150393,18.9416058261781
"PEAB EIENDOMSUTVIKLING AS",4367534,69.64157150393,18.9416058261781
"PEAB EIENDOMSUTVIKLING AS",4367535,69.64157150393,18.9416058261781
"PEAB EIENDOMSUTVIKLING AS",4367536,69.64157150393,18.9416058261781
"PEAB EIENDOMSUTVIKLING AS",4367537,69.64157150393,18.9416058261781
"PEAB EIENDOMSUTVIKLING AS",4367538,69.6414371973756,18.9414260956148
"PEAB EIENDOMSUTVIKLING AS",4367539,69.6414371973756,18.9414260956148
"PEAB EIENDOMSUTVIKLING AS",268942967,69.6409131177581,18.9437567817881
"PEAB EIENDOMSUTVIKLING AS",268942968,69.6409131177581,18.9437567817881
"PEAB EIENDOMSUTVIKLING AS",268942969,69.6409131177581,18.9437567817881
"PEAB EIENDOMSUTVIKLING AS",268942970,69.6409131177581,18.9437567817881
"PEAB EIENDOMSUTVIKLING AS",268942971,69.6409131177581,18.9437567817881
"PEAB EIENDOMSUTVIKLING AS",268942972,69.6409131177581,18.9437567817881
"PEAB EIENDOMSUTVIKLING AS",268942973,69.6409131177581,18.9437567817881
"PEAB EIENDOMSUTVIKLING AS",268942974,69.6409131177581,18.9437567817881
"PEAB EIENDOMSUTVIKLING AS",268942975,69.6409131177581,18.9437567817881
"PEAB EIENDOMSUTVIKLING AS",268942976,69.6409131177581,18.9437567817881
"PEAB EIENDOMSUTVIKLING AS",268942977,69.6409131177581,18.9437567817881
"PEAB EIENDOMSUTVIKLING AS",268942978,69.6409131177581,18.9437567817881
"PEAB EIENDOMSUTVIKLING AS",268942981,69.6409131177581,18.9437567817881
"PEAB EIENDOMSUTVIKLING AS",268942982,69.6409131177581,18.9437567817881
"PEAB EIENDOMSUTVIKLING AS",268942983,69.6409131177581,18.9437567817881
"PEAB EIENDOMSUTVIKLING AS",268942984,69.6409131177581,18.9437567817881
"PEAB EIENDOMSUTVIKLING AS",268942985,69.6409131177581,18.9437567817881
"PEAB EIENDOMSUTVIKLING AS",269448213,69.6412823191951,18.9429196716709
"PEAB EIENDOMSUTVIKLING AS",269448214,69.6412823191951,18.9429196716709
"PEAB EIENDOMSUTVIKLING AS",269448215,69.6411381220648,18.943339279241
"PEAB EIENDOMSUTVIKLING AS",269448216,69.6411381220648,18.943339279241
"PEAB EIENDOMSUTVIKLING AS",269448217,69.6411381220648,18.943339279241
"PEAB EIENDOMSUTVIKLING AS",269448218,69.6412823191951,18.9429196716709
"PEAB EIENDOMSUTVIKLING AS",269448219,69.6412823191951,18.9429196716709
"PEAB EIENDOMSUTVIKLING AS",269448220,69.6411381220648,18.943339279241
"PEAB EIENDOMSUTVIKLING AS",269448221,69.6411381220648,18.943339279241
"PEAB EIENDOMSUTVIKLING AS",269448222,69.6411381220648,18.943339279241
"PEAB EIENDOMSUTVIKLING AS",269448223,69.6412823191951,18.9429196716709
"PEAB EIENDOMSUTVIKLING AS",269448224,69.6412823191951,18.9429196716709
"PEAB EIENDOMSUTVIKLING AS",269448232,69.6412823191951,18.9429196716709
"PEAB EIENDOMSUTVIKLING AS",269448233,69.6412823191951,18.9429196716709
"PEAB EIENDOMSUTVIKLING AS",269448234,69.6411381220648,18.943339279241
"PEAB EIENDOMSUTVIKLING AS",269448235,69.6411381220648,18.943339279241
"PEAB EIENDOMSUTVIKLING AS",269448236,69.6411381220648,18.943339279241
"PEAB EIENDOMSUTVIKLING AS",269448237,69.6411381220648,18.943339279241
"PEAB EIENDOMSUTVIKLING AS",269448238,69.6412823191951,18.9429196716709
"PEAB EIENDOMSUTVIKLING AS",269448239,69.6412823191951,18.9429196716709
"PEAB EIENDOMSUTVIKLING AS",269448240,69.6412823191951,18.9429196716709
"PEAB EIENDOMSUTVIKLING AS",269448241,69.6412823191951,18.9429196716709
"PEAB EIENDOMSUTVIKLING AS",269448242,69.6411381220648,18.943339279241
"PEAB EIENDOMSUTVIKLING AS",269448243,69.6411381220648,18.943339279241
"PEAB EIENDOMSUTVIKLING AS",269448244,69.6411381220648,18.943339279241
"PEAB EIENDOMSUTVIKLING AS",269448245,69.6411381220648,18.943339279241
"PEAB EIENDOMSUTVIKLING AS",269448246,69.6412823191951,18.9429196716709
"PEAB EIENDOMSUTVIKLING AS",269448247,69.6412823191951,18.9429196716709
"PEAB EIENDOMSUTVIKLING AS",269448248,69.6412823191951,18.9429196716709
"PEAB EIENDOMSUTVIKLING AS",269448249,69.6412823191951,18.9429196716709
"PEAB EIENDOMSUTVIKLING AS",269448250,69.6411381220648,18.943339279241
"PEAB EIENDOMSUTVIKLING AS",269448251,69.6411381220648,18.943339279241
"PEAB EIENDOMSUTVIKLING AS",269448252,69.6411381220648,18.943339279241
"PEAB EIENDOMSUTVIKLING AS",269448255,69.6411381220648,18.943339279241
"PEAB EIENDOMSUTVIKLING AS",269448256,69.6412823191951,18.9429196716709
"PEAB EIENDOMSUTVIKLING AS",269448257,69.6412823191951,18.9429196716709
"PEAB EIENDOMSUTVIKLING AS",269448258,69.6412823191951,18.9429196716709
"PEAB EIENDOMSUTVIKLING AS",269448259,69.6412823191951,18.9429196716709
"CONSEPT EIENDOM AS",3125509,69.6877287208493,19.0717187244097
"CONSEPT EIENDOM AS",3136999,69.6741627895456,18.9410341501847
"CONSEPT EIENDOM AS",4131102,69.6547679101718,18.9385952687418
"CONSEPT EIENDOM AS",4131103,69.6548060058014,18.9384990636
"CONSEPT EIENDOM AS",4131104,69.6548573739948,18.9386118664939
"CONSEPT EIENDOM AS",4131105,69.6549494310597,18.9389129477019
"CONSEPT EIENDOM AS",4131106,69.6549875268636,18.9388167423205
"CONSEPT EIENDOM AS",4209906,69.6558628293987,18.9589894696006
"CONSEPT EIENDOM AS",4209907,69.6558628293987,18.9589894696006
"CONSEPT EIENDOM AS",4209908,69.6558628293987,18.9589894696006
"CONSEPT EIENDOM AS",4209909,69.6558628293987,18.9589894696006
"CONSEPT EIENDOM AS",4209910,69.6558628293987,18.9589894696006
"CONSEPT EIENDOM AS",4209911,69.6558628293987,18.9589894696006
"CONSEPT EIENDOM AS",4316830,69.6667211180791,18.9631081276797
"CONSEPT EIENDOM AS",4316831,69.6667211180791,18.9631081276797
"CONSEPT EIENDOM AS",4316832,69.6667211180791,18.9631081276797
"CONSEPT EIENDOM AS",270915835,69.6528190235788,18.9541364013803
"CONSEPT EIENDOM AS",270915836,69.6528190235788,18.9541364013803
"CONSEPT EIENDOM AS",270915837,69.6528190235788,18.9541364013803
"CONSEPT EIENDOM AS",270915838,69.6528190235788,18.9541364013803
"CONSEPT EIENDOM AS",270915839,69.6528190235788,18.9541364013803
"CONSEPT EIENDOM AS",270915842,69.6528190235788,18.9541364013803
"CONSEPT EIENDOM AS",270915843,69.6528190235788,18.9541364013803
"CONSEPT EIENDOM AS",283655869,69.6581339355542,18.9509432501866
"CONSEPT EIENDOM AS",283655874,69.6582109500114,18.9510737876476
"JPB AS",3146514,69.6552020735108,18.9691423188567
"MYDLAND EIENDOM AS",3138079,69.6708069109267,18.922815284309
"INDUS AS",4099319,69.673231671679,18.9743511551537
"TROMSØ BETONG TEAM AS",3138514,69.6605647862854,18.9596341544381
"TROMSØ BETONG TEAM AS",3138941,69.6618191487628,18.9562007422819
"TROMSØ BETONG TEAM AS",3142038,69.6858531428037,18.9993170874303
"TROMSØ BETONG TEAM AS",455842217,69.6460048545561,18.9481965646401
"FDV TROMS AS",4212844,69.6671899988347,18.9685949780908
"FDV TROMS AS",4212846,69.6672384372179,18.9688365456326
"FDV TROMS AS",298047532,69.6675489274788,19.0200661043887
"FDV TROMS AS",298047533,69.6675489274788,19.0200661043887
"FDV TROMS AS",298047534,69.6675489274788,19.0200661043887
"FDV TROMS AS",298047535,69.6675489274788,19.0200661043887
"FDV TROMS AS",298047536,69.6675489274788,19.0200661043887
"FDV TROMS AS",298047537,69.6675489274788,19.0200661043887
"FDV TROMS AS",298047538,69.6675489274788,19.0200661043887
"FDV TROMS AS",298047544,69.6675489274788,19.0200661043887
"FDV TROMS AS",298047545,69.6675489274788,19.0200661043887
"FDV TROMS AS",298047546,69.6675489274788,19.0200661043887
"FDV TROMS AS",298047547,69.6675489274788,19.0200661043887
"FDV TROMS AS",298047548,69.6675489274788,19.0200661043887
"FDV TROMS AS",298047549,69.6675489274788,19.0200661043887
"FDV TROMS AS",298047550,69.6675489274788,19.0200661043887
"FDV TROMS AS",298047551,69.6675489274788,19.0200661043887
"FDV TROMS AS",298047552,69.6675489274788,19.0200661043887
"FDV TROMS AS",298047553,69.6675489274788,19.0200661043887
"FDV TROMS AS",298047556,69.6675489274788,19.0200661043887
"FDV TROMS AS",298047559,69.6675489274788,19.0200661043887
"FDV TROMS AS",298047560,69.6675489274788,19.0200661043887
"FDV TROMS AS",298047561,69.6675489274788,19.0200661043887
"FDV TROMS AS",298047562,69.6675489274788,19.0200661043887
"FDV TROMS AS",298047563,69.6675489274788,19.0200661043887
"FDV TROMS AS",298047564,69.6675489274788,19.0200661043887
"FDV TROMS AS",298047565,69.6675489274788,19.0200661043887
"FDV TROMS AS",298047566,69.6675489274788,19.0200661043887
"FDV TROMS AS",298047567,69.6675489274788,19.0200661043887
"FDV TROMS AS",298047568,69.6675489274788,19.0200661043887
"FDV TROMS AS",298047569,69.6675489274788,19.0200661043887
"FDV TROMS AS",298047570,69.6675489274788,19.0200661043887
"FDV TROMS AS",298047571,69.6675489274788,19.0200661043887
"FDV TROMS AS",298047572,69.6675489274788,19.0200661043887
"FDV TROMS AS",298047573,69.6675489274788,19.0200661043887
"FDV TROMS AS",298047574,69.6675489274788,19.0200661043887
"FDV TROMS AS",298047575,69.6675489274788,19.0200661043887
"FDV TROMS AS",298047576,69.6675489274788,19.0200661043887
"FDV TROMS AS",298047577,69.6675489274788,19.0200661043887
"FDV TROMS AS",298047579,69.6675489274788,19.0200661043887
"FDV TROMS AS",298047584,69.6675489274788,19.0200661043887
"FDV TROMS AS",298047585,69.6675489274788,19.0200661043887
"FDV TROMS AS",298047586,69.6675489274788,19.0200661043887
"FDV TROMS AS",298047589,69.6675489274788,19.0200661043887
"FDV TROMS AS",298047590,69.6673968026529,19.0198435104529
"FDV TROMS AS",298047591,69.6673968026529,19.0198435104529
"FDV TROMS AS",298047592,69.6673968026529,19.0198435104529
"FDV TROMS AS",298047593,69.6673968026529,19.0198435104529
"FDV TROMS AS",298047594,69.6673968026529,19.0198435104529
"FDV TROMS AS",298047595,69.6673968026529,19.0198435104529
"FDV TROMS AS",298047596,69.6673968026529,19.0198435104529
"FDV TROMS AS",425900760,69.6678682638624,19.0189510819446
"FDV TROMS AS",425900763,69.6678682638624,19.0189510819446
"FDV TROMS AS",425900766,69.6678682638624,19.0189510819446
"FDV TROMS AS",425900769,69.6678682638624,19.0189510819446
"FDV TROMS AS",425900772,69.6678682638624,19.0189510819446
"FDV TROMS AS",425900775,69.6678682638624,19.0189510819446
"FDV TROMS AS",425900778,69.6678682638624,19.0189510819446
"FDV TROMS AS",425900781,69.6678682638624,19.0189510819446
"FDV TROMS AS",425900784,69.6678682638624,19.0189510819446
"FDV TROMS AS",425900787,69.6678682638624,19.0189510819446
"FDV TROMS AS",425900790,69.6678682638624,19.0189510819446
"FDV TROMS AS",425900793,69.6678682638624,19.0189510819446
"FDV TROMS AS",425900796,69.6678682638624,19.0189510819446
"FDV TROMS AS",425900799,69.6678682638624,19.0189510819446
"FDV TROMS AS",425900802,69.6678682638624,19.0189510819446
"FDV TROMS AS",425900805,69.6678682638624,19.0189510819446
"FDV TROMS AS",425900808,69.6678682638624,19.0189510819446
"FDV TROMS AS",425900811,69.6678682638624,19.0189510819446
"FDV TROMS AS",425900814,69.6678682638624,19.0189510819446
"FDV TROMS AS",425900817,69.6678682638624,19.0189510819446
"FDV TROMS AS",425900820,69.6678682638624,19.0189510819446
"FDV TROMS AS",425900823,69.6678682638624,19.0189510819446
"FDV TROMS AS",425900826,69.6678682638624,19.0189510819446
"FDV TROMS AS",425900829,69.6678682638624,19.0189510819446
"FDV TROMS AS",425900832,69.6678682638624,19.0189510819446
"FDV TROMS AS",425900835,69.6678682638624,19.0189510819446
"FDV TROMS AS",425900838,69.6678682638624,19.0189510819446
"FDV TROMS AS",425900841,69.6678682638624,19.0189510819446
"FDV TROMS AS",425900844,69.6678682638624,19.0189510819446
"FDV TROMS AS",425900847,69.6678682638624,19.0189510819446
"FDV TROMS AS",425900850,69.6678682638624,19.0189510819446
"FDV TROMS AS",425900853,69.6678682638624,19.0189510819446
"FDV TROMS AS",425900856,69.6678682638624,19.0189510819446
"FDV TROMS AS",425900859,69.6678682638624,19.0189510819446
"FDV TROMS AS",425900862,69.6678682638624,19.0189510819446
"FDV TROMS AS",425900865,69.6678682638624,19.0189510819446
"FDV TROMS AS",425900868,69.6678682638624,19.0189510819446
"FDV TROMS AS",425900871,69.6678682638624,19.0189510819446
"FDV TROMS AS",425900874,69.6678682638624,19.0189510819446
"FDV TROMS AS",425900877,69.6678682638624,19.0189510819446
"FDV TROMS AS",425900880,69.6678682638624,19.0189510819446
"FDV TROMS AS",425900883,69.6678682638624,19.0189510819446
"FDV TROMS AS",425900886,69.6678682638624,19.0189510819446
"FDV TROMS AS",425900889,69.6678682638624,19.0189510819446
"FDV TROMS AS",425900892,69.6678682638624,19.0189510819446
"FDV TROMS AS",425900895,69.6678682638624,19.0189510819446
"FDV TROMS AS",425900898,69.6678682638624,19.0189510819446
"FDV TROMS AS",425900901,69.6678682638624,19.0189510819446
"FDV TROMS AS",425900904,69.6678682638624,19.0189510819446
"WILSGÅRD INVEST AS",4099069,69.6428456010652,18.9230185578291
"SKARSFJORD BRYGGE AS",3134609,69.9558751477692,18.7902350904533
"FRENO EIENDOM AS",3143615,69.5923853121798,18.0278945174006
"FRENO EIENDOM AS",3145431,69.6597039068004,18.9671176654533
"FRENO EIENDOM AS",3573855,69.5925752980494,18.0273427185215
"SENTRALE LEILIGHETER AS",3144969,69.6553684878516,18.9609886485373
"J/B INVEST AS",3449767,69.6762966551042,18.7527049281912
"SØRSTØA HOLDING AS",3495673,69.6420697483196,19.013463390236
"SØRSTØA HOLDING AS",3495674,69.6418517445051,19.0129396632754
"BØK AS",3136350,69.6686236270943,18.9604149577458
"ISRENNA HOLDING AS",3141891,69.685090697108,19.0016295851515
"REKVE EIENDOM AS",454922014,69.664441887092,18.9356976313003
"LA MANGA EIENDOM AS",4258217,69.6429715891497,18.9890748687186
"SCHENKER AS",3536924,69.6821932379883,18.9986756829962
"SOLLIGÅRDEN EIENDOMSUTVIKLING AS",3145599,69.6490373697634,18.9501283725721
"SOLLIGÅRDEN EIENDOMSUTVIKLING AS",3145601,69.6491513543556,18.950252821581
"SOLLIGÅRDEN EIENDOMSUTVIKLING AS",3145603,69.6492754435809,18.9503275281612
"SOLLIGÅRDEN EIENDOMSUTVIKLING AS",4179221,69.6489251226012,18.9499268141277
"SOLLIGÅRDEN EIENDOMSUTVIKLING AS",4310413,69.6566628865246,18.9605588380244
"SOLLIGÅRDEN EIENDOMSUTVIKLING AS",4310414,69.6566628865246,18.9605588380244
"SOLLIGÅRDEN EIENDOMSUTVIKLING AS",302102828,69.6453686400428,18.941897553105
"SOLLIGÅRDEN EIENDOMSUTVIKLING AS",302102829,69.6453686400428,18.941897553105
"SOLLIGÅRDEN EIENDOMSUTVIKLING AS",302102830,69.6453686400428,18.941897553105
"SOLLIGÅRDEN EIENDOMSUTVIKLING AS",302102831,69.6453686400428,18.941897553105
"SOLLIGÅRDEN EIENDOMSUTVIKLING AS",302102832,69.6453686400428,18.941897553105
"SOLLIGÅRDEN EIENDOMSUTVIKLING AS",302102833,69.6453686400428,18.941897553105
"SOLLIGÅRDEN EIENDOMSUTVIKLING AS",302102836,69.6453686400428,18.941897553105
"SOLLIGÅRDEN EIENDOMSUTVIKLING AS",302102837,69.6453686400428,18.941897553105
"SOLLIGÅRDEN EIENDOMSUTVIKLING AS",302102841,69.6453686400428,18.941897553105
"SOLLIGÅRDEN EIENDOMSUTVIKLING AS",302102842,69.6453686400428,18.941897553105
"SOLLIGÅRDEN EIENDOMSUTVIKLING AS",302102843,69.6453686400428,18.941897553105
"SOLLIGÅRDEN EIENDOMSUTVIKLING AS",302102844,69.6453686400428,18.941897553105
"SOLLIGÅRDEN EIENDOMSUTVIKLING AS",302102845,69.6453686400428,18.941897553105
"SOLLIGÅRDEN EIENDOMSUTVIKLING AS",302102846,69.6453686400428,18.941897553105
"SOLLIGÅRDEN EIENDOMSUTVIKLING AS",504728390,69.6450526848899,18.940966660127
"SOLLIGÅRDEN EIENDOMSUTVIKLING AS",504728393,69.6450526848899,18.940966660127
"SOLLIGÅRDEN EIENDOMSUTVIKLING AS",504728396,69.6450526848899,18.940966660127
"SOLLIGÅRDEN EIENDOMSUTVIKLING AS",504728399,69.6450526848899,18.940966660127
"SOLLIGÅRDEN EIENDOMSUTVIKLING AS",504728402,69.6450526848899,18.940966660127
"SOLLIGÅRDEN EIENDOMSUTVIKLING AS",504728405,69.6450526848899,18.940966660127
"SOLLIGÅRDEN EIENDOMSUTVIKLING AS",504728408,69.6450526848899,18.940966660127
"SOLLIGÅRDEN EIENDOMSUTVIKLING AS",504728411,69.6450526848899,18.940966660127
"SOLLIGÅRDEN EIENDOMSUTVIKLING AS",504728414,69.6450526848899,18.940966660127
"SOLLIGÅRDEN EIENDOMSUTVIKLING AS",504728417,69.6450526848899,18.940966660127
"SOLLIGÅRDEN EIENDOMSUTVIKLING AS",504728420,69.6450526848899,18.940966660127
"SOLLIGÅRDEN EIENDOMSUTVIKLING AS",504728423,69.6450526848899,18.940966660127
"SOLLIGÅRDEN EIENDOMSUTVIKLING AS",504728426,69.6450526848899,18.940966660127
"SOLLIGÅRDEN EIENDOMSUTVIKLING AS",504728429,69.6450526848899,18.940966660127
"SOLLIGÅRDEN EIENDOMSUTVIKLING AS",504728432,69.6450526848899,18.940966660127
"SOLLIGÅRDEN EIENDOMSUTVIKLING AS",504728435,69.6450526848899,18.940966660127
"NORVEGA AS",3145875,69.644174232707,18.936682575341
"TROMSØ NÆRINGSPARK AS",4296499,69.6748449319066,18.7570808866919
"TROMSØ NÆRINGSPARK AS",4296500,69.6747134629328,18.7569284073085
"SOLNESSET EIENDOM AS",3546742,69.6969331516772,18.9531711184421
"SOLNESSET EIENDOM AS",3563250,69.6974136391347,18.9580442538402
"SOLNESSET EIENDOM AS",3563252,69.697338067482,18.955616419045
"SOLNESSET EIENDOM AS",3563253,69.6968078907665,18.946356962
"SOLNESSET EIENDOM AS",3575940,69.6973061771067,18.9561149359137
"SOLNESSET EIENDOM AS",3575943,69.6974695154023,18.9575579793491
"SOLNESSET EIENDOM AS",3605472,69.6971000119568,18.9497874165441
"SOLNESSET EIENDOM AS",3605473,69.6970705671894,18.9495387482718
"SOLNESSET EIENDOM AS",3605474,69.6970285458495,18.9492101261553
"SOLNESSET EIENDOM AS",3605475,69.6970079048279,18.9489294701765
"SOLNESSET EIENDOM AS",3614805,69.6969611455395,18.9486517067724
"SOLNESSET EIENDOM AS",3614806,69.6969369570884,18.9483289994979
"SOLNESSET EIENDOM AS",3614807,69.6969283442292,18.9481126751464
"SOLNESSET EIENDOM AS",3614808,69.6968957875753,18.9477625397943
"SOLNESSET EIENDOM AS",3614809,69.6968741599493,18.9475256819137
"SOLNESSET EIENDOM AS",3614810,69.6968654358233,18.9472343159862
"SOLNESSET EIENDOM AS",3614811,69.6968490015572,18.9470061877217
"SOLNESSET EIENDOM AS",3614812,69.6968318197287,18.9467313553017
"SOLNESSET EIENDOM AS",4309279,69.6967679456594,18.9509310184708
"SOLNESSET EIENDOM AS",4309280,69.6967713066493,18.9507816016229
"SOLNESSET EIENDOM AS",4309281,69.6968135133628,18.9509421050518
"SOLNESSET EIENDOM AS",4309282,69.6968168743631,18.9507926878851
"SOLNESSET EIENDOM AS",4309283,69.6967642327766,18.9514554790738
"SOLNESSET EIENDOM AS",4309284,69.6967641316402,18.9513002424999
"SOLNESSET EIENDOM AS",4309285,69.6968053853002,18.9514631561561
"SOLNESSET EIENDOM AS",4309286,69.6968077941678,18.9513161484091
"SOLNESSET EIENDOM AS",4339578,69.6972405108631,18.9530861968261
"SOLNESSET EIENDOM AS",4339579,69.6972204976567,18.952937588498
"SOLNESSET EIENDOM AS",4339580,69.6972405108631,18.9530861968261
"SOLNESSET EIENDOM AS",4339581,69.6971060422504,18.9523548478215
"SOLNESSET EIENDOM AS",4339582,69.6971060422504,18.9523548478215
"SOLNESSET EIENDOM AS",4339583,69.6970896068976,18.952206908823
"SOLNESSET EIENDOM AS",4339684,69.6976508740066,18.9558481723382
"SOLNESSET EIENDOM AS",4339685,69.6976753482863,18.9560778196675
"SOLNESSET EIENDOM AS",4343350,69.6976017193058,18.9563952129976
"SOLNESSET EIENDOM AS",4343351,69.6976054524145,18.9565485478377
"SOLNESSET EIENDOM AS",4343354,69.6975591493748,18.9568891530476
"SOLNESSET EIENDOM AS",4343355,69.6975823894435,18.9570538933362
"SOLNESSET EIENDOM AS",4359962,69.6967720402426,18.9492709540799
"SOLNESSET EIENDOM AS",4359963,69.6967948175457,18.9495364839169
"SOLNESSET EIENDOM AS",4367865,69.6979275771385,18.9462628933606
"SOLNESSET EIENDOM AS",4367866,69.6979143414516,18.9460922664832
"SOLNESSET EIENDOM AS",4368085,69.6980842821979,18.9475649497532
"SOLNESSET EIENDOM AS",4368086,69.6980438616637,18.9474047767514
"SOLNESSET EIENDOM AS",4368087,69.6979896960365,18.946936764844
"SOLNESSET EIENDOM AS",4368088,69.6979680936406,18.9467387068961
"SOLNESSET EIENDOM AS",260684360,69.6972131825344,18.9469110696667
"SOLNESSET EIENDOM AS",260684361,69.6972131825344,18.9469110696667
"SOLNESSET EIENDOM AS",260684362,69.6972131825344,18.9469110696667
"SOLNESSET EIENDOM AS",260684363,69.6971878487014,18.9463992964927
"SOLNESSET EIENDOM AS",260684364,69.6971984529015,18.946647037543
"SOLNESSET EIENDOM AS",260684365,69.6972883681813,18.9480426710243
"SOLNESSET EIENDOM AS",260684366,69.6972883681813,18.9480426710243
"SOLNESSET EIENDOM AS",260684367,69.6972883681813,18.9480426710243
"SOLNESSET EIENDOM AS",260684368,69.6972883681813,18.9480426710243
"SOLNESSET EIENDOM AS",260684369,69.6972883681813,18.9480426710243
"SOLNESSET EIENDOM AS",260684370,69.6972883681813,18.9480426710243
"SOLNESSET EIENDOM AS",260684371,69.697242941206,18.9472658612901
"SOLNESSET EIENDOM AS",260684372,69.6972574962075,18.9475376230412
"SOLNESSET EIENDOM AS",260684374,69.6972883681813,18.9480426710243
"SOLNESSET EIENDOM AS",260684375,69.6972883681813,18.9480426710243
"SOLNESSET EIENDOM AS",260684376,69.6972883681813,18.9480426710243
"SOLNESSET EIENDOM AS",260684379,69.6973053801875,18.9482450425375
"SOLNESSET EIENDOM AS",260684380,69.6973235441606,18.9484760864119
"SOLNESSET EIENDOM AS",260684381,69.6973404977493,18.9486810348253
"SOLNESSET EIENDOM AS",279677610,69.6966424895653,18.9473609207522
"SOLNESSET EIENDOM AS",279677611,69.696610783474,18.9472127307941
"SOLNESSET EIENDOM AS",279677612,69.6966224298913,18.9469743162013
"SOLNESSET EIENDOM AS",279677613,69.6965869134152,18.9468357647416
"SOLNESSET EIENDOM AS",283664171,69.6985553095097,18.9533445345804
"SOLNESSET EIENDOM AS",283664172,69.6985280649507,18.9530781438171
"SOLNESSET EIENDOM AS",297725991,69.6967576500033,18.9453542136501
"SOLNESSET EIENDOM AS",297725992,69.6967462605214,18.9451813538398
"SOLNESSET EIENDOM AS",297725993,69.6967370028038,18.9450735648617
"SOLNESSET EIENDOM AS",297725994,69.6967299393058,18.9449480760516
"SOLNESSET EIENDOM AS",297725995,69.6967156029806,18.9448264067513
"SOLNESSET EIENDOM AS",297725996,69.6967061758042,18.9446461522733
"SOLNESSET EIENDOM AS",297725997,69.6966796390252,18.944387690726
"SOLNESSET EIENDOM AS",297725999,69.6966322751912,18.943936506058
"SOLNESSET EIENDOM AS",297726000,69.696742770899,18.9446167501291
"SOLNESSET EIENDOM AS",297726001,69.6967180233335,18.9443586213564
"SOLNESSET EIENDOM AS",297726002,69.6966843869561,18.9440962511952
"SOLNESSET EIENDOM AS",297726003,69.6965419139398,18.9433997112109
"SOLNESSET EIENDOM AS",297726004,69.6965345600563,18.943287104822
"SOLNESSET EIENDOM AS",297726005,69.6965287640162,18.9431851361808
"SOLNESSET EIENDOM AS",297726006,69.6965167669283,18.9429992320853
"SOLNESSET EIENDOM AS",297726007,69.6964850536244,18.9429312429219
"SOLNESSET EIENDOM AS",381318567,69.698378620914,18.9507761371058
"SOLNESSET EIENDOM AS",381318570,69.6983906350757,18.9510008738664
"SOLNESSET EIENDOM AS",460603142,69.6977163372615,18.9507043433354
"SOLNESSET EIENDOM AS",460603145,69.6977163372615,18.9507043433354
"SOLNESSET EIENDOM AS",460603148,69.6977163372615,18.9507043433354
"SOLNESSET EIENDOM AS",460603151,69.6977301474807,18.9514882171686
"SOLNESSET EIENDOM AS",460603154,69.6977301474807,18.9514882171686
"SOLNESSET EIENDOM AS",460603157,69.6977301474807,18.9514882171686
"SOLNESSET EIENDOM AS",460603160,69.6977163372615,18.9507043433354
"SOLNESSET EIENDOM AS",460603163,69.6977163372615,18.9507043433354
"SOLNESSET EIENDOM AS",460603166,69.6977163372615,18.9507043433354
"SOLNESSET EIENDOM AS",460603169,69.6977301474807,18.9514882171686
"SOLNESSET EIENDOM AS",460603172,69.6977301474807,18.9514882171686
"SOLNESSET EIENDOM AS",460603175,69.6977301474807,18.9514882171686
"SOLNESSET EIENDOM AS",460603178,69.6976963075126,18.9522735493929
"SOLNESSET EIENDOM AS",460603181,69.6976963075126,18.9522735493929
"SOLNESSET EIENDOM AS",460603184,69.6977163372615,18.9507043433354
"SOLNESSET EIENDOM AS",460603187,69.6977163372615,18.9507043433354
"SOLNESSET EIENDOM AS",460603190,69.6977163372615,18.9507043433354
"SOLNESSET EIENDOM AS",460603193,69.6977301474807,18.9514882171686
"SOLNESSET EIENDOM AS",460603196,69.6977301474807,18.9514882171686
"SOLNESSET EIENDOM AS",460603199,69.6977301474807,18.9514882171686
"SOLNESSET EIENDOM AS",460603202,69.6976963075126,18.9522735493929
"SOLNESSET EIENDOM AS",460603205,69.6976963075126,18.9522735493929
"SOLNESSET EIENDOM AS",460603208,69.6977163372615,18.9507043433354
"SOLNESSET EIENDOM AS",460603211,69.6977301474807,18.9514882171686
"SOLNESSET EIENDOM AS",460603214,69.6976963075126,18.9522735493929
"SOLNESSET EIENDOM AS",460603217,69.6976963075126,18.9522735493929
"SOLNESSET EIENDOM AS",598725347,69.69749549551,18.943701423505
"SOLNESSET EIENDOM AS",600987865,69.6973864967223,18.9543034827964
"SOLNESSET EIENDOM AS",600987868,69.6973864967223,18.9543034827964
"SOLNESSET EIENDOM AS",600987871,69.6973864967223,18.9543034827964
"SOLNESSET EIENDOM AS",600987874,69.6973864967223,18.9543034827964
"SOLNESSET EIENDOM AS",600987877,69.6972439800014,18.9541294156205
"SOLNESSET EIENDOM AS",600987880,69.6972439800014,18.9541294156205
"SOLNESSET EIENDOM AS",600987883,69.6973864967223,18.9543034827964
"SOLNESSET EIENDOM AS",600987886,69.6972439800014,18.9541294156205
"SOLNESSET EIENDOM AS",600987889,69.6972439800014,18.9541294156205
"SOLNESSET EIENDOM AS",600987892,69.6972439800014,18.9541294156205
"SOLNESSET EIENDOM AS",613931814,69.6972743065762,18.9503062785133
"SOLNESSET EIENDOM AS",613931817,69.6973354421193,18.9505039465675
"SOLNESSET EIENDOM AS",613931820,69.6974162916069,18.9506639002578
"SOLNESSET EIENDOM AS",613931823,69.697392952149,18.9509027284644
"SOLNESSET EIENDOM AS",613931826,69.6974159587685,18.9511579628643
"SOLNESSET EIENDOM AS",613931829,69.6973647947783,18.9514355794298
"SOLNESSET EIENDOM AS",613931832,69.6973872537665,18.9516751897905
"SOLNESSET EIENDOM AS",613931835,69.6973091748754,18.9518313667381
"SOLNESSET EIENDOM AS",613931838,69.6971207048672,18.9507846843244
"SOLNESSET EIENDOM AS",613931841,69.6971494089283,18.9509064536495
"SOLNESSET EIENDOM AS",613931844,69.6970937142882,18.9511858091279
"SOLNESSET EIENDOM AS",613931847,69.6971131820937,18.951318790901
"SOLNESSET EIENDOM AS",613931850,69.6970917394257,18.9516329920529
"SOLNESSET EIENDOM AS",613931853,69.69710537548,18.9517855822861
"SOLNESSET EIENDOM AS",842578983,69.6970704983867,18.9451046353178
"SOLNESSET EIENDOM AS",842578986,69.6970704983867,18.9451046353178
"SOLNESSET EIENDOM AS",842578989,69.6970704983867,18.9451046353178
"SOLNESSET EIENDOM AS",842578992,69.6970704983867,18.9451046353178
"SOLNESSET EIENDOM AS",842578995,69.6969716968229,18.9443437724674
"SOLNESSET EIENDOM AS",842578998,69.6969716968229,18.9443437724674
"SOLNESSET EIENDOM AS",842579001,69.6969716968229,18.9443437724674
"SOLNESSET EIENDOM AS",842579004,69.6968867394037,18.9436863861331
"SOLNESSET EIENDOM AS",842579007,69.6968867394037,18.9436863861331
"SOLNESSET EIENDOM AS",842579010,69.6968867394037,18.9436863861331
"SOLNESSET EIENDOM AS",842579013,69.6970704983867,18.9451046353178
"SOLNESSET EIENDOM AS",842579016,69.6970704983867,18.9451046353178
"SOLNESSET EIENDOM AS",842579019,69.6970704983867,18.9451046353178
"SOLNESSET EIENDOM AS",842579022,69.6970704983867,18.9451046353178
"SOLNESSET EIENDOM AS",842579025,69.6969716968229,18.9443437724674
"SOLNESSET EIENDOM AS",842579028,69.6969716968229,18.9443437724674
"SOLNESSET EIENDOM AS",842579031,69.6969716968229,18.9443437724674
"SOLNESSET EIENDOM AS",842579034,69.6968867394037,18.9436863861331
"SOLNESSET EIENDOM AS",842579037,69.6968867394037,18.9436863861331
"SOLNESSET EIENDOM AS",842579040,69.6968867394037,18.9436863861331
"SOLNESSET EIENDOM AS",842579043,69.6970704983867,18.9451046353178
"SOLNESSET EIENDOM AS",842579046,69.6970704983867,18.9451046353178
"SOLNESSET EIENDOM AS",842579049,69.6969716968229,18.9443437724674
"SOLNESSET EIENDOM AS",842579052,69.6969716968229,18.9443437724674
"SOLNESSET EIENDOM AS",842579055,69.6969716968229,18.9443437724674
"SOLNESSET EIENDOM AS",842579058,69.6968867394037,18.9436863861331
"SOLNESSET EIENDOM AS",882930808,69.6970859406072,18.9433768190856
"SOLNESSET EIENDOM AS",882930811,69.6971085532906,18.9436500754036
"SOLNESSET EIENDOM AS",882930814,69.6971344857435,18.9438954936274
"SOLNESSET EIENDOM AS",882930817,69.6971690480008,18.944116649516
"SOLNESSET EIENDOM AS",882930820,69.6972124715628,18.9443032383175
"SOLNESSET EIENDOM AS",882931432,69.6970222567813,18.9425319575573
"SOLNESSET EIENDOM AS",882931435,69.6970396221268,18.9427188650007
"SOLNESSET EIENDOM AS",882931438,69.6970535822508,18.9428973779714
"SOLNESSET EIENDOM AS",882931441,69.6970535822508,18.9428973779714
"SOLNESSET EIENDOM AS",882931444,69.6968679144973,18.9426041210108
"SOLNESSET EIENDOM AS",882931447,69.6969047609463,18.9427636099208
"SOLNESSET EIENDOM AS",882931450,69.696914278564,18.9428999034567
"SOLNESSET EIENDOM AS",1096476194,69.6975049765577,18.9460392830387
"SOLNESSET EIENDOM AS",1096476197,69.6975049765577,18.9460392830387
"SOLNESSET EIENDOM AS",1096476200,69.6975799729346,18.9461800204958
"SOLNESSET EIENDOM AS",1096476203,69.6975799729346,18.9461800204958
"SOLNESSET EIENDOM AS",1096476206,69.6976065018735,18.9465186929047
"SOLNESSET EIENDOM AS",1096476209,69.6976065018735,18.9465186929047
"SOLNESSET EIENDOM AS",1096476212,69.6976318882658,18.9466682982173
"SOLNESSET EIENDOM AS",1096476215,69.6976318882658,18.9466682982173
"SOLNESSET EIENDOM AS",1096476218,69.6976444179657,18.9470302340561
"SOLNESSET EIENDOM AS",1096476221,69.6976444179657,18.9470302340561
"SOLNESSET EIENDOM AS",1096476224,69.6976756927175,18.9471576540964
"SOLNESSET EIENDOM AS",1096476227,69.6976756927175,18.9471576540964
"SOLNESSET EIENDOM AS",1096476230,69.6976931894831,18.9474584272857
"SOLNESSET EIENDOM AS",1096476233,69.6976931894831,18.9474584272857
"SOLNESSET EIENDOM AS",1096476236,69.697691099435,18.9476313711732
"SOLNESSET EIENDOM AS",1096476239,69.6977120580721,18.9479379645145
"SOLNESSET EIENDOM AS",1096476242,69.6977120580721,18.9479379645145
"SOLNESSET EIENDOM AS",1096476245,69.6977428109907,18.9480885728006
"SOLNESSET EIENDOM AS",1096476248,69.6977428109907,18.9480885728006
"SOLNESSET EIENDOM AS",1096476251,69.6977631058529,18.9483846954266
"SOLNESSET EIENDOM AS",1096476254,69.6977631058529,18.9483846954266
"SOLNESSET EIENDOM AS",1096476257,69.6977581313746,18.9485260572953
"SOLNESSET EIENDOM AS",1096476260,69.6977581313746,18.9485260572953
"SOLNESSET EIENDOM AS",1096476263,69.6977800668239,18.9488690539761
"SOLNESSET EIENDOM AS",1096476266,69.6977800668239,18.9488690539761
"SOLNESSET EIENDOM AS",1096476269,69.6978089912053,18.9491409162463
"SOLNESSET EIENDOM AS",1096476272,69.6978089912053,18.9491409162463
"FOSS INVEST AS",929781331,69.6884846138033,19.0071969789692
"FOSS INVEST AS",929781343,69.6882540196857,19.006868906215
"HADSEL BEGRAVELSESBYRÅ AS",293126519,69.6634265632594,18.933182159842
"PEAB EIENDOMSUTVIKLING NORD AS",3140970,69.6406274797481,18.9340825718847
"PEAB EIENDOMSUTVIKLING NORD AS",973955158,69.6602366852674,18.963420916368
"PEAB EIENDOMSUTVIKLING NORD AS",973955161,69.6602366852674,18.963420916368
"PEAB EIENDOMSUTVIKLING NORD AS",1014547151,69.6498257505918,18.9028973425365
"PEAB EIENDOMSUTVIKLING NORD AS",1014547167,69.6497489800574,18.9028754896884
"PEAB EIENDOMSUTVIKLING NORD AS",1014547183,69.6496507944985,18.9028471201427
"PEAB EIENDOMSUTVIKLING NORD AS",1014547199,69.6495721564044,18.9028688031552
"PEAB EIENDOMSUTVIKLING NORD AS",1014547215,69.6494895446773,18.9027865121079
"PEAB EIENDOMSUTVIKLING NORD AS",1014547231,69.6497780530263,18.9035467634973
"PEAB EIENDOMSUTVIKLING NORD AS",1014547247,69.6497649065934,18.9037740671277
"PEAB EIENDOMSUTVIKLING NORD AS",1014547263,69.6497446809412,18.9039561899734
"PEAB EIENDOMSUTVIKLING NORD AS",1014547279,69.6497329651556,18.9041192280256
"PEAB EIENDOMSUTVIKLING NORD AS",1014547295,69.6497180858826,18.9043436312233
"PEAB EIENDOMSUTVIKLING NORD AS",1014547311,69.6496738686356,18.9049575508347
"PEAB EIENDOMSUTVIKLING NORD AS",1014547327,69.649601858045,18.9049236603976
"PEAB EIENDOMSUTVIKLING NORD AS",1014547343,69.6495228618207,18.9048807423846
"PEAB EIENDOMSUTVIKLING NORD AS",1014547359,69.6494490618629,18.904846523441
"PEAB EIENDOMSUTVIKLING NORD AS",1014547375,69.6493780246036,18.9047689343496
"PEAB EIENDOMSUTVIKLING NORD AS",1014547391,69.6493060139713,18.9047350450474
"PEAB EIENDOMSUTVIKLING NORD AS",1014547407,69.6492403233118,18.9046997369577
"PEAB EIENDOMSUTVIKLING NORD AS",1014547423,69.6496312158809,18.9057834073267
"PEAB EIENDOMSUTVIKLING NORD AS",1014547439,69.6495641586318,18.9056884786111
"PEAB EIENDOMSUTVIKLING NORD AS",1014547455,69.6494801381705,18.9056291471982
"PEAB EIENDOMSUTVIKLING NORD AS",1014547471,69.649413782099,18.905583389285
"PEAB EIENDOMSUTVIKLING NORD AS",1014547487,69.6493441477064,18.9056041368094
"PEAB EIENDOMSUTVIKLING NORD AS",1014547503,69.6492729746501,18.9055729798161
"PEAB EIENDOMSUTVIKLING NORD AS",1046911815,69.6493925690641,18.9011297064583
"PEAB EIENDOMSUTVIKLING NORD AS",1046911833,69.6495072961996,18.9011817550961
"PEAB EIENDOMSUTVIKLING NORD AS",1046911851,69.649614923091,18.9012299188422
"PEAB EIENDOMSUTVIKLING NORD AS",1046911869,69.649717847753,18.9012875436994
"PEAB EIENDOMSUTVIKLING NORD AS",1046911887,69.6498287100889,18.9013517896578
"PEAB EIENDOMSUTVIKLING NORD AS",1046911905,69.6499389637545,18.9014030187724
"PEAB EIENDOMSUTVIKLING NORD AS",1046911923,69.6493606704689,18.9019575328198
"PEAB EIENDOMSUTVIKLING NORD AS",1046911941,69.6494217738841,18.9019971518446
"PEAB EIENDOMSUTVIKLING NORD AS",1046911959,69.6494991166963,18.9019932953915
"PEAB EIENDOMSUTVIKLING NORD AS",1046911977,69.6495790655536,18.9020337964483
"PEAB EIENDOMSUTVIKLING NORD AS",1046911995,69.6496687986398,18.902078676762
"PEAB EIENDOMSUTVIKLING NORD AS",1046912013,69.6497326796888,18.9021549427844
"PEAB EIENDOMSUTVIKLING NORD AS",1046912031,69.6497876919645,18.9021857004534
"PEAB EIENDOMSUTVIKLING NORD AS",1046912049,69.6498883536154,18.9021835484753
"PEAB EIENDOMSUTVIKLING NORD AS",1046912067,69.6491906533348,18.9063244154143
"PEAB EIENDOMSUTVIKLING NORD AS",1046912085,69.6492970403898,18.9063878630644
"PEAB EIENDOMSUTVIKLING NORD AS",1046912103,69.6493876451668,18.9064742190496
"PEAB EIENDOMSUTVIKLING NORD AS",1046912121,69.6494934593408,18.9065633736813
"PEAB EIENDOMSUTVIKLING NORD AS",1046912139,69.6496104323824,18.9065952164292
"PEAB EIENDOMSUTVIKLING NORD AS",1150784457,69.6495005430769,18.9078578088381
"PEAB EIENDOMSUTVIKLING NORD AS",1150784460,69.6495005430769,18.9078578088381
"PEAB EIENDOMSUTVIKLING NORD AS",1150784463,69.6495005430769,18.9078578088381
"PEAB EIENDOMSUTVIKLING NORD AS",1150784466,69.6495005430769,18.9078578088381
"PEAB EIENDOMSUTVIKLING NORD AS",1150784469,69.6495005430769,18.9078578088381
"PEAB EIENDOMSUTVIKLING NORD AS",1150784472,69.6495005430769,18.9078578088381
"PEAB EIENDOMSUTVIKLING NORD AS",1150784475,69.6495005430769,18.9078578088381
"PEAB EIENDOMSUTVIKLING NORD AS",1150784478,69.6495005430769,18.9078578088381
"PEAB EIENDOMSUTVIKLING NORD AS",1150784481,69.6495005430769,18.9078578088381
"PEAB EIENDOMSUTVIKLING NORD AS",1150784484,69.6495005430769,18.9078578088381
"PEAB EIENDOMSUTVIKLING NORD AS",1150784487,69.6495005430769,18.9078578088381
"PEAB EIENDOMSUTVIKLING NORD AS",1150784490,69.6495005430769,18.9078578088381
"PEAB EIENDOMSUTVIKLING NORD AS",1150784493,69.6495005430769,18.9078578088381
"PEAB EIENDOMSUTVIKLING NORD AS",1150784496,69.6495005430769,18.9078578088381
"PEAB EIENDOMSUTVIKLING NORD AS",1150784499,69.6495005430769,18.9078578088381
"PEAB EIENDOMSUTVIKLING NORD AS",1150784502,69.6495005430769,18.9078578088381
"PEAB EIENDOMSUTVIKLING NORD AS",1150784505,69.6495005430769,18.9078578088381
"PEAB EIENDOMSUTVIKLING NORD AS",1150784508,69.6495005430769,18.9078578088381
"PEAB EIENDOMSUTVIKLING NORD AS",1150784511,69.6495005430769,18.9078578088381
"PEAB EIENDOMSUTVIKLING NORD AS",1150784514,69.6495005430769,18.9078578088381
"PEAB EIENDOMSUTVIKLING NORD AS",1150784517,69.6495005430769,18.9078578088381
"PEAB EIENDOMSUTVIKLING NORD AS",1150784520,69.6495005430769,18.9078578088381
"PEAB EIENDOMSUTVIKLING NORD AS",1150784523,69.6495005430769,18.9078578088381
"PEAB EIENDOMSUTVIKLING NORD AS",1150784526,69.6495005430769,18.9078578088381
"PEAB EIENDOMSUTVIKLING NORD AS",1150784529,69.6495005430769,18.9078578088381
"PEAB EIENDOMSUTVIKLING NORD AS",1150784532,69.6495005430769,18.9078578088381
"PEAB EIENDOMSUTVIKLING NORD AS",1150784535,69.6495005430769,18.9078578088381
"PEAB EIENDOMSUTVIKLING NORD AS",1150784538,69.6495005430769,18.9078578088381
"PEAB EIENDOMSUTVIKLING NORD AS",1150784541,69.6495005430769,18.9078578088381
"PEAB EIENDOMSUTVIKLING NORD AS",1150784544,69.6495005430769,18.9078578088381
"PEAB EIENDOMSUTVIKLING NORD AS",1150784547,69.6495005430769,18.9078578088381
"PEAB EIENDOMSUTVIKLING NORD AS",1150784550,69.6495005430769,18.9078578088381
"PEAB EIENDOMSUTVIKLING NORD AS",1150784553,69.6495005430769,18.9078578088381
"PEAB EIENDOMSUTVIKLING NORD AS",1150784556,69.6495005430769,18.9078578088381
"PEAB EIENDOMSUTVIKLING NORD AS",1150784559,69.6495005430769,18.9078578088381
"PEAB EIENDOMSUTVIKLING NORD AS",1150784562,69.6495005430769,18.9078578088381
"PEAB EIENDOMSUTVIKLING NORD AS",1150784565,69.6495005430769,18.9078578088381
"PEAB EIENDOMSUTVIKLING NORD AS",1150784568,69.6495005430769,18.9078578088381
"PEAB EIENDOMSUTVIKLING NORD AS",1150784571,69.6495005430769,18.9078578088381
"PEAB EIENDOMSUTVIKLING NORD AS",1150784574,69.6495005430769,18.9078578088381
"PEAB EIENDOMSUTVIKLING NORD AS",1150784577,69.6495005430769,18.9078578088381
"PEAB EIENDOMSUTVIKLING NORD AS",1150784580,69.6495005430769,18.9078578088381
"PEAB EIENDOMSUTVIKLING NORD AS",1150784583,69.6495005430769,18.9078578088381
"PEAB EIENDOMSUTVIKLING NORD AS",1150784586,69.6495005430769,18.9078578088381
"PEAB EIENDOMSUTVIKLING NORD AS",1150784589,69.6495005430769,18.9078578088381
"PEAB EIENDOMSUTVIKLING NORD AS",1150784592,69.6495005430769,18.9078578088381
"PEAB EIENDOMSUTVIKLING NORD AS",1150784595,69.6495005430769,18.9078578088381
"PEAB EIENDOMSUTVIKLING NORD AS",1150784598,69.6495005430769,18.9078578088381
"PEAB EIENDOMSUTVIKLING NORD AS",1150784601,69.6495005430769,18.9078578088381
"PEAB EIENDOMSUTVIKLING NORD AS",1150784604,69.6492150814435,18.9076065368098
"PEAB EIENDOMSUTVIKLING NORD AS",1150784607,69.6492150814435,18.9076065368098
"PEAB EIENDOMSUTVIKLING NORD AS",1150784610,69.6492150814435,18.9076065368098
"PEAB EIENDOMSUTVIKLING NORD AS",1150784613,69.6492150814435,18.9076065368098
"PEAB EIENDOMSUTVIKLING NORD AS",1150784616,69.6492150814435,18.9076065368098
"PEAB EIENDOMSUTVIKLING NORD AS",1150784619,69.6492150814435,18.9076065368098
"PEAB EIENDOMSUTVIKLING NORD AS",1150784622,69.6492150814435,18.9076065368098
"PEAB EIENDOMSUTVIKLING NORD AS",1150784625,69.6492150814435,18.9076065368098
"PEAB EIENDOMSUTVIKLING NORD AS",1150784628,69.6492150814435,18.9076065368098
"PEAB EIENDOMSUTVIKLING NORD AS",1150784631,69.6492150814435,18.9076065368098
"PEAB EIENDOMSUTVIKLING NORD AS",1150784634,69.6492150814435,18.9076065368098
"PEAB EIENDOMSUTVIKLING NORD AS",1150784637,69.6492150814435,18.9076065368098
"PEAB EIENDOMSUTVIKLING NORD AS",1150784640,69.6492150814435,18.9076065368098
"PEAB EIENDOMSUTVIKLING NORD AS",1150784643,69.6492150814435,18.9076065368098
"PEAB EIENDOMSUTVIKLING NORD AS",1150784646,69.6492150814435,18.9076065368098
"PEAB EIENDOMSUTVIKLING NORD AS",1150784649,69.6492150814435,18.9076065368098
"PEAB EIENDOMSUTVIKLING NORD AS",1150784652,69.6492150814435,18.9076065368098
"PEAB EIENDOMSUTVIKLING NORD AS",1150784655,69.6492150814435,18.9076065368098
"PEAB EIENDOMSUTVIKLING NORD AS",1150784658,69.6492150814435,18.9076065368098
"PEAB EIENDOMSUTVIKLING NORD AS",1150784661,69.6492150814435,18.9076065368098
"PEAB EIENDOMSUTVIKLING NORD AS",1150784664,69.6492150814435,18.9076065368098
"PEAB EIENDOMSUTVIKLING NORD AS",1150784667,69.6492150814435,18.9076065368098
"PEAB EIENDOMSUTVIKLING NORD AS",1150784670,69.6492150814435,18.9076065368098
"PEAB EIENDOMSUTVIKLING NORD AS",1150784673,69.6492150814435,18.9076065368098
"PEAB EIENDOMSUTVIKLING NORD AS",1150784676,69.6492150814435,18.9076065368098
"PEAB EIENDOMSUTVIKLING NORD AS",1150784679,69.6492150814435,18.9076065368098
"PEAB EIENDOMSUTVIKLING NORD AS",1150784682,69.6492150814435,18.9076065368098
"PEAB EIENDOMSUTVIKLING NORD AS",1150784685,69.6492150814435,18.9076065368098
"PEAB EIENDOMSUTVIKLING NORD AS",1150784688,69.6492150814435,18.9076065368098
"PEAB EIENDOMSUTVIKLING NORD AS",1150784691,69.6492150814435,18.9076065368098
"PEAB EIENDOMSUTVIKLING NORD AS",1150784694,69.6492150814435,18.9076065368098
"BENUM AS",3369400,69.6514577686956,18.946370908466
"FORHAABNINGEN AS",3138494,69.6578307181233,18.9419420467928
"FORHAABNINGEN AS",4292750,69.6577800076643,18.9420798140708
"FORHAABNINGEN AS",4292751,69.6577713200966,18.9421066047081
"FORHAABNINGEN AS",4306495,69.6578307181233,18.9419420467928
"FORHAABNINGEN AS",4306496,69.657851264489,18.9419871776895
"MÅLSELVKRAN AS",3144818,69.6408585668582,18.9383128982033
"SJØLUNDVEIEN 9 AS",4130093,69.6659733656846,18.9127773244068
"SJØLUNDVEIEN 9 AS",274689112,69.6659733656846,18.9127773244068
"KOMFORT INVEST AS",4167102,69.657617093942,18.9636547893928
"CHV AS",4237458,69.6623300628697,18.9282731938647
"OBSIDO EIENDOM AS",4276994,69.6763039338097,18.7543806547266
"OBSIDO EIENDOM AS",4276995,69.6763039338097,18.7543806547266
"OBSIDO EIENDOM AS",4284250,69.6761113930144,18.7552354628242
"OBSIDO EIENDOM AS",4284251,69.6761113930144,18.7552354628242
"FUTURE EIENDOM AS",234580870,69.6672679686606,18.9683253889147
"XCR INVEST AS",3146476,69.6524886696664,18.9560368765235
"FREJAN AS",4210731,69.6429848782396,18.9817745635461
"VANGBERG BOLIGUTVIKLING AS",302495795,69.6482603669893,18.9002145556529
"VANGBERG BOLIGUTVIKLING AS",302495796,69.6482603669893,18.9002145556529
"VANGBERG BOLIGUTVIKLING AS",302495797,69.6482603669893,18.9002145556529
"VANGBERG BOLIGUTVIKLING AS",302495798,69.6482603669893,18.9002145556529
"VANGBERG BOLIGUTVIKLING AS",302495799,69.6482255481501,18.9002855892353
"VANGBERG BOLIGUTVIKLING AS",302495800,69.6482420196842,18.9001105298719
"VANGBERG BOLIGUTVIKLING AS",302495801,69.6482636709249,18.899864155263
"VANGBERG BOLIGUTVIKLING AS",302495803,69.6479067768103,18.9007638736985
"VANGBERG BOLIGUTVIKLING AS",302495804,69.6479067768103,18.9007638736985
"VANGBERG BOLIGUTVIKLING AS",302495805,69.6479067768103,18.9007638736985
"VANGBERG BOLIGUTVIKLING AS",302495806,69.6479067768103,18.9007638736985
"VANGBERG BOLIGUTVIKLING AS",302495807,69.6479284369489,18.9008401170806
"VANGBERG BOLIGUTVIKLING AS",302495808,69.6479440715437,18.900662325888
"VANGBERG BOLIGUTVIKLING AS",302495809,69.6479586804924,18.9004095000313
"VANGBERG BOLIGUTVIKLING AS",302495810,69.6479699759684,18.9001844552913
"VANGBERG BOLIGUTVIKLING AS",302495811,69.6481502598384,18.9023365018927
"VANGBERG BOLIGUTVIKLING AS",302495812,69.6481502598384,18.9023365018927
"VANGBERG BOLIGUTVIKLING AS",302495813,69.6481502598384,18.9023365018927
"VANGBERG BOLIGUTVIKLING AS",302495814,69.6481502598384,18.9023365018927
"VANGBERG BOLIGUTVIKLING AS",302495815,69.6481502598384,18.9023365018927
"VANGBERG BOLIGUTVIKLING AS",302495818,69.6481502598384,18.9023365018927
"VANGBERG BOLIGUTVIKLING AS",302495819,69.6481502598384,18.9023365018927
"VANGBERG BOLIGUTVIKLING AS",302495820,69.6481502598384,18.9023365018927
"VANGBERG BOLIGUTVIKLING AS",302495821,69.6481502598384,18.9023365018927
"VANGBERG BOLIGUTVIKLING AS",302495822,69.6481502598384,18.9023365018927
"VANGBERG BOLIGUTVIKLING AS",302495823,69.6481502598384,18.9023365018927
"VANGBERG BOLIGUTVIKLING AS",302495824,69.6480750431532,18.9028904831742
"VANGBERG BOLIGUTVIKLING AS",302495825,69.6480878296396,18.9025986080973
"VANGBERG BOLIGUTVIKLING AS",302495826,69.6481087821804,18.902303071364
"VANGBERG BOLIGUTVIKLING AS",302495827,69.648127653669,18.9021413597782
"VANGBERG BOLIGUTVIKLING AS",302495828,69.6481435184415,18.9019532862618
"VANGBERG BOLIGUTVIKLING AS",302495829,69.6481549096216,18.901764390615
"VANGBERG BOLIGUTVIKLING AS",302495830,69.6479010084034,18.9017900099245
"VANGBERG BOLIGUTVIKLING AS",302495831,69.6479010084034,18.9017900099245
"VANGBERG BOLIGUTVIKLING AS",302495832,69.6479010084034,18.9017900099245
"VANGBERG BOLIGUTVIKLING AS",302495833,69.6479010084034,18.9017900099245
"VANGBERG BOLIGUTVIKLING AS",302495834,69.6479010084034,18.9017900099245
"VANGBERG BOLIGUTVIKLING AS",302495837,69.6479010084034,18.9017900099245
"VANGBERG BOLIGUTVIKLING AS",302495838,69.6479010084034,18.9017900099245
"VANGBERG BOLIGUTVIKLING AS",302495839,69.6479010084034,18.9017900099245
"VANGBERG BOLIGUTVIKLING AS",302495840,69.6479010084034,18.9017900099245
"VANGBERG BOLIGUTVIKLING AS",302495841,69.6479010084034,18.9017900099245
"VANGBERG BOLIGUTVIKLING AS",302495842,69.6479010084034,18.9017900099245
"VANGBERG BOLIGUTVIKLING AS",302495843,69.6479010084034,18.9017900099245
"VANGBERG BOLIGUTVIKLING AS",302495844,69.6479010084034,18.9017900099245
"VANGBERG BOLIGUTVIKLING AS",302495845,69.6479010084034,18.9017900099245
"VANGBERG BOLIGUTVIKLING AS",302495848,69.6479010084034,18.9017900099245
"VANGBERG BOLIGUTVIKLING AS",302495849,69.6479010084034,18.9017900099245
"VANGBERG BOLIGUTVIKLING AS",302495850,69.6479010084034,18.9017900099245
"VANGBERG BOLIGUTVIKLING AS",302495851,69.6479010084034,18.9017900099245
"VANGBERG BOLIGUTVIKLING AS",302495852,69.6479010084034,18.9017900099245
"VANGBERG BOLIGUTVIKLING AS",302495853,69.6479010084034,18.9017900099245
"VANGBERG BOLIGUTVIKLING AS",302495854,69.6478289560776,18.9022826265211
"VANGBERG BOLIGUTVIKLING AS",302495855,69.647843681784,18.9020246624509
"VANGBERG BOLIGUTVIKLING AS",302495856,69.647861814191,18.9017750666182
"VANGBERG BOLIGUTVIKLING AS",302495857,69.647874042642,18.9015889081108
"VANGBERG BOLIGUTVIKLING AS",302495858,69.6478845387446,18.9013998502985
"VANGBERG BOLIGUTVIKLING AS",302495859,69.6479000594972,18.9012272006696
"VANGBERG BOLIGUTVIKLING AS",302495860,69.6475867570407,18.9015000003945
"VANGBERG BOLIGUTVIKLING AS",302495861,69.6475867570407,18.9015000003945
"VANGBERG BOLIGUTVIKLING AS",302495862,69.6475867570407,18.9015000003945
"VANGBERG BOLIGUTVIKLING AS",302495863,69.6475867570407,18.9015000003945
"VANGBERG BOLIGUTVIKLING AS",302495864,69.6475867570407,18.9015000003945
"VANGBERG BOLIGUTVIKLING AS",302495865,69.6475867570407,18.9015000003945
"VANGBERG BOLIGUTVIKLING AS",302495866,69.6475867570407,18.9015000003945
"VANGBERG BOLIGUTVIKLING AS",302495867,69.6475867570407,18.9015000003945
"VANGBERG BOLIGUTVIKLING AS",302495868,69.6475867570407,18.9015000003945
"VANGBERG BOLIGUTVIKLING AS",302495869,69.6475867570407,18.9015000003945
"VANGBERG BOLIGUTVIKLING AS",302495870,69.6475867570407,18.9015000003945
"VANGBERG BOLIGUTVIKLING AS",302495871,69.6475867570407,18.9015000003945
"VANGBERG BOLIGUTVIKLING AS",302495872,69.6475867570407,18.9015000003945
"VANGBERG BOLIGUTVIKLING AS",302495873,69.6475867570407,18.9015000003945
"VANGBERG BOLIGUTVIKLING AS",302495874,69.6475867570407,18.9015000003945
"VANGBERG BOLIGUTVIKLING AS",302495875,69.6475867570407,18.9015000003945
"VANGBERG BOLIGUTVIKLING AS",302495886,69.6475867570407,18.9015000003945
"VANGBERG BOLIGUTVIKLING AS",302495887,69.6475867570407,18.9015000003945
"VANGBERG BOLIGUTVIKLING AS",302495888,69.6475867570407,18.9015000003945
"VANGBERG BOLIGUTVIKLING AS",302495890,69.6475430846631,18.9016055352183
"VANGBERG BOLIGUTVIKLING AS",302495893,69.6475486909611,18.9013536416857
"VANGBERG BOLIGUTVIKLING AS",302495894,69.6475496152394,18.9010699178714
"VANGBERG BOLIGUTVIKLING AS",302495895,69.6476093753821,18.9003221226842
"VANGBERG BOLIGUTVIKLING AS",302495896,69.6476093753821,18.9003221226842
"VANGBERG BOLIGUTVIKLING AS",302495897,69.6476093753821,18.9003221226842
"VANGBERG BOLIGUTVIKLING AS",302495898,69.6476093753821,18.9003221226842
"VANGBERG BOLIGUTVIKLING AS",302495899,69.6476093753821,18.9003221226842
"VANGBERG BOLIGUTVIKLING AS",302495900,69.6476093753821,18.9003221226842
"VANGBERG BOLIGUTVIKLING AS",302495901,69.6476093753821,18.9003221226842
"VANGBERG BOLIGUTVIKLING AS",302495902,69.6476093753821,18.9003221226842
"VANGBERG BOLIGUTVIKLING AS",302495903,69.6476093753821,18.9003221226842
"VANGBERG BOLIGUTVIKLING AS",302495906,69.6475668394921,18.9006188516452
"VANGBERG BOLIGUTVIKLING AS",302495907,69.6475725547885,18.9004831161455
"VANGBERG BOLIGUTVIKLING AS",302495908,69.6475762722244,18.9003160434657
"VANGBERG BOLIGUTVIKLING AS",302495909,69.6475805041887,18.9001258375697
"VANGBERG BOLIGUTVIKLING AS",302495910,69.6475780728922,18.8999524740396
"RIISE INVEST NORD AS",3140268,69.6696692293801,18.9690071691904
"HENRY JOHANSEN DRIFT AS",3134409,69.8328965373423,18.5899337089346
"SALT EIE AS",267802276,69.6863007271148,18.7405934014546
"SALT EIE AS",267802277,69.6863007271148,18.7405934014546
"SALT EIE AS",267802278,69.6863007271148,18.7405934014546
"SALT EIE AS",267802279,69.6863007271148,18.7405934014546
"SALT EIE AS",307739845,69.6863007271148,18.7405934014546
"BOLIG 43 AS",4099158,69.6448285353196,18.9275395116909
"VESTREGATA 36 AS",4324928,69.6506109944851,18.9532915603881
"VESTREGATA 36 AS",4324930,69.6507120791126,18.9533904021843
"VESTREGATA 36 AS",4324931,69.6507120791126,18.9533904021843
"VESTREGATA 36 AS",4324932,69.6507120791126,18.9533904021843
"VESTREGATA 36 AS",4324933,69.6507120791126,18.9533904021843
"VESTREGATA 36 AS",4324934,69.6507120791126,18.9533904021843
"VESTREGATA 36 AS",4324935,69.6507120791126,18.9533904021843
"VESTREGATA 36 AS",4324936,69.6507120791126,18.9533904021843
"VESTREGATA 36 AS",4353925,69.6507120791126,18.9533904021843
"VESTREGATA 36 AS",4353926,69.6507120791126,18.9533904021843
"VESTREGATA 36 AS",4353927,69.6507120791126,18.9533904021843
"VESTREGATA 36 AS",4353928,69.6507120791126,18.9533904021843
"VESTREGATA 36 AS",4353929,69.6507120791126,18.9533904021843
"BERNERS SØNN AS",3145381,69.64797223563,18.9603059914868
"STOKMO FOTO AS",4258211,69.6428811987429,18.9883095521921
"DUCO INVEST AS",3520773,69.6334766340731,17.9967852731187
"DUCO INVEST AS",3547448,69.6423245842855,17.9881910041486
"DUCO INVEST AS",4341337,69.6525588313904,18.952926232103
"DUCO INVEST AS",4341338,69.6525588313904,18.952926232103
"DUCO INVEST AS",4341339,69.6525588313904,18.952926232103
"DUCO INVEST AS",4341340,69.6525588313904,18.952926232103
"DUCO INVEST AS",4341341,69.6525588313904,18.952926232103
"BEL INVEST AS",3138574,69.6614581080702,18.9586644561256
"AQUAFOOD HOLDING AS",260395967,69.6360282224383,18.9351064414101
"AQUAFOOD HOLDING AS",260395971,69.6360282224383,18.9351064414101
"AQUAFOOD HOLDING AS",276168463,69.639275106281,18.9415332654607
"AQUAFOOD HOLDING AS",276168470,69.639275106281,18.9415332654607
"GIÆVER INVEST AS",3145405,69.6503754157012,18.942968948264
"GIÆVER INVEST AS",4099619,69.6502937708039,18.9422052163847
"GIÆVER INVEST AS",4099620,69.6502937708039,18.9422052163847
"GIÆVER INVEST AS",4099621,69.6502937708039,18.9422052163847
"GIÆVER INVEST AS",708130721,69.6501251220125,18.9428734286389
"GIÆVER INVEST AS",708130724,69.6501911484977,18.9429734516326
"GIÆVER INVEST AS",708130727,69.6502430646636,18.9430218108633
"GIÆVER INVEST AS",708130730,69.650361779562,18.9425766414311
"VESTREGATA 62 AS",3146483,69.6530872395593,18.9557869772863
"VOGNMANN O AS",3562947,69.6413031792546,18.9301129740558
"VOGNMANN O AS",3562948,69.641396398524,18.9302024635257
"VOGNMANN O AS",3562949,69.6414679430483,18.9302569818143
"VOGNMANN O AS",3562950,69.6417039153352,18.9299497283462
"VOGNMANN O AS",3562951,69.6417680176057,18.9300957576377
"VOGNMANN O AS",3562952,69.6418143996585,18.930230768915
"VOGNMANN O AS",3562953,69.6418997757404,18.9305097473422
"VOGNMANN O AS",3562954,69.6419837052176,18.9306929913966
"VOGNMANN O AS",3562955,69.6420530018373,18.9308477268479
"VOGNMANN O AS",3562956,69.6414387048018,18.9309998243253
"VOGNMANN O AS",3562957,69.6415374668946,18.9311625893187
"VOGNMANN O AS",3562958,69.6416200951535,18.9312836672769
"VOGNMANN O AS",3562959,69.6418468468267,18.9313875531825
"VOGNMANN O AS",3562960,69.6419655812798,18.9316211057142
"VOGNMANN O AS",4315384,69.6420425530835,18.9317540423937
"VOGNMANN O AS",4315385,69.6420425530835,18.9317540423937
"CONSTO AS",4267741,69.6640911899629,18.9305441990831
"CONSTO AS",4267747,69.6635970544349,18.9295434997145
"CONSTO AS",4267755,69.6637345231932,18.9298634057956
"STORGATA 92 AS",700251384,69.6511272597882,18.9570481222597
"STORGATA 92 AS",700251387,69.6511272597882,18.9570481222597
"STORGATA 92 AS",700251390,69.6511272597882,18.9570481222597
"STORGATA 92 AS",700251393,69.6511272597882,18.9570481222597
"STORGATA 92 AS",700251396,69.6511272597882,18.9570481222597
"STORGATA 92 AS",700251399,69.6511272597882,18.9570481222597
"STORGATA 92 AS",700251402,69.6511272597882,18.9570481222597
"STORGATA 92 AS",700251405,69.6511272597882,18.9570481222597
"STORGATA 92 AS",700251408,69.6511272597882,18.9570481222597
"STORGATA 92 AS",700251411,69.6511272597882,18.9570481222597
"NILSEN & SØN AS",270611851,69.6575308210212,18.2298513424431
"AKC KNUDSEN AS",3145944,69.6529932327187,18.9619396001448
"AKC KNUDSEN AS",3146158,69.64852020145,18.9549362450512
"COLLIN INVEST TROMSØ AS",3143837,69.6283882255176,18.1777246608142
"NØSTMYR EIENDOM AS",3146139,69.6473585992773,18.9536617379291
"NØSTMYR EIENDOM AS",3146284,69.6473481638899,18.9541243662718
"TOMASJORDVEIEN 219 EIENDOM AS",4277757,69.6721368025024,19.0424513672721
"TOMASJORDVEIEN 219 EIENDOM AS",4277758,69.6721019647063,19.0423646175158
"TOMASJORDVEIEN 219 EIENDOM AS",4277759,69.6720613933268,19.0422147552126
"TOMASJORDVEIEN 219 EIENDOM AS",4277760,69.6720094893798,19.0420498128296
"TOMASJORDVEIEN 219 EIENDOM AS",4277761,69.6719554405961,19.0418999674391
"TOMASJORDVEIEN 219 EIENDOM AS",4277762,69.6719174985896,19.0417919546011
"TOMASJORDVEIEN 219 EIENDOM AS",4277763,69.6718778914942,19.041717218713
"TOMASJORDVEIEN 219 EIENDOM AS",4277764,69.6721010483667,19.0417804200387
"ZAPPA AS",3145041,69.6493838187257,18.9574717934716
"REAL HOLD AS",276661446,69.6966224641121,18.9566753683813
"REAL HOLD AS",276661447,69.6966224641121,18.9566753683813
"REAL HOLD AS",276661448,69.6966224641121,18.9566753683813
"REAL HOLD AS",276661449,69.6966224641121,18.9566753683813
"REAL HOLD AS",276661450,69.6966224641121,18.9566753683813
"REAL HOLD AS",276661451,69.6966224641121,18.9566753683813
"REAL HOLD AS",276661452,69.6966224641121,18.9566753683813
"EVJENVEIEN 134 AS",3125673,69.6659200464296,19.0243377670591
"EVJENVEIEN 134 AS",3126450,69.6664673946822,19.0239765763557
"LIER HOLDING AS",3124595,69.7749685356375,19.3430353537881
"LIER HOLDING AS",3455577,69.7754288094222,19.3437224084007
"Anco Partner AS",3145949,69.6534370535065,18.9621773256288
"TROMSØYA EIENDOM AS",3137381,69.6533230997559,18.9293173839833
"OLDERVIK FISKERISERVICE AS",3504310,69.7550997093036,19.6761214442253
"OLSEN T HOLDING AS",4099770,69.6513491699397,18.951591016451
"TAJA EIENDOM AS",4212843,69.6670676639698,18.9684429244013
"TAJA EIENDOM AS",4212845,69.6670439522253,18.9686968269169
"MONSEN OLE JOHANNES AS",3136126,69.6852794852826,18.9528486849139
"MONSEN OLE JOHANNES AS",234591203,69.6650718036022,18.9310022125665
"KIRKEGÅRDSVEIEN 8 AS",298066056,69.6504474578671,18.9453571249625
"KIRKEGÅRDSVEIEN 8 AS",298066057,69.6504474578671,18.9453571249625
"KIRKEGÅRDSVEIEN 8 AS",298066058,69.6504474578671,18.9453571249625
"KIRKEGÅRDSVEIEN 8 AS",298066059,69.6504474578671,18.9453571249625
"TOMASJORD PARK AS",234614940,69.6615858373049,19.0171335977924
"TOMASJORD PARK AS",234614941,69.6614703261726,19.0169206026506
"TOMASJORD PARK AS",234614942,69.6608601588473,19.016102599834
"TOMASJORD PARK AS",234614943,69.6615266939912,19.0169700150949
"TOMASJORD PARK AS",234614944,69.6608508346378,19.0162351377165
"TOMASJORD PARK AS",234614945,69.6615850755125,19.0169707352073
"TOMASJORD PARK AS",234614946,69.6616409610886,19.0170019769074
"TOMASJORD PARK AS",234614947,69.6615023313089,19.0168569248564
"TOMASJORD PARK AS",234614948,69.6615572045507,19.0168931401537
"TOMASJORD PARK AS",234614949,69.6609083946406,19.0160755699537
"TOMASJORD PARK AS",234614950,69.6616506503271,19.016892748991
"TOMASJORD PARK AS",234614951,69.6608985881379,19.016189937649
"TOMASJORD PARK AS",234614952,69.6616870324694,19.0169125501375
"TOMASJORD PARK AS",234614953,69.6609602226101,19.0158916718464
"TOMASJORD PARK AS",234614954,69.6609537588852,19.0160170034974
"TOMASJORD PARK AS",234614955,69.6609151528454,19.0159373805732
"TOMASJORD PARK AS",234614956,69.6615214295411,19.0171214051456
"TOMASJORD PARK AS",234614957,69.6608433866819,19.0160503536931
"TOMASJORD PARK AS",234614958,69.6615539059832,19.0170371540891
"TOMASJORD PARK AS",234614959,69.6616153355747,19.0170616969051
"TOMASJORD PARK AS",234614960,69.6608841127048,19.0160373989909
"TOMASJORD PARK AS",234614961,69.6608797913295,19.0161476391485
"TOMASJORD PARK AS",234614962,69.6616185163588,19.0169228259281
"TOMASJORD PARK AS",234614963,69.6608692780684,19.0162928658148
"TOMASJORD PARK AS",234614964,69.6616644440608,19.0169573482388
"TOMASJORD PARK AS",234614965,69.6615881384219,19.0168370077761
"TOMASJORD PARK AS",234614966,69.6609339497049,19.0159796789602
"TOMASJORD PARK AS",234614967,69.661672992079,19.0168194929056
"TOMASJORD PARK AS",234614968,69.6609265913642,19.0161048411343
"TOMASJORD PARK AS",234614969,69.6608312610693,19.0161875267915
"TOMASJORD PARK AS",234614970,69.6609789017049,19.0159391135058
"TOMASJORD PARK AS",234614971,69.6608162780361,19.0161356192437
"TOMASJORD PARK AS",234614972,69.6615491825887,19.0172041437159
"TOMASJORD PARK AS",234614973,69.6616229449874,19.0167686941184
"TOMASJORD PARK AS",234614974,69.6614973724714,19.0170342008033
"TOMASJORD PARK AS",278687128,69.6611901692317,19.0167177701549
"TOMASJORD PARK AS",278687129,69.661221161944,19.0166590668385
"TOMASJORD PARK AS",278687130,69.6612669386627,19.0165824992828
"TOMASJORD PARK AS",278687131,69.6613040642993,19.0164913800175
"TOMASJORD PARK AS",278687132,69.6613520056713,19.0164772087547
"TOMASJORD PARK AS",278687133,69.6611682066322,19.0166567919038
"TOMASJORD PARK AS",278687134,69.6612021774699,19.0165857383293
"TOMASJORD PARK AS",278687135,69.6612508845084,19.0165381359982
"TOMASJORD PARK AS",278687136,69.6612935541261,19.0164403176488
"TOMASJORD PARK AS",278687137,69.6613419666533,19.0164055730507
"TOMASJORD PARK AS",278687138,69.6611478564244,19.0166038672992
"TOMASJORD PARK AS",278687139,69.661189160354,19.0165264533153
"TOMASJORD PARK AS",278687140,69.6612252736177,19.0164403082494
"TOMASJORD PARK AS",278687141,69.6612774887966,19.0163572104219
"TOMASJORD PARK AS",278687142,69.6613054443714,19.0163134283184
"TOMASJORD PARK AS",278687143,69.6611335802767,19.0165210991495
"TOMASJORD PARK AS",278687144,69.6611822172802,19.0164373246346
"TOMASJORD PARK AS",278687145,69.6612179771366,19.016366609275
"TOMASJORD PARK AS",278687146,69.6608992513375,19.0172593204685
"TOMASJORD PARK AS",278687147,69.6609804308928,19.0173237605212
"TOMASJORD PARK AS",278687148,69.6610536183629,19.0173841053195
"TOMASJORD PARK AS",278687149,69.661118695933,19.0174454979973
"TOMASJORD PARK AS",278687150,69.6609680795395,19.0175099635915
"TOMASJORD PARK AS",278687151,69.6609680795395,19.0175099635915
"TOMASJORD PARK AS",278687152,69.6609680795395,19.0175099635915
"TOMASJORD PARK AS",278687153,69.6609680795395,19.0175099635915
"TOMASJORD PARK AS",278687154,69.6609680795395,19.0175099635915
"TOMASJORD PARK AS",278687155,69.6609680795395,19.0175099635915
"TOMASJORD PARK AS",278687156,69.6609680795395,19.0175099635915
"TOMASJORD PARK AS",278687157,69.6609680795395,19.0175099635915
"TOMASJORD PARK AS",278687158,69.6609680795395,19.0175099635915
"TOMASJORD PARK AS",278687159,69.6609680795395,19.0175099635915
"TOMASJORD PARK AS",278687160,69.6609680795395,19.0175099635915
"TOMASJORD PARK AS",278687161,69.6609680795395,19.0175099635915
"TOMASJORD PARK AS",278687162,69.6609680795395,19.0175099635915
"TOMASJORD PARK AS",278687163,69.6609680795395,19.0175099635915
"TOMASJORD PARK AS",278687164,69.6609680795395,19.0175099635915
"TOMASJORD PARK AS",296820983,69.661118695933,19.0174454979973
"STYRO NOR EIENDOM AS",736279098,69.6385848331266,18.7247131339073
"STYRO NOR EIENDOM AS",736279101,69.6385848331266,18.7247131339073
"KRANE GLASS & FASADE AS",3138798,69.6639508068891,18.957683032183
"SENTRUMSEIENDOMMENE AS",3145460,69.6480323886642,18.9499156335394
"IMPETO AS",3145466,69.6468312287058,18.9479630548753
"TROMSØ BILOPPHUGGERI AS",3142320,69.6997703950008,19.0165670060773
"TROMSØ BILOPPHUGGERI AS",3599851,69.70054167744,19.0165088792012
"MAXINVEST AS",261786435,69.6344830948974,18.0141081545863
"MAXINVEST AS",261786436,69.6344830948974,18.0141081545863
"MAXINVEST AS",261786437,69.6344830948974,18.0141081545863
"MAXINVEST AS",261786438,69.6343982239987,18.0145549309387
"MAXINVEST AS",261786439,69.6343982239987,18.0145549309387
"MAXINVEST AS",261786440,69.6343982239987,18.0145549309387
"MAXINVEST AS",261786441,69.6344830948974,18.0141081545863
"MAXINVEST AS",261786442,69.6344830948974,18.0141081545863
"MAXINVEST AS",261786443,69.6344830948974,18.0141081545863
"MAXINVEST AS",261786444,69.6343982239987,18.0145549309387
"MAXINVEST AS",261786445,69.6343982239987,18.0145549309387
"MAXINVEST AS",261786446,69.6343982239987,18.0145549309387
"FRONT UTVIKLING AS",3129390,69.5499086775645,19.1951479265266
"FRONT UTVIKLING AS",3129392,69.5499086775645,19.1951479265266
"WIMAN AS",289520136,69.6448843518345,18.9302594539306
"WIMAN AS",289520137,69.6448843518345,18.9302594539306
"TAJ HOLDING AS",276168443,69.639275106281,18.9415332654607
"TAJ HOLDING AS",276168444,69.639275106281,18.9415332654607
"TAJ HOLDING AS",276168445,69.639275106281,18.9415332654607
"TAJ HOLDING AS",276168446,69.639275106281,18.9415332654607
"TAJ HOLDING AS",276168450,69.639275106281,18.9415332654607
"TAJ HOLDING AS",276168451,69.639275106281,18.9415332654607
"TAJ HOLDING AS",276168452,69.639275106281,18.9415332654607
"TAJ HOLDING AS",276168474,69.639275106281,18.9415332654607
"TAJ HOLDING AS",276168475,69.639275106281,18.9415332654607
"TAJ HOLDING AS",276168476,69.639275106281,18.9415332654607
"TAJ HOLDING AS",276168477,69.639275106281,18.9415332654607
"TAJ HOLDING AS",276168478,69.639275106281,18.9415332654607
"TAJ HOLDING AS",276168479,69.639275106281,18.9415332654607
"TAJ HOLDING AS",276168480,69.639205617934,18.9413475193747
"TAJ HOLDING AS",276168481,69.6391996655995,18.9416121481547
"TAJ HOLDING AS",276168482,69.6392355643612,18.9416936259518
"TAJ HOLDING AS",276168483,69.63930335789,18.941595265157
"TAJ HOLDING AS",276168484,69.6393264150339,18.9416485615299
"SKIPPERGATA 14 AS",4349886,69.6535023026868,18.9617945000861
"SKIPPERGATA 14 AS",4349887,69.653480983007,18.9617440508278
"SKIPPERGATA 14 AS",4349888,69.6534551902451,18.9616927669865
"SKIPPERGATA 14 AS",4349889,69.6534353693116,18.9616555061542
"SKIPPERGATA 14 AS",4349890,69.653427747664,18.9618735290853
"SKIPPERGATA 14 AS",4349891,69.653427747664,18.9618735290853
"SKIPPERGATA 14 AS",4349892,69.653427747664,18.9618735290853
"SKIPPERGATA 14 AS",4349893,69.6534083214864,18.9620970940527
"SKIPPERGATA 14 AS",4349894,69.653427747664,18.9618735290853
"SKIPPERGATA 14 AS",4349895,69.6534083214864,18.9620970940527
"SKIPPERGATA 14 AS",4349896,69.653427747664,18.9618735290853
"SKIPPERGATA 14 AS",4349897,69.6533802867149,18.9617872213414
"MILJØHUSET TROMSØ AS",3520259,69.6533943514092,18.9641856693224
"MILJØHUSET TROMSØ AS",256923997,69.6533127744058,18.9644957315187
"MILJØHUSET TROMSØ AS",256923998,69.6533127744058,18.9644957315187
"ELAR AS",3129596,69.5492431910626,19.1670337576161
"UELAND GUNNAR INGENIØR AS",570405164,69.663752846941,18.9113993067737
"PKL HOLDING AS",3138841,69.6653277921067,18.9567774672068
"BIL OG TRUCKSERVICE EIENDOM AS",3126543,69.6624807395822,19.018777874841
"SNG 21 AS",291308909,69.6828499028584,18.9914157482705
"FINNS HOLDING AS",4291742,69.6544904902791,18.9616768375873
"FINNS HOLDING AS",4291743,69.6544904902791,18.9616768375873
"FINNS HOLDING AS",4291744,69.6544904902791,18.9616768375873
"FINNS HOLDING AS",4291745,69.6544904902791,18.9616768375873
"FINNS HOLDING AS",4291746,69.6544904902791,18.9616768375873
"FINNS HOLDING AS",4291753,69.6544904902791,18.9616768375873
"FINNS HOLDING AS",4291756,69.6544904902791,18.9616768375873
"FINNS HOLDING AS",4291757,69.6544904902791,18.9616768375873
"FINNS HOLDING AS",4291761,69.6544904902791,18.9616768375873
"SNØTINDEN AS",3562175,69.5441715026893,18.9674332800044
"BARRAKUDA EIENDOM AS",4365188,69.6485609457043,18.9510179871448
"BARRAKUDA EIENDOM AS",904734907,69.6494178695815,18.9519801758325
"ASFALTTJENESTEN AS",3133636,69.6872760734677,18.7613707007795
"ENKON BYGG AS",4291749,69.6544904902791,18.9616768375873
"SMARTHOTEL TROMSØ EIENDOM AS",3146425,69.6490502393846,18.951550398775
"SKATTØRA NORD AS",3142298,69.6969746077133,19.0147147860614
"SKATTØRA NORD AS",3142299,69.6978331498795,19.0141013567864
"MELAN INVEST AS",4260116,69.7397381257672,19.1643662479907
"MELAN INVEST AS",4260117,69.7397381257672,19.1643662479907
"WR EIENDOM AS",3124662,69.7762044780111,19.3275428961878
"WR EIENDOM AS",3124706,69.7645717555165,19.2090613181735
"WR EIENDOM AS",3144642,69.6386359364983,17.9870358558015
"WR EIENDOM AS",3146418,69.6542653261964,18.9620995454927
"WR EIENDOM AS",1062863887,69.5631480057088,19.1895903559636
"WR EIENDOM AS",1062863899,69.5633213664105,19.188356730367
"NYLANDS HOLDING AS",4097957,69.6724268998607,19.041051752748
"KLØVERVEIEN 12 AS",3137883,69.664004929589,18.9156429533997
"ARCTIC HUNTING AS",3145355,69.6499842938271,18.9447806335326
"AMIO AS",4318276,69.6553870146936,18.9631506125638
"AMIO AS",4318277,69.6553870146936,18.9631506125638
"AMIO AS",4318278,69.6553870146936,18.9631506125638
"AMIO AS",4318279,69.6553870146936,18.9631506125638
"AMIO AS",4318282,69.6553870146936,18.9631506125638
"AMIO AS",4318283,69.6553870146936,18.9631506125638
"AMIO AS",4335007,69.6554721218734,18.9627637157562
"AMIO AS",4335008,69.6554721218734,18.9627637157562
"AMIO AS",4335009,69.6553760387867,18.9626425018653
"AMIO AS",4335010,69.6553760387867,18.9626425018653
"AMIO AS",4335011,69.6554721218734,18.9627637157562
"AMIO AS",4335012,69.6554721218734,18.9627637157562
"AMIO AS",4335014,69.6553760387867,18.9626425018653
"AMIO AS",4335015,69.6554721218734,18.9627637157562
"AMIO AS",4335016,69.6554721218734,18.9627637157562
"AMIO AS",4335017,69.6553760387867,18.9626425018653
"AMIO AS",4335018,69.6553760387867,18.9626425018653
"AMIO AS",306698350,69.6441784567558,18.9271638444439
"AMIO AS",306698351,69.6441499412521,18.9276746724002
"AMIO AS",306698352,69.6442048872762,18.9276280609476
"AMIO AS",487689609,69.7009783881805,18.9002062609843
"AMIO AS",487694599,69.7010495991513,18.9007213245154
"AMIO AS",487695019,69.7009412444551,18.9012317740125
"MIKKELSPLASS INVEST AS",257029812,69.6665880054562,19.0198917651298
"STRANDGATA 30 AS",3146293,69.6479347186925,18.9556015189942
"ÆRFUGLVEIEN 6 AS",3136711,69.6754900685278,18.9319255342575
"TROMSØ FISKEINDUSTRI AS",3138418,69.6711575738573,18.9742984181075
"TROMSØ FISKEINDUSTRI AS",3138441,69.6711575738573,18.9742984181075
"TROMSØ FISKEINDUSTRI AS",3138485,69.6711575738573,18.9742984181075
"HARILA EIENDOM AS",3141498,69.6282123447454,18.9165535539086
"INVESTEX LANDLORD AS",272505082,69.6434509129891,18.9901196911793
"INVESTEX LANDLORD AS",272505083,69.6434509129891,18.9901196911793
"INVESTEX LANDLORD AS",272505084,69.6434509129891,18.9901196911793
"INVESTEX LANDLORD AS",272505085,69.6434509129891,18.9901196911793
"MAXIHUS AS",268881251,69.6652916454081,18.9559105414855
"MAXIHUS AS",268881252,69.6652059451198,18.955806736686
"MAXIHUS AS",268881253,69.6653152961419,18.9557780447289
"MAXIHUS AS",268881254,69.6652233914498,18.9556705005104
"KM EIENDOM TROMSØ AS",3600789,69.5673925804478,19.140042968892
"PLAN & BYGG BOLIG AS",3138483,69.6642641896505,18.9601178616456
"PLAN & BYGG BOLIG AS",3145406,69.6508836516649,18.9423405445139
"T A B AS",3449756,69.6767129440519,18.7517191270831
"T A B AS",4369053,69.6815440010163,18.7748279875919
"RAMNBERGET EIENDOM AS",307850493,69.6187065640558,18.9414691760567
"RAMNBERGET EIENDOM AS",307850494,69.6186224400836,18.9414149262926
"RAMNBERGET EIENDOM AS",307850501,69.6185301487811,18.9413643184575
"RAMNBERGET EIENDOM AS",307850508,69.6187881026034,18.9421570016874
"RAMNBERGET EIENDOM AS",307850511,69.6187040644111,18.9421388491218
"RAMNBERGET EIENDOM AS",307850515,69.618608423682,18.9421572079425
"RAMNBERGET EIENDOM AS",307861100,69.6187522700978,18.9427509075918
"RAMNBERGET EIENDOM AS",307864347,69.6183013504028,18.9413915135593
"RAMNBERGET EIENDOM AS",307864348,69.6182185534376,18.9413581301599
"RAMNBERGET EIENDOM AS",307864349,69.6181275015325,18.94137218763
"RAMNBERGET EIENDOM AS",307864350,69.6180374617228,18.9413013794668
"RAMNBERGET EIENDOM AS",307864352,69.618325574661,18.9420712812591
"RAMNBERGET EIENDOM AS",307874137,69.618241913194,18.9419964966747
"RAMNBERGET EIENDOM AS",307874138,69.6181591741395,18.9419605443527
"RAMNBERGET EIENDOM AS",307874141,69.6180711250339,18.9419210309089
"RAMNBERGET EIENDOM AS",307874148,69.6184325653342,18.9427457730988
"RAMNBERGET EIENDOM AS",307874150,69.6182930898368,18.9426761044753
"RAMNBERGET EIENDOM AS",307886800,69.6181496035045,18.9425850743324
"RAMNBERGET EIENDOM AS",307886801,69.6180131586286,18.9425005052629
"Tegne og Byggeservice AS",270059130,69.5785973534795,18.638356997331
"Tegne og Byggeservice AS",270059131,69.578554177089,18.6385759576676
"Tegne og Byggeservice AS",270059139,69.5788204772355,18.638726853243
"ELAR INVEST AS",3141014,69.6751983294354,18.9604798606542
"ELAR INVEST AS",3422424,69.5699819853579,19.1587404807983
"ELAR INVEST AS",3677038,69.6877501819598,18.926416853095
"ELAR INVEST AS",4098619,69.6837260769397,18.9548082708124
"ELAR INVEST AS",274559994,69.6390533979992,19.0184949632333
"ELAR INVEST AS",274559995,69.6390533979992,19.0184949632333
"ELAR INVEST AS",275405158,69.6390533979992,19.0184949632333
"ELAR INVEST AS",287463795,69.6387069708505,19.0188706304303
"ELAR INVEST AS",287463796,69.6387069708505,19.0188706304303
"ELAR INVEST AS",1062863869,69.5634416235344,19.1892623243734
"ELAR INVEST AS",1062863872,69.5634078309125,19.1890602634065
"ELAR INVEST AS",1062863875,69.5633209355755,19.1894237577867
"ELAR INVEST AS",1062863878,69.5632854771696,19.1892162278083
"ELAR INVEST AS",1062863881,69.5632644759697,19.1894923800468
"ELAR INVEST AS",1062863884,69.563239136207,19.1893125513381
"ELAR INVEST AS",1062863890,69.5631207545274,19.1894152953411
"ELAR INVEST AS",1062863893,69.5631030500543,19.1896663795748
"ELAR INVEST AS",1062863896,69.563073519089,19.1895114420324
"ELAR INVEST AS",1062863902,69.5632939912522,19.1881867884554
"ELAR INVEST AS",1062863905,69.5632049407263,19.1885652889724
"ELAR INVEST AS",1062863908,69.5631837649885,19.1883991363849
"ELAR INVEST AS",1062863911,69.5631600819697,19.1886747612417
"ELAR INVEST AS",1062863914,69.5631367756018,19.188485048504
"G EIENDOM AS",4259555,69.6584677258023,18.9534327430218
"G EIENDOM AS",4259556,69.6584677258023,18.9534327430218
"TROMSØ ELEKTROMEKANISKE (TEMEK) AS",3133239,69.8370856820093,18.8877074666614
"PETERSEN AS",3611115,69.6864738699516,18.8475640182596
"FREDRIK LANGES GT 19 21 AS",253847644,69.6496095518225,18.9570234278124
"FREDRIK LANGES GT 19 21 AS",253847645,69.6496095518225,18.9570234278124
"FREDRIK LANGES GT 19 21 AS",253847646,69.6496095518225,18.9570234278124
"FREDRIK LANGES GT 19 21 AS",253847647,69.6496095518225,18.9570234278124
"FREDRIK LANGES GT 19 21 AS",253847648,69.6495907415189,18.9574587318177
"FREDRIK LANGES GT 19 21 AS",253847649,69.6495907415189,18.9574587318177
"IMPETO EIENDOM AS",3141122,69.6607414845999,18.9529162484093
"IMPETO EIENDOM AS",3141123,69.6605954932586,18.9518999369684
"IMPETO EIENDOM AS",4354120,69.6601241024095,18.9596552358664
"IMPETO EIENDOM AS",4354121,69.6600168861095,18.9594699521306
"IMPETO EIENDOM AS",4354145,69.6599592243114,18.9594772720876
"IMPETO EIENDOM AS",4354146,69.6599015968665,18.9594432785918
"IMPETO EIENDOM AS",4354147,69.6603156875726,18.9595256982129
"IMPETO EIENDOM AS",4354148,69.6602732342306,18.9595358555175
"NOR VIKAR AS",4178392,69.6539157938492,19.0134127012742
"NOR VIKAR AS",4178393,69.6539157938492,19.0134127012742
"KLIPA AS",3144215,69.7000663009856,18.6105186703062
"KLIPA AS",301184118,69.7002748619269,18.6110327166833
"KLIPA AS",495349189,69.7002505958332,18.6106845859787
"KLIPA AS",495349207,69.7002562208734,18.6103234186655
"RY EIENDOM AS",3134026,69.6853387090321,18.6777939779624
"GIMLEVEIEN TROMSØ AS",264324307,69.6665676588582,19.0219546400339
"GIMLEVEIEN TROMSØ AS",264324308,69.6665837804313,19.0220351999613
"GIMLEVEIEN TROMSØ AS",264324309,69.6666142540047,19.0222734883738
"GIMLEVEIEN TROMSØ AS",264324310,69.6666572118105,19.0223591369748
"GIMLEVEIEN TROMSØ AS",264324311,69.6666822786551,19.0224413936702
"GIMLEVEIEN TROMSØ AS",264324312,69.6667067555956,19.0225493733922
"GIMLEVEIEN TROMSØ AS",264324313,69.6665360053533,19.0217677978951
"GIMLEVEIEN TROMSØ AS",264324314,69.6665192939145,19.0217129609819
"GIMLEVEIEN TROMSØ AS",264324315,69.6664298392402,19.0216960030218
"GIMLEVEIEN TROMSØ AS",264324316,69.666596952906,19.0222443735726
"GIMLEVEIEN TROMSØ AS",264324317,69.666596952906,19.0222443735726
"GIMLEVEIEN TROMSØ AS",264324318,69.666596952906,19.0222443735726
"GIMLEVEIEN TROMSØ AS",264324319,69.666596952906,19.0222443735726
"GIMLEVEIEN TROMSØ AS",264324320,69.666596952906,19.0222443735726
"GIMLEVEIEN TROMSØ AS",264324321,69.666596952906,19.0222443735726
"GIMLEVEIEN TROMSØ AS",264324322,69.666596952906,19.0222443735726
"GIMLEVEIEN TROMSØ AS",264324323,69.666596952906,19.0222443735726
"GIMLEVEIEN TROMSØ AS",264324324,69.666596952906,19.0222443735726
"GIMLEVEIEN TROMSØ AS",264324325,69.666596952906,19.0222443735726
"GIMLEVEIEN TROMSØ AS",264324326,69.666596952906,19.0222443735726
"GIMLEVEIEN TROMSØ AS",264324327,69.666596952906,19.0222443735726
"GIMLEVEIEN TROMSØ AS",264324328,69.666596952906,19.0222443735726
"GIMLEVEIEN TROMSØ AS",264324329,69.666596952906,19.0222443735726
"GIMLEVEIEN TROMSØ AS",264324330,69.666596952906,19.0222443735726
"GIMLEVEIEN TROMSØ AS",264324331,69.666596952906,19.0222443735726
"GIMLEVEIEN TROMSØ AS",264324332,69.666596952906,19.0222443735726
"GIMLEVEIEN TROMSØ AS",264324333,69.666596952906,19.0222443735726
"GIMLEVEIEN TROMSØ AS",264324334,69.666596952906,19.0222443735726
"GIMLEVEIEN TROMSØ AS",264324335,69.666596952906,19.0222443735726
"GIMLEVEIEN TROMSØ AS",264324336,69.666596952906,19.0222443735726
"GIMLEVEIEN TROMSØ AS",264324337,69.666596952906,19.0222443735726
"GIMLEVEIEN TROMSØ AS",264324338,69.666596952906,19.0222443735726
"GIMLEVEIEN TROMSØ AS",264324339,69.666596952906,19.0222443735726
"GIMLEVEIEN TROMSØ AS",264324340,69.6663069616084,19.0215693726306
"GIMLEVEIEN TROMSØ AS",264324341,69.666321314145,19.0217270984568
"GIMLEVEIEN TROMSØ AS",264324342,69.6663463812928,19.0218093531025
"GIMLEVEIEN TROMSØ AS",264324343,69.6662729488767,19.0214854227328
"GIMLEVEIEN TROMSØ AS",264324344,69.6662395257989,19.0213757508016
"GIMLEVEIEN TROMSØ AS",264324345,69.6663284903599,19.0218059614485
"GIMLEVEIEN TROMSØ AS",264324346,69.6663284903599,19.0218059614485
"GIMLEVEIEN TROMSØ AS",264324347,69.6663284903599,19.0218059614485
"GIMLEVEIEN TROMSØ AS",264324348,69.6663284903599,19.0218059614485
"GIMLEVEIEN TROMSØ AS",264324349,69.6663284903599,19.0218059614485
"GIMLEVEIEN TROMSØ AS",264324350,69.6663284903599,19.0218059614485
"GIMLEVEIEN TROMSØ AS",264324351,69.6663284903599,19.0218059614485
"GIMLEVEIEN TROMSØ AS",264324352,69.6663284903599,19.0218059614485
"GIMLEVEIEN TROMSØ AS",264324353,69.6663284903599,19.0218059614485
"GIMLEVEIEN TROMSØ AS",264324354,69.6663284903599,19.0218059614485
"GIMLEVEIEN TROMSØ AS",264324355,69.6663284903599,19.0218059614485
"GIMLEVEIEN TROMSØ AS",264324356,69.6663284903599,19.0218059614485
"GIMLEVEIEN TROMSØ AS",264324357,69.6663284903599,19.0218059614485
"GIMLEVEIEN TROMSØ AS",264324358,69.6663284903599,19.0218059614485
"GIMLEVEIEN TROMSØ AS",264324359,69.6663284903599,19.0218059614485
"GIMLEVEIEN TROMSØ AS",264324360,69.6663284903599,19.0218059614485
"GIMLEVEIEN TROMSØ AS",264324361,69.6663284903599,19.0218059614485
"GIMLEVEIEN TROMSØ AS",264324362,69.6663284903599,19.0218059614485
"GIMLEVEIEN TROMSØ AS",264324363,69.6663284903599,19.0218059614485
"GIMLEVEIEN TROMSØ AS",264324364,69.6663284903599,19.0218059614485
"GIMLEVEIEN TROMSØ AS",264324365,69.6663284903599,19.0218059614485
"GIMLEVEIEN TROMSØ AS",264324366,69.6663284903599,19.0218059614485
"GIMLEVEIEN TROMSØ AS",264324367,69.6663284903599,19.0218059614485
"GIMLEVEIEN TROMSØ AS",264324368,69.6663284903599,19.0218059614485
"GIMLEVEIEN TROMSØ AS",264324369,69.6660360378419,19.0208463368432
"GIMLEVEIEN TROMSØ AS",264324370,69.6660694612567,19.0209560068907
"GIMLEVEIEN TROMSØ AS",264324371,69.6661172375971,19.0212234012612
"GIMLEVEIEN TROMSØ AS",264324372,69.6661971571789,19.0212643836289
"GIMLEVEIEN TROMSØ AS",264324373,69.6660814557045,19.0212166190292
"GIMLEVEIEN TROMSØ AS",264324374,69.6660814557045,19.0212166190292
"GIMLEVEIEN TROMSØ AS",264324375,69.6660814557045,19.0212166190292
"GIMLEVEIEN TROMSØ AS",264324376,69.6660814557045,19.0212166190292
"GIMLEVEIEN TROMSØ AS",264324377,69.6660814557045,19.0212166190292
"GIMLEVEIEN TROMSØ AS",264324378,69.6660814557045,19.0212166190292
"GIMLEVEIEN TROMSØ AS",264324379,69.6660814557045,19.0212166190292
"GIMLEVEIEN TROMSØ AS",264324380,69.6660814557045,19.0212166190292
"GIMLEVEIEN TROMSØ AS",264324381,69.6660814557045,19.0212166190292
"GIMLEVEIEN TROMSØ AS",264324382,69.6660814557045,19.0212166190292
"GIMLEVEIEN TROMSØ AS",264324383,69.6660814557045,19.0212166190292
"GIMLEVEIEN TROMSØ AS",264324384,69.6660814557045,19.0212166190292
"GIMLEVEIEN TROMSØ AS",264324385,69.6660814557045,19.0212166190292
"GIMLEVEIEN TROMSØ AS",264324386,69.6660814557045,19.0212166190292
"GIMLEVEIEN TROMSØ AS",264324387,69.6660814557045,19.0212166190292
"GIMLEVEIEN TROMSØ AS",264324388,69.6660814557045,19.0212166190292
"GIMLEVEIEN TROMSØ AS",264324389,69.6660814557045,19.0212166190292
"GIMLEVEIEN TROMSØ AS",264324390,69.6660814557045,19.0212166190292
"GIMLEVEIEN TROMSØ AS",264324391,69.6660814557045,19.0212166190292
"GIMLEVEIEN TROMSØ AS",264324392,69.6660814557045,19.0212166190292
"GIMLEVEIEN TROMSØ AS",264324393,69.6660814557045,19.0212166190292
"GIMLEVEIEN TROMSØ AS",264324394,69.6660814557045,19.0212166190292
"GIMLEVEIEN TROMSØ AS",264324395,69.6660814557045,19.0212166190292
"GIMLEVEIEN TROMSØ AS",264324396,69.6660814557045,19.0212166190292
"GIMLEVEIEN TROMSØ AS",264324397,69.6660814557045,19.0212166190292
"GIMLEVEIEN TROMSØ AS",264324398,69.6659236686968,19.0198691942956
"GIMLEVEIEN TROMSØ AS",264324399,69.6659565032395,19.020004584241
"GIMLEVEIEN TROMSØ AS",264324400,69.6659959250851,19.020244557887
"GIMLEVEIEN TROMSØ AS",264324401,69.6658468121869,19.0200871611374
"GIMLEVEIEN TROMSØ AS",264324402,69.6658468121869,19.0200871611374
"GIMLEVEIEN TROMSØ AS",264324403,69.6659655514108,19.0203938045239
"GIMLEVEIEN TROMSØ AS",264324404,69.665959655739,19.0206510244752
"GIMLEVEIEN TROMSØ AS",264324405,69.6658468121869,19.0200871611374
"GIMLEVEIEN TROMSØ AS",264324406,69.6658468121869,19.0200871611374
"GIMLEVEIEN TROMSØ AS",264324407,69.6658468121869,19.0200871611374
"GIMLEVEIEN TROMSØ AS",264324408,69.6658468121869,19.0200871611374
"GIMLEVEIEN TROMSØ AS",264324409,69.6658468121869,19.0200871611374
"GIMLEVEIEN TROMSØ AS",264324410,69.6658468121869,19.0200871611374
"GIMLEVEIEN TROMSØ AS",264324411,69.6658468121869,19.0200871611374
"GIMLEVEIEN TROMSØ AS",264324412,69.6658468121869,19.0200871611374
"GIMLEVEIEN TROMSØ AS",264324413,69.6658468121869,19.0200871611374
"GIMLEVEIEN TROMSØ AS",264324414,69.6658468121869,19.0200871611374
"GIMLEVEIEN TROMSØ AS",264324415,69.6658468121869,19.0200871611374
"GIMLEVEIEN TROMSØ AS",264324416,69.6658468121869,19.0200871611374
"GIMLEVEIEN TROMSØ AS",264324417,69.6658468121869,19.0200871611374
"GIMLEVEIEN TROMSØ AS",264324418,69.6658468121869,19.0200871611374
"GIMLEVEIEN TROMSØ AS",264324419,69.6658468121869,19.0200871611374
"GIMLEVEIEN TROMSØ AS",264324420,69.6658468121869,19.0200871611374
"GIMLEVEIEN TROMSØ AS",264324421,69.6658468121869,19.0200871611374
"GIMLEVEIEN TROMSØ AS",264324422,69.6658468121869,19.0200871611374
"GIMLEVEIEN TROMSØ AS",264324423,69.6658468121869,19.0200871611374
"GIMLEVEIEN TROMSØ AS",264324424,69.6658468121869,19.0200871611374
"GIMLEVEIEN TROMSØ AS",264324425,69.6658468121869,19.0200871611374
"GIMLEVEIEN TROMSØ AS",264324426,69.6658468121869,19.0200871611374
"GIMLEVEIEN TROMSØ AS",264324427,69.6658468121869,19.0200871611374
"PEVI AS",3141925,69.6846680126692,18.9957321830956
"PEVI AS",358164580,69.645619733375,18.9422770650962
"PEVI AS",1044518798,69.6353165109512,18.9316342803735
"VITRO AS",3145155,69.6525762991379,18.9569309452831
"VITRO AS",3146484,69.6528263047495,18.9562030523986
"VITRO AS",3461830,69.6524849440034,18.9558038402274
"VITRO AS",4306161,69.6524161844761,18.9564622378882
"VITRO AS",4306162,69.6524161844761,18.9564622378882
"VITRO AS",466971982,69.6446495108924,18.9258264664557
"VITRO AS",466971985,69.6447032788435,18.9258725317695
"VITRO AS",466971988,69.6447570779717,18.9259573116276
"WRIGHT UTVIKLING AS",3138496,69.6629200672447,18.9656113068125
"WRIGHT UTVIKLING AS",3139582,69.6397076303947,18.904637661247
"WRIGHT UTVIKLING AS",4356216,69.6405680338932,19.0139924725141
"WRIGHT UTVIKLING AS",4356217,69.6405680338932,19.0139924725141
"WRIGHT UTVIKLING AS",4356218,69.6405680338932,19.0139924725141
"WRIGHT UTVIKLING AS",4367756,69.7383731544316,19.1693005452986
"WRIGHT UTVIKLING AS",4367757,69.738433597844,19.1691387679125
"WRIGHT UTVIKLING AS",289698426,69.6364670689226,18.9312848005805
"WRIGHT UTVIKLING AS",289698427,69.6364670689226,18.9312848005805
"WRIGHT UTVIKLING AS",289698428,69.6364670689226,18.9312848005805
"WRIGHT UTVIKLING AS",296527382,69.6300944222392,18.9168332551984
"WRIGHT UTVIKLING AS",296527383,69.6300233116084,18.9170806078055
"WRIGHT UTVIKLING AS",488940222,69.6310883876831,18.9172175577457
"WRIGHT UTVIKLING AS",488940225,69.6311777605566,18.91691682262
"WRIGHT UTVIKLING AS",519247616,69.6396684838702,18.9040964276926
"WRIGHT UTVIKLING AS",519247619,69.6397316264239,18.9040848106845
"WRIGHT UTVIKLING AS",599786946,69.6453920235677,18.9127482904023
"WRIGHT UTVIKLING AS",742323701,69.634186356964,18.9173578023288
"WRIGHT UTVIKLING AS",742323704,69.6341517102271,18.9172198739909
"WRIGHT UTVIKLING AS",742323707,69.6341084371012,18.9171061488144
"REMIKS MILJØPARK AS",3573332,69.7100757000512,19.013446068055
"INTRO EIENDOM AS",260395958,69.6360282224383,18.9351064414101
"INTRO EIENDOM AS",260395959,69.6360282224383,18.9351064414101
"INTRO EIENDOM AS",260395960,69.6360282224383,18.9351064414101
"INTRO EIENDOM AS",260395961,69.6360282224383,18.9351064414101
"INTRO EIENDOM AS",260395962,69.6360282224383,18.9351064414101
"INTRO EIENDOM AS",260395963,69.6360282224383,18.9351064414101
"INTRO EIENDOM AS",260395964,69.6360282224383,18.9351064414101
"INTRO EIENDOM AS",260395965,69.6360282224383,18.9351064414101
"INTRO EIENDOM AS",260395966,69.6360282224383,18.9351064414101
"INTRO EIENDOM AS",260395968,69.6360282224383,18.9351064414101
"INTRO EIENDOM AS",260395969,69.6360282224383,18.9351064414101
"INTRO EIENDOM AS",260395970,69.6360282224383,18.9351064414101
"INTRO EIENDOM AS",260395972,69.6360282224383,18.9351064414101
"INTRO EIENDOM AS",260395973,69.6360282224383,18.9351064414101
"INTRO EIENDOM AS",260395974,69.6360282224383,18.9351064414101
"INTRO EIENDOM AS",260395975,69.6360282224383,18.9351064414101
"INTRO EIENDOM AS",260395976,69.6360282224383,18.9351064414101
"INTRO EIENDOM AS",260395977,69.6360282224383,18.9351064414101
"INTRO EIENDOM AS",260395978,69.6360282224383,18.9351064414101
"INTRO EIENDOM AS",260395979,69.6360282224383,18.9351064414101
"INTRO EIENDOM AS",260395980,69.6360282224383,18.9351064414101
"INTRO EIENDOM AS",260395982,69.6360282224383,18.9351064414101
"INTRO EIENDOM AS",260395983,69.6360282224383,18.9351064414101
"INTRO EIENDOM AS",260395984,69.6359045584843,18.9349726231286
"INTRO EIENDOM AS",260395985,69.6359045584843,18.9349726231286
"INTRO EIENDOM AS",260395999,69.6359045584843,18.9349726231286
"INTRO EIENDOM AS",260396000,69.6359045584843,18.9349726231286
"INTRO EIENDOM AS",260396001,69.6359045584843,18.9349726231286
"INTRO EIENDOM AS",260396002,69.6359045584843,18.9349726231286
"INTRO EIENDOM AS",260396003,69.6359045584843,18.9349726231286
"INTRO EIENDOM AS",260396004,69.6359045584843,18.9349726231286
"INTRO EIENDOM AS",260396005,69.6359045584843,18.9349726231286
"INTRO EIENDOM AS",260396006,69.6359045584843,18.9349726231286
"INTRO EIENDOM AS",260396007,69.6359045584843,18.9349726231286
"INTRO EIENDOM AS",260396008,69.6359045584843,18.9349726231286
"INTRO EIENDOM AS",260396009,69.6359045584843,18.9349726231286
"INTRO EIENDOM AS",260396010,69.6359045584843,18.9349726231286
"INTRO EIENDOM AS",260396011,69.6359045584843,18.9349726231286
"INTRO EIENDOM AS",260396012,69.6359045584843,18.9349726231286
"INTRO EIENDOM AS",260396013,69.6359045584843,18.9349726231286
"INTRO EIENDOM AS",260396014,69.6359045584843,18.9349726231286
"INTRO EIENDOM AS",260396015,69.6359045584843,18.9349726231286
"INTRO EIENDOM AS",260396016,69.6359045584843,18.9349726231286
"INTRO EIENDOM AS",260396017,69.6359045584843,18.9349726231286
"INTRO EIENDOM AS",260396018,69.6359045584843,18.9349726231286
"INTRO EIENDOM AS",260396019,69.6359045584843,18.9349726231286
"INTRO EIENDOM AS",260396020,69.6359045584843,18.9349726231286
"INTRO EIENDOM AS",260396021,69.6359045584843,18.9349726231286
"MARIBELL SJØBUER AS",3133320,69.851038237902,18.8163133487586
"FRABENE AS",3139180,69.6329576093552,18.9138120188524
"FRABENE AS",3139456,69.6394877523258,18.9361496372361
"FRABENE AS",3139710,69.6390883282517,18.9347340929378
"FRABENE AS",3140859,69.6394605573526,18.9317586921069
"FRABENE AS",308542004,69.6488231049107,18.9034667320756
"FRABENE AS",308542005,69.6488851810062,18.903462655926
"FRABENE AS",308542006,69.6489398707431,18.9034675461987
"FRABENE AS",308542007,69.6490009376881,18.9034684466138
"FRABENE AS",308542008,69.6490590916561,18.9034791357684
"FRABENE AS",308542009,69.6488244715136,18.9027597864737
"FRABENE AS",308542010,69.6489036609186,18.9027536911814
"FRABENE AS",308542011,69.6489794432925,18.9027392266464
"FRABENE AS",308542012,69.6490659617916,18.9027267350231
"FRABENE AS",728302447,69.6626420653659,18.9248907605275
"FRABENE AS",728302450,69.6626420653659,18.9248907605275
"FRABENE AS",728302453,69.6626420653659,18.9248907605275
"FRABENE AS",728302456,69.6626420653659,18.9248907605275
"FRABENE AS",728302459,69.6626420653659,18.9248907605275
"FRABENE AS",728302462,69.6626420653659,18.9248907605275
"FRABENE AS",728302465,69.6624951172687,18.9249539773386
"FRABENE AS",728302468,69.6625598462439,18.9249117120343
"FRABENE AS",728302471,69.6626420653659,18.9248907605275
"FRABENE AS",728302474,69.6626420653659,18.9248907605275
"FRABENE AS",728302477,69.6627437890584,18.9248010992341
"FRABENE AS",728302480,69.6626420653659,18.9248907605275
"FRABENE AS",728302483,69.6626420653659,18.9248907605275
"FRABENE AS",728302486,69.6626420653659,18.9248907605275
"FRABENE AS",728302489,69.6626420653659,18.9248907605275
"FRABENE AS",728302492,69.6626420653659,18.9248907605275
"FRABENE AS",728302495,69.6626420653659,18.9248907605275
"FRABENE AS",728302498,69.6626420653659,18.9248907605275
"FRABENE AS",728302501,69.6626420653659,18.9248907605275
"FRABENE AS",728302504,69.6626420653659,18.9248907605275
"FRABENE AS",971566064,69.6629467587443,18.9252854597677
"FRABENE AS",971566067,69.6629499129413,18.9254255133111
"FRABENE AS",971566070,69.6629979458921,18.9256074452428
"FRABENE AS",971566073,69.6629979458921,18.9256074452428
"FRABENE AS",971566076,69.6629979458921,18.9256074452428
"FRABENE AS",971566079,69.6629646633412,18.925970626121
"FRABENE AS",971566082,69.663023489106,18.9261519735764
"FRABENE AS",971566085,69.6629696860508,18.9265087744316
"FRABENE AS",971566088,69.6629979458921,18.9256074452428
"FRABENE AS",971566091,69.6629979458921,18.9256074452428
"FRABENE AS",971566094,69.6629979458921,18.9256074452428
"FRABENE AS",971566097,69.663023489106,18.9261519735764
"FRABENE AS",971566100,69.663023489106,18.9261519735764
"FRABENE AS",971566103,69.663023489106,18.9261519735764
"FRABENE AS",971566106,69.6629979458921,18.9256074452428
"FRABENE AS",971566109,69.6629979458921,18.9256074452428
"FRABENE AS",971566112,69.6629979458921,18.9256074452428
"FRABENE AS",971566115,69.663023489106,18.9261519735764
"FRABENE AS",971566118,69.663023489106,18.9261519735764
"FRABENE AS",971566121,69.663023489106,18.9261519735764
"FRABENE AS",971566124,69.663023489106,18.9261519735764
"FRABENE AS",971566127,69.6629979458921,18.9256074452428
"FRABENE AS",971566130,69.6629979458921,18.9256074452428
"FRABENE AS",971566133,69.663023489106,18.9261519735764
"FRABENE AS",971566136,69.663023489106,18.9261519735764
"FRABENE AS",971566139,69.663023489106,18.9261519735764
"FRABENE AS",971566142,69.663023489106,18.9261519735764
"FRABENE AS",971566145,69.663023489106,18.9261519735764
"FRABENE AS",971566148,69.663023489106,18.9261519735764
"FRABENE AS",1013950388,69.6624134659139,18.9262741390559
"FRABENE AS",1013952538,69.6624710684424,18.9267910104707
"SEA SERVICE EIENDOM AS",3146797,69.6414715491473,18.9366203931552
"BOLIGINVEST NORD AS",3144804,69.6416914156321,18.940428265868
"BOLIGINVEST NORD AS",3145144,69.65335011782,18.9584692781007
"BOLIGINVEST NORD AS",4341901,69.649323841423,18.9513690044827
"BOLIGINVEST NORD AS",4341902,69.649323841423,18.9513690044827
"BOLIGINVEST NORD AS",4341903,69.649323841423,18.9513690044827
"TBT BOLIG AS",3125549,69.6610721702862,19.0186919169212
"TBT BOLIG AS",3129365,69.5536547988978,19.191784872839
"TBT BOLIG AS",3138942,69.6617330747843,18.9568303721253
"TBT BOLIG AS",1007451300,69.6404184070636,19.0143667210896
"TBT BOLIG AS",1007451303,69.6403587422219,19.0144612369603
"PREMIUMUTLEIE AS",250317349,69.686009447375,18.9837493684115
"PREMIUMUTLEIE AS",250317351,69.6861365694743,18.9839671946976
"SIVILINGENIØR VANG AS",700261627,69.647638738413,18.9412219941017
"SIVILINGENIØR VANG AS",700261630,69.647638738413,18.9412219941017
"SIVILINGENIØR VANG AS",986764463,69.644084447838,18.9376000818752
"SIVILINGENIØR VANG AS",986764466,69.644084447838,18.9376000818752
"SIVILINGENIØR VANG AS",1044518591,69.635841586883,18.9309343575366
"SIVILINGENIØR VANG AS",1044518840,69.6353165109512,18.9316342803735
"SIVILINGENIØR VANG AS",1096969407,69.6465688693002,18.9300550099849
"SIVILINGENIØR VANG AS",1096969410,69.6465688693002,18.9300550099849
"SIVILINGENIØR VANG AS",1096969413,69.6465688693002,18.9300550099849
"VIA PERSONAL AS",3127198,69.6464875888869,18.9960327464009
"VIA PERSONAL AS",3856461,69.6471224252179,18.9310091286314
"GRØNNEGT 58 60 AS",254617869,69.6488420119429,18.9532151968603
"GRØNNEGT 58 60 AS",254617870,69.6488420119429,18.9532151968603
"NICU INVEST AS",700260940,69.5725554978691,19.1818540777999
"NICU INVEST AS",700260943,69.5725465159109,19.1820040904253
"NICU INVEST AS",700263744,69.5726252257886,19.1814561621887
"NICU INVEST AS",700263747,69.5726046172636,19.181603894912
"SOLNESET SYD 1 AS",280831207,69.6968435542955,18.9569106917264
"SOLNESET SYD 1 AS",280831208,69.6969048523542,18.956901446958
"SOLNESET SYD 1 AS",280831209,69.6969701832462,18.9569524565207
"SOLNESET SYD 1 AS",280831210,69.6970384881548,18.9569910869596
"SOLNESET SYD 1 AS",284355056,69.6968884161228,18.9560757139688
"SOLNESET SYD 1 AS",284355057,69.6969589504178,18.9560552568616
"SOLNESET SYD 1 AS",284355058,69.6970146391088,18.9561355070383
"SOLNESET SYD 1 AS",284355059,69.6970786114025,18.9562069568124
"SOLNESET SYD 1 AS",287303648,69.6967171096284,18.9550658459304
"SOLNESET SYD 1 AS",287303649,69.6967171096284,18.9550658459304
"SOLNESET SYD 1 AS",287303650,69.6967171096284,18.9550658459304
"SOLNESET SYD 1 AS",287303651,69.6967171096284,18.9550658459304
"SOLNESET SYD 1 AS",287303652,69.6967171096284,18.9550658459304
"SOLNESET SYD 1 AS",287303653,69.6967171096284,18.9550658459304
"SOLNESET SYD 1 AS",287303654,69.6967171096284,18.9550658459304
"SOLNESET SYD 1 AS",287303655,69.6967171096284,18.9550658459304
"SOLNESET SYD 1 AS",287303656,69.6967171096284,18.9550658459304
"SOLNESET SYD 1 AS",529467987,69.6971045821047,18.9554926177396
"SOLNESET SYD 1 AS",529467993,69.6970121558543,18.9554080955297
"SOLNESET SYD 1 AS",633128097,69.6970183808857,18.9578436299589
"SOLNESET SYD 1 AS",633128106,69.6968218665289,18.9577137788896
"SOLNESET SYD 1 AS",633128109,69.6967891721739,18.9576895611493
"SR EIENDOMSUTLEIE AS",3145411,69.6502225439478,18.9401786031178
"SR EIENDOMSUTLEIE AS",3389890,69.6373535102294,18.9733926784195
"SR EIENDOMSUTLEIE AS",4302826,69.6535370522151,18.9611710449246
"SR EIENDOMSUTLEIE AS",4302827,69.6535370522151,18.9611710449246
"SR EIENDOMSUTLEIE AS",4302828,69.6535370522151,18.9611710449246
"SR EIENDOMSUTLEIE AS",4302829,69.6535370522151,18.9611710449246
"SR EIENDOMSUTLEIE AS",4302830,69.6535370522151,18.9611710449246
"SR EIENDOMSUTLEIE AS",4302831,69.6535370522151,18.9611710449246
"SR EIENDOMSUTLEIE AS",4302832,69.6536074719314,18.9615533709214
"SR EIENDOMSUTLEIE AS",4302833,69.6536074719314,18.9615533709214
"SR EIENDOMSUTLEIE AS",4302834,69.6536074719314,18.9615533709214
"SR EIENDOMSUTLEIE AS",4302836,69.6536074719314,18.9615533709214
"SR EIENDOMSUTLEIE AS",4302838,69.6536074719314,18.9615533709214
"SR EIENDOMSUTLEIE AS",4302839,69.6536074719314,18.9615533709214
"SR EIENDOMSUTLEIE AS",4302840,69.6536074719314,18.9615533709214
"SR EIENDOMSUTLEIE AS",4302841,69.6536074719314,18.9615533709214
"STORMO BOLIGER AS",3138978,69.644739767769,18.9246844737552
"STORMO BOLIGER AS",3138979,69.6449800421801,18.924545646987
"BJØRNØYGATA 26 AS",3144823,69.6405330381854,18.9376075339758
"ALFHEIM STADION 2 AS",3141558,69.6492392012498,18.9360031223212
"ALFHEIM STADION 2 AS",602036253,69.6492392012498,18.9360031223212
"TROMSØ LEILIGHETER AS",234616479,69.6667096019633,19.0196822945485
"TROMSØ LEILIGHETER AS",234616480,69.6667084230619,19.0197337403974
"TROMSØ LEILIGHETER AS",234616484,69.6667107808498,19.0196308486935
"TROMSØ LEILIGHETER AS",234616491,69.6670365615616,19.0203126173705
"TROMSØ LEILIGHETER AS",234616492,69.6669440564417,19.0200367376811
"TROMSØ LEILIGHETER AS",234616493,69.6670400987368,19.0201582775318
"TROMSØ LEILIGHETER AS",234616494,69.6670991799362,19.0203244842354
"TROMSØ LEILIGHETER AS",234616495,69.6670400987368,19.0201582775318
"TROMSØ LEILIGHETER AS",234616500,69.6670508127582,19.0200828027567
"TROMSØ LEILIGHETER AS",234616501,69.66695123341,19.0201156024397
"TROMSØ LEILIGHETER AS",234616502,69.6670400987368,19.0201582775318
"TROMSØ LEILIGHETER AS",234616506,69.6670508127582,19.0200828027567
"TROMSØ LEILIGHETER AS",234616507,69.6670508127582,19.0200828027567
"TROMSØ LEILIGHETER AS",234616509,69.6670400987368,19.0201582775318
"TROMSØ LEILIGHETER AS",234616510,69.6670383301662,19.020235447458
"TROMSØ LEILIGHETER AS",234616511,69.6670980008437,19.020375930987
"TROMSØ LEILIGHETER AS",234616515,69.6671003590135,19.0202730374777
"TROMSØ LEILIGHETER AS",234616516,69.6668748505183,19.0199202841758
"TROMSØ LEILIGHETER AS",234616517,69.6670400987368,19.0201582775318
"TROMSØ LEILIGHETER AS",234616518,69.6670400987368,19.0201582775318
"TROMSØ LEILIGHETER AS",234616520,69.6670365615616,19.0203126173705
"TROMSØ LEILIGHETER AS",234616522,69.66690945349,19.0199785108331
"TROMSØ LEILIGHETER AS",234616523,69.6670400987368,19.0201582775318
"TROMSØ LEILIGHETER AS",234616524,69.6670400987368,19.0201582775318
"TROMSØ LEILIGHETER AS",234616526,69.6670980008437,19.020375930987
"TROMSØ LEILIGHETER AS",234616528,69.6670980008437,19.020375930987
"TROMSØ LEILIGHETER AS",234616529,69.6670878762554,19.0204256824183
"TROMSØ LEILIGHETER AS",234616532,69.6670980008437,19.020375930987
"TROMSØ LEILIGHETER AS",234616534,69.6671003590135,19.0202730374777
"TROMSØ LEILIGHETER AS",234616536,69.6671003590135,19.0202730374777
"TROMSØ LEILIGHETER AS",234616538,69.6671003590135,19.0202730374777
"TROMSØ LEILIGHETER AS",234616539,69.6670991799362,19.0203244842354
"TROMSØ LEILIGHETER AS",234616541,69.6670991799362,19.0203244842354
"TROMSØ LEILIGHETER AS",234616544,69.6670980008437,19.020375930987
"TROMSØ LEILIGHETER AS",234616546,69.6670980008437,19.020375930987
"TØNSNES BYGG AS",4362817,69.6535878589218,18.9610695101907
"TØNSNES BYGG AS",4362818,69.6535878589218,18.9610695101907
"TØNSNES BYGG AS",260206200,69.6535878589218,18.9610695101907
"TØNSNES BYGG AS",282847706,69.653683989868,18.9612681674254
"TØNSNES BYGG AS",282847707,69.653683989868,18.9612681674254
"TØNSNES BYGG AS",282847708,69.653683989868,18.9612681674254
"BERNTSEN BYGGSERVICE AS",3352043,69.6891008198497,18.6137307635755
"BERNTSEN BYGGSERVICE AS",3684019,69.6888744559299,18.6154346192311
"BERNTSEN BYGGSERVICE AS",445529978,69.6722526688944,18.7407667787955
"OLAVSVERN GROUP AS",3128942,69.5304208727484,19.0171633303957
"OLAVSVERN GROUP AS",3128966,69.5292860902045,19.0082997998129
"OLAVSVERN GROUP AS",3128974,69.5467596614925,19.0375778051416
"OLAVSVERN GROUP AS",3348019,69.5296224681723,19.010082716409
"OLAVSVERN GROUP AS",3348020,69.5296428423385,19.0103688950573
"OLAVSVERN GROUP AS",3348021,69.5296530950741,19.0107045122725
"OLAVSVERN GROUP AS",3348022,69.529674055877,19.0109651334462
"J & T EIENDOM AS",251388753,69.6637131182527,18.9216278245399
"J & T EIENDOM AS",251388754,69.6637028037948,18.9214864437609
"J & T EIENDOM AS",251388755,69.6636904952987,18.9213137003232
"Eriksen Bent AS",293126538,69.6630829227569,18.9325218358962
"IDRETTSVEIEN 3 TROMSØ AS",3145234,69.6540017704635,18.9498902527881
"KRÆMER BRYGGE BOLIG AS",1151752157,69.6664396073963,18.9738046774225
"CERTUS EIENDOM AS",263193820,69.6486888903757,18.9936592698538
"CERTUS EIENDOM AS",263193821,69.6486447046499,18.9936664473092
"CERTUS EIENDOM AS",263193822,69.6485928352738,18.993695410478
"ALO INVEST AS",306998337,69.6462872619558,18.9513718441679
"ALO INVEST AS",306998338,69.6462872619558,18.9513718441679
"ALO INVEST AS",306998366,69.6462872619558,18.9513718441679
"CONSTO AS",454921972,69.664441887092,18.9356976313003
"EKHA AS",4098295,69.6961785787249,18.9762504774744
"EKHA AS",358164481,69.645619733375,18.9422770650962
"EKHA AS",358164592,69.645619733375,18.9422770650962
"EKHA AS",358164595,69.645619733375,18.9422770650962
"STV AS",3145930,69.6533062052732,18.9647862368847
"STV AS",416241671,69.6845235987603,19.0016776499024
"STV AS",416241674,69.6845235987603,19.0016776499024
"STV AS",416241677,69.6845235987603,19.0016776499024
"STV AS",416241680,69.6845235987603,19.0016776499024
"STV AS",416241683,69.6845235987603,19.0016776499024
"STV AS",416241686,69.6845235987603,19.0016776499024
"STV AS",416241689,69.6845235987603,19.0016776499024
"STV AS",416241692,69.6845235987603,19.0016776499024
"STV AS",416241695,69.6845235987603,19.0016776499024
"STV AS",416241698,69.6845235987603,19.0016776499024
"STV AS",416241701,69.6845235987603,19.0016776499024
"HELNES AS",4355383,69.6511213332122,18.9530897142936
"KRISTIANSEN GEIR INVEST AS",234616483,69.6667084230619,19.0197337403974
"KRISTIANSEN GEIR INVEST AS",234616485,69.6667096019633,19.0196822945485
"KRISTIANSEN GEIR INVEST AS",234616486,69.6667692730969,19.0198227743362
"KRISTIANSEN GEIR INVEST AS",234616487,69.6667084230619,19.0197337403974
"KRISTIANSEN GEIR INVEST AS",234616488,69.6670383301662,19.020235447458
"KRISTIANSEN GEIR INVEST AS",234616489,69.6670365615616,19.0203126173705
"KRISTIANSEN GEIR INVEST AS",234616490,69.6670878762554,19.0204256824183
"KRISTIANSEN GEIR INVEST AS",234616496,69.6670383301662,19.020235447458
"KRISTIANSEN GEIR INVEST AS",234616497,69.6670383301662,19.020235447458
"KRISTIANSEN GEIR INVEST AS",234616503,69.6670383301662,19.020235447458
"KRISTIANSEN GEIR INVEST AS",234616504,69.6670383301662,19.020235447458
"KRISTIANSEN GEIR INVEST AS",234616508,69.6667096019633,19.0196822945485
"KRISTIANSEN GEIR INVEST AS",234616512,69.6670383301662,19.020235447458
"KRISTIANSEN GEIR INVEST AS",234616513,69.6670365615616,19.0203126173705
"KRISTIANSEN GEIR INVEST AS",234616514,69.6670365615616,19.0203126173705
"KRISTIANSEN GEIR INVEST AS",234616519,69.6670383301662,19.020235447458
"KRISTIANSEN GEIR INVEST AS",234616521,69.6670365615616,19.0203126173705
"KRISTIANSEN GEIR INVEST AS",234616525,69.6670991799362,19.0203244842354
"KRISTIANSEN GEIR INVEST AS",234616527,69.6670991799362,19.0203244842354
"KRISTIANSEN GEIR INVEST AS",234616540,69.6671003590135,19.0202730374777
"KRISTIANSEN GEIR INVEST AS",234616542,69.6671003590135,19.0202730374777
"KRISTIANSEN GEIR INVEST AS",234616545,69.6670991799362,19.0203244842354
"NACAPA INVEST AS",3139375,69.6737460777264,18.975041925265
"MARLENAS HJEM AS",4355808,69.5587695402258,19.1836171971591
"GAMMELGÅRD UTBYGGING AS",261570411,69.6221606379546,18.9497295320228
"GAMMELGÅRD UTBYGGING AS",261570412,69.6221606379546,18.9497295320228
"GAMMELGÅRD UTBYGGING AS",261570413,69.6221606379546,18.9497295320228
"GAMMELGÅRD UTBYGGING AS",261570414,69.6221606379546,18.9497295320228
"GAMMELGÅRD UTBYGGING AS",261570415,69.6221606379546,18.9497295320228
"GAMMELGÅRD UTBYGGING AS",261570416,69.6221606379546,18.9497295320228
"GAMMELGÅRD UTBYGGING AS",261570417,69.6221606379546,18.9497295320228
"GAMMELGÅRD UTBYGGING AS",261570418,69.6221606379546,18.9497295320228
"GAMMELGÅRD UTBYGGING AS",261570419,69.6221606379546,18.9497295320228
"GAMMELGÅRD UTBYGGING AS",261570420,69.6221606379546,18.9497295320228
"GAMMELGÅRD UTBYGGING AS",261570421,69.6221606379546,18.9497295320228
"GAMMELGÅRD UTBYGGING AS",261570422,69.6221606379546,18.9497295320228
"GAMMELGÅRD UTBYGGING AS",261570423,69.6221606379546,18.9497295320228
"GAMMELGÅRD UTBYGGING AS",261570424,69.6221606379546,18.9497295320228
"GAMMELGÅRD UTBYGGING AS",261570425,69.6221606379546,18.9497295320228
"GAMMELGÅRD UTBYGGING AS",261570426,69.6221606379546,18.9497295320228
"GAMMELGÅRD UTBYGGING AS",261570427,69.6223643962364,18.9499761861441
"GAMMELGÅRD UTBYGGING AS",261570428,69.6223643962364,18.9499761861441
"GAMMELGÅRD UTBYGGING AS",261570429,69.6223643962364,18.9499761861441
"GAMMELGÅRD UTBYGGING AS",261570430,69.6223643962364,18.9499761861441
"GAMMELGÅRD UTBYGGING AS",261570431,69.6223643962364,18.9499761861441
"GAMMELGÅRD UTBYGGING AS",261570432,69.6223643962364,18.9499761861441
"GAMMELGÅRD UTBYGGING AS",261570433,69.6223643962364,18.9499761861441
"GAMMELGÅRD UTBYGGING AS",261570434,69.6223643962364,18.9499761861441
"GAMMELGÅRD UTBYGGING AS",261570435,69.6225543731906,18.9500372519256
"GAMMELGÅRD UTBYGGING AS",261570436,69.6225543731906,18.9500372519256
"GAMMELGÅRD UTBYGGING AS",261570437,69.6225543731906,18.9500372519256
"GAMMELGÅRD UTBYGGING AS",261570438,69.6225543731906,18.9500372519256
"GAMMELGÅRD UTBYGGING AS",261570439,69.6225543731906,18.9500372519256
"GAMMELGÅRD UTBYGGING AS",261570440,69.6225543731906,18.9500372519256
"GAMMELGÅRD UTBYGGING AS",261570441,69.6225543731906,18.9500372519256
"GAMMELGÅRD UTBYGGING AS",261570442,69.6225543731906,18.9500372519256
"GAMMELGÅRD UTBYGGING AS",261570443,69.6225543731906,18.9500372519256
"GAMMELGÅRD UTBYGGING AS",261570444,69.6225543731906,18.9500372519256
"GAMMELGÅRD UTBYGGING AS",261570445,69.6225543731906,18.9500372519256
"GAMMELGÅRD UTBYGGING AS",261570446,69.6225543731906,18.9500372519256
"GAMMELGÅRD UTBYGGING AS",261570447,69.6225543731906,18.9500372519256
"GAMMELGÅRD UTBYGGING AS",261570448,69.6225543731906,18.9500372519256
"GAMMELGÅRD UTBYGGING AS",261570449,69.6225543731906,18.9500372519256
"GAMMELGÅRD UTBYGGING AS",261570450,69.6225543731906,18.9500372519256
"SENJEN AS",3139133,69.6345771550355,18.9161917644133
"SENJEN AS",3145985,69.6560953207605,18.9638095865918
"SENJEN AS",1045035288,69.6520773663703,18.9691467746959
"X TRA EIENDOMSUTVIKLING AS",3126876,69.645612362414,18.9855447692142
"X TRA EIENDOMSUTVIKLING AS",3127209,69.6454421126388,18.9875000349252
"X TRA EIENDOMSUTVIKLING AS",3128854,69.5675165634986,18.9514055676771
"X TRA EIENDOMSUTVIKLING AS",3138803,69.6684443517857,18.9679512600094
"X TRA EIENDOMSUTVIKLING AS",3138976,69.6472945079441,18.9353510739024
"X TRA EIENDOMSUTVIKLING AS",3141978,69.6861791465703,19.0003870644003
"X TRA EIENDOMSUTVIKLING AS",4098974,69.6658083932618,18.9677165968713
"X TRA EIENDOMSUTVIKLING AS",4099748,69.6565649469938,18.9613151905374
"X TRA EIENDOMSUTVIKLING AS",4099749,69.6565649469938,18.9613151905374
"X TRA EIENDOMSUTVIKLING AS",4099790,69.655204876001,18.9533104959377
"X TRA EIENDOMSUTVIKLING AS",4099791,69.655204876001,18.9533104959377
"X TRA EIENDOMSUTVIKLING AS",4139255,69.6555542448782,18.9635019702955
"X TRA EIENDOMSUTVIKLING AS",4370069,69.6567151718259,18.9622211414538
"X TRA EIENDOMSUTVIKLING AS",4370070,69.6567151718259,18.9622211414538
"X TRA EIENDOMSUTVIKLING AS",275711251,69.6565649469938,18.9613151905374
"X TRA EIENDOMSUTVIKLING AS",283655851,69.6580089790371,18.963805438202
"X TRA EIENDOMSUTVIKLING AS",283655852,69.6580089790371,18.963805438202
"X TRA EIENDOMSUTVIKLING AS",283655853,69.6580089790371,18.963805438202
"X TRA EIENDOMSUTVIKLING AS",291227203,69.6685889868757,18.9679912317795
"X TRA EIENDOMSUTVIKLING AS",830501022,69.6331112200008,18.9220471198711
"X TRA EIENDOMSUTVIKLING AS",830501025,69.6331112200008,18.9220471198711
"X TRA EIENDOMSUTVIKLING AS",904719618,69.6541910576524,18.9586260770165
"X TRA EIENDOMSUTVIKLING AS",904719621,69.6541910576524,18.9586260770165
"X TRA EIENDOMSUTVIKLING AS",1084822906,69.6567151718259,18.9622211414538
"JULSTE AS",3127607,69.6377704762883,18.9692655295018
"JULSTE AS",3144332,69.7374735676589,18.3248763937844
"HMA EIENDOM AS",274805594,69.6426696400899,18.9810187536846
"HMA EIENDOM AS",274805595,69.6426696400899,18.9810187536846
"HMA EIENDOM AS",274805596,69.6426696400899,18.9810187536846
"HMA EIENDOM AS",274805597,69.6426696400899,18.9810187536846
"TROMSØ MARITIME NÆRINGSPARK AS",307775901,69.7072177275504,19.0190309348773
"TROMSØ MARITIME NÆRINGSPARK AS",307785379,69.7067149690879,19.0186222952246
"TROMSØ MARITIME NÆRINGSPARK AS",307785383,69.7061353831914,19.0174873199199
"TROMSØ MARITIME NÆRINGSPARK AS",307785392,69.7053414241829,19.0181441611453
"TROMSØ MARITIME NÆRINGSPARK AS",367365908,69.707346297121,19.0204013224133
"ARCTIC BUILDERS AS",661409154,69.6567251235106,18.9238638551051
"ARCTIC BUILDERS AS",661409157,69.6567931543578,18.923995203719
"LAUKVIK FISKECAMP AS",3124793,69.7494505083903,19.1796065657792
"LUDVIGSEN KÅRE AS",3144475,69.6335063068419,18.0040728826641
"JAGU AS",3144807,69.6416657474665,18.9395720299395
"TOTAL 3 BYGG AS",255038183,69.73744001413,19.1220434353564
"TOTAL 3 BYGG AS",255051564,69.7375955732136,19.1208112945563
"TOTAL 3 BYGG AS",404701014,69.7376929505467,19.121563927275
"TOTAL 3 BYGG AS",404701017,69.7376581907904,19.1213601271023
"TOTAL 3 BYGG AS",445834375,69.6723921509927,18.7409231344946
"WORKINNTOPPEN AS",288266060,69.6637802195128,18.9323540299587
"WORKINNTOPPEN AS",288266061,69.6637802195128,18.9323540299587
"WORKINNTOPPEN AS",288266062,69.6637802195128,18.9323540299587
"WORKINNTOPPEN AS",288266063,69.6637802195128,18.9323540299587
"WORKINNTOPPEN AS",288266064,69.6637802195128,18.9323540299587
"WORKINNTOPPEN AS",288266065,69.6637802195128,18.9323540299587
"WORKINNTOPPEN AS",288266066,69.6637802195128,18.9323540299587
"WORKINNTOPPEN AS",288266067,69.6637802195128,18.9323540299587
"WORKINNTOPPEN AS",288266068,69.6637802195128,18.9323540299587
"WORKINNTOPPEN AS",288266069,69.6637802195128,18.9323540299587
"WORKINNTOPPEN AS",288266070,69.6637802195128,18.9323540299587
"WORKINNTOPPEN AS",288266071,69.6637802195128,18.9323540299587
"WORKINNTOPPEN AS",288266072,69.6637802195128,18.9323540299587
"WORKINNTOPPEN AS",288266073,69.6637802195128,18.9323540299587
"WORKINNTOPPEN AS",288266074,69.6637802195128,18.9323540299587
"WORKINNTOPPEN AS",288266075,69.6637802195128,18.9323540299587
"WORKINNTOPPEN AS",288266076,69.6637802195128,18.9323540299587
"WORKINNTOPPEN AS",288266077,69.6637802195128,18.9323540299587
"WORKINNTOPPEN AS",288266078,69.6637802195128,18.9323540299587
"WORKINNTOPPEN AS",288266079,69.6637802195128,18.9323540299587
"WORKINNTOPPEN AS",293126495,69.6634265632594,18.933182159842
"WORKINNTOPPEN AS",293126496,69.6634265632594,18.933182159842
"WORKINNTOPPEN AS",293126497,69.6634265632594,18.933182159842
"WORKINNTOPPEN AS",293126498,69.6634265632594,18.933182159842
"WORKINNTOPPEN AS",293126499,69.6634265632594,18.933182159842
"WORKINNTOPPEN AS",293126503,69.6634265632594,18.933182159842
"WORKINNTOPPEN AS",293126504,69.6634265632594,18.933182159842
"WORKINNTOPPEN AS",293126505,69.6634265632594,18.933182159842
"WORKINNTOPPEN AS",293126506,69.6634265632594,18.933182159842
"WORKINNTOPPEN AS",293126508,69.6634265632594,18.933182159842
"WORKINNTOPPEN AS",293126509,69.6634265632594,18.933182159842
"WORKINNTOPPEN AS",293126510,69.6634265632594,18.933182159842
"WORKINNTOPPEN AS",293126511,69.6634265632594,18.933182159842
"WORKINNTOPPEN AS",293126512,69.6634265632594,18.933182159842
"WORKINNTOPPEN AS",293126513,69.6634265632594,18.933182159842
"WORKINNTOPPEN AS",293126514,69.6634265632594,18.933182159842
"WORKINNTOPPEN AS",293126515,69.6634265632594,18.933182159842
"WORKINNTOPPEN AS",293126516,69.6634265632594,18.933182159842
"WORKINNTOPPEN AS",293126517,69.6634265632594,18.933182159842
"WORKINNTOPPEN AS",293126518,69.6634265632594,18.933182159842
"WORKINNTOPPEN AS",293126520,69.6634265632594,18.933182159842
"WORKINNTOPPEN AS",293126521,69.6634265632594,18.933182159842
"WORKINNTOPPEN AS",293126522,69.6634265632594,18.933182159842
"WORKINNTOPPEN AS",293126523,69.6634265632594,18.933182159842
"WORKINNTOPPEN AS",293126524,69.6634265632594,18.933182159842
"WORKINNTOPPEN AS",293126525,69.6634265632594,18.933182159842
"WORKINNTOPPEN AS",293126526,69.6634265632594,18.933182159842
"WORKINNTOPPEN AS",293126527,69.6634265632594,18.933182159842
"WORKINNTOPPEN AS",293126528,69.6634265632594,18.933182159842
"WORKINNTOPPEN AS",293126529,69.6634265632594,18.933182159842
"WORKINNTOPPEN AS",293126530,69.6634265632594,18.933182159842
"WORKINNTOPPEN AS",293126531,69.6634265632594,18.933182159842
"WORKINNTOPPEN AS",293126532,69.6634265632594,18.933182159842
"WORKINNTOPPEN AS",293126533,69.6634265632594,18.933182159842
"WORKINNTOPPEN AS",293126534,69.6634265632594,18.933182159842
"WORKINNTOPPEN AS",293126535,69.6634265632594,18.933182159842
"WORKINNTOPPEN AS",293126536,69.6634265632594,18.933182159842
"WORKINNTOPPEN AS",293126537,69.6634265632594,18.933182159842
"WORKINNTOPPEN AS",293126539,69.6630829227569,18.9325218358962
"WORKINNTOPPEN AS",293126540,69.6630829227569,18.9325218358962
"WORKINNTOPPEN AS",293126541,69.6630829227569,18.9325218358962
"WORKINNTOPPEN AS",293126542,69.6630829227569,18.9325218358962
"WORKINNTOPPEN AS",293126543,69.6630829227569,18.9325218358962
"WORKINNTOPPEN AS",293126544,69.6630829227569,18.9325218358962
"WORKINNTOPPEN AS",293126545,69.6630829227569,18.9325218358962
"WORKINNTOPPEN AS",293126548,69.6630829227569,18.9325218358962
"WORKINNTOPPEN AS",293126549,69.6630829227569,18.9325218358962
"WORKINNTOPPEN AS",293126553,69.6630829227569,18.9325218358962
"WORKINNTOPPEN AS",293126554,69.6630829227569,18.9325218358962
"WORKINNTOPPEN AS",293126557,69.6630829227569,18.9325218358962
"WORKINNTOPPEN AS",293126558,69.6630829227569,18.9325218358962
"WORKINNTOPPEN AS",293126559,69.6630829227569,18.9325218358962
"WORKINNTOPPEN AS",293126560,69.6630829227569,18.9325218358962
"WORKINNTOPPEN AS",293126561,69.6630829227569,18.9325218358962
"WORKINNTOPPEN AS",293126562,69.6630829227569,18.9325218358962
"WORKINNTOPPEN AS",293126563,69.6630829227569,18.9325218358962
"WORKINNTOPPEN AS",293126564,69.6630829227569,18.9325218358962
"WORKINNTOPPEN AS",293126565,69.6630829227569,18.9325218358962
"WORKINNTOPPEN AS",293126566,69.6630829227569,18.9325218358962
"WORKINNTOPPEN AS",293126567,69.6630829227569,18.9325218358962
"WORKINNTOPPEN AS",293126568,69.6630829227569,18.9325218358962
"WORKINNTOPPEN AS",293126569,69.6630829227569,18.9325218358962
"WORKINNTOPPEN AS",293126570,69.6630829227569,18.9325218358962
"WORKINNTOPPEN AS",293126571,69.6630829227569,18.9325218358962
"WORKINNTOPPEN AS",293126574,69.6630829227569,18.9325218358962
"WORKINNTOPPEN AS",293126576,69.6630829227569,18.9325218358962
"WORKINNTOPPEN AS",293126577,69.6630829227569,18.9325218358962
"WORKINNTOPPEN AS",293126578,69.6630829227569,18.9325218358962
"WORKINNTOPPEN AS",293126579,69.6630829227569,18.9325218358962
"WORKINNTOPPEN AS",293126580,69.6630829227569,18.9325218358962
"WORKINNTOPPEN AS",293126581,69.6630829227569,18.9325218358962
"WORKINNTOPPEN AS",293126582,69.6630829227569,18.9325218358962
"WORKINNTOPPEN AS",293126583,69.6630829227569,18.9325218358962
"WORKINNTOPPEN AS",293126586,69.6630829227569,18.9325218358962
"WORKINNTOPPEN AS",293126587,69.6630829227569,18.9325218358962
"WORKINNTOPPEN AS",304422179,69.664062292829,18.9343977460311
"WORKINNTOPPEN AS",304422180,69.664062292829,18.9343977460311
"WORKINNTOPPEN AS",304422183,69.664062292829,18.9343977460311
"WORKINNTOPPEN AS",304422184,69.664062292829,18.9343977460311
"WORKINNTOPPEN AS",304422185,69.664062292829,18.9343977460311
"WORKINNTOPPEN AS",304422186,69.664062292829,18.9343977460311
"WORKINNTOPPEN AS",304422187,69.664062292829,18.9343977460311
"WORKINNTOPPEN AS",304422188,69.664062292829,18.9343977460311
"WORKINNTOPPEN AS",304422189,69.664062292829,18.9343977460311
"WORKINNTOPPEN AS",304422190,69.664062292829,18.9343977460311
"WORKINNTOPPEN AS",304422195,69.664062292829,18.9343977460311
"WORKINNTOPPEN AS",304422196,69.664062292829,18.9343977460311
"WORKINNTOPPEN AS",304422197,69.664062292829,18.9343977460311
"WORKINNTOPPEN AS",304422198,69.664062292829,18.9343977460311
"WORKINNTOPPEN AS",304422199,69.664062292829,18.9343977460311
"WORKINNTOPPEN AS",304422200,69.664062292829,18.9343977460311
"WORKINNTOPPEN AS",304422201,69.664062292829,18.9343977460311
"WORKINNTOPPEN AS",304422202,69.664062292829,18.9343977460311
"WORKINNTOPPEN AS",304422203,69.664062292829,18.9343977460311
"WORKINNTOPPEN AS",304422204,69.664062292829,18.9343977460311
"WORKINNTOPPEN AS",304422205,69.664062292829,18.9343977460311
"WORKINNTOPPEN AS",304422206,69.664062292829,18.9343977460311
"WORKINNTOPPEN AS",304422207,69.664062292829,18.9343977460311
"WORKINNTOPPEN AS",304422208,69.664062292829,18.9343977460311
"WORKINNTOPPEN AS",304422209,69.664062292829,18.9343977460311
"WORKINNTOPPEN AS",304422210,69.664062292829,18.9343977460311
"WORKINNTOPPEN AS",304422211,69.664062292829,18.9343977460311
"WORKINNTOPPEN AS",304422212,69.664062292829,18.9343977460311
"WORKINNTOPPEN AS",304422213,69.664062292829,18.9343977460311
"WORKINNTOPPEN AS",304422214,69.664062292829,18.9343977460311
"WORKINNTOPPEN AS",304422215,69.664062292829,18.9343977460311
"WORKINNTOPPEN AS",304422216,69.664062292829,18.9343977460311
"WORKINNTOPPEN AS",304422217,69.664062292829,18.9343977460311
"WORKINNTOPPEN AS",304422218,69.664062292829,18.9343977460311
"WORKINNTOPPEN AS",304422219,69.664062292829,18.9343977460311
"WORKINNTOPPEN AS",304422220,69.664062292829,18.9343977460311
"WORKINNTOPPEN AS",304422225,69.6637495363668,18.9337224438604
"WORKINNTOPPEN AS",304422226,69.6637495363668,18.9337224438604
"WORKINNTOPPEN AS",304422229,69.6637495363668,18.9337224438604
"WORKINNTOPPEN AS",304422230,69.6637495363668,18.9337224438604
"WORKINNTOPPEN AS",304422231,69.6637495363668,18.9337224438604
"WORKINNTOPPEN AS",304422232,69.6637495363668,18.9337224438604
"WORKINNTOPPEN AS",304422233,69.6637495363668,18.9337224438604
"WORKINNTOPPEN AS",304422234,69.6637495363668,18.9337224438604
"WORKINNTOPPEN AS",304422235,69.6637495363668,18.9337224438604
"WORKINNTOPPEN AS",304422236,69.6637495363668,18.9337224438604
"WORKINNTOPPEN AS",304422237,69.6637495363668,18.9337224438604
"WORKINNTOPPEN AS",304422238,69.6637495363668,18.9337224438604
"WORKINNTOPPEN AS",304422239,69.6637495363668,18.9337224438604
"WORKINNTOPPEN AS",304422240,69.6637495363668,18.9337224438604
"WORKINNTOPPEN AS",304422241,69.6637495363668,18.9337224438604
"WORKINNTOPPEN AS",304422244,69.6637495363668,18.9337224438604
"WORKINNTOPPEN AS",304422245,69.6637495363668,18.9337224438604
"WORKINNTOPPEN AS",304422246,69.6637495363668,18.9337224438604
"WORKINNTOPPEN AS",304422247,69.6637495363668,18.9337224438604
"WORKINNTOPPEN AS",304422248,69.6637495363668,18.9337224438604
"WORKINNTOPPEN AS",304422249,69.6637495363668,18.9337224438604
"WORKINNTOPPEN AS",304422250,69.6637495363668,18.9337224438604
"WORKINNTOPPEN AS",304422251,69.6637495363668,18.9337224438604
"WORKINNTOPPEN AS",304422252,69.6637495363668,18.9337224438604
"WORKINNTOPPEN AS",304422253,69.6637495363668,18.9337224438604
"WORKINNTOPPEN AS",304422254,69.6637495363668,18.9337224438604
"WORKINNTOPPEN AS",304422255,69.6637495363668,18.9337224438604
"WORKINNTOPPEN AS",304422256,69.6637495363668,18.9337224438604
"WORKINNTOPPEN AS",304422257,69.6637495363668,18.9337224438604
"WORKINNTOPPEN AS",304422258,69.6637495363668,18.9337224438604
"WORKINNTOPPEN AS",304422259,69.6637495363668,18.9337224438604
"WORKINNTOPPEN AS",304422260,69.6637495363668,18.9337224438604
"WORKINNTOPPEN AS",304422261,69.6637495363668,18.9337224438604
"WORKINNTOPPEN AS",304422262,69.6637495363668,18.9337224438604
"WORKINNTOPPEN AS",304422263,69.6637495363668,18.9337224438604
"WORKINNTOPPEN AS",304422264,69.6637495363668,18.9337224438604
"WORKINNTOPPEN AS",304422265,69.6637495363668,18.9337224438604
"WORKINNTOPPEN AS",307861108,69.6644894208699,18.9329374850286
"WORKINNTOPPEN AS",307861109,69.6644894208699,18.9329374850286
"WORKINNTOPPEN AS",307861110,69.6644894208699,18.9329374850286
"WORKINNTOPPEN AS",307861111,69.6644894208699,18.9329374850286
"WORKINNTOPPEN AS",307861112,69.6644894208699,18.9329374850286
"WORKINNTOPPEN AS",307861113,69.6644894208699,18.9329374850286
"WORKINNTOPPEN AS",307861114,69.6644894208699,18.9329374850286
"WORKINNTOPPEN AS",307861115,69.6644894208699,18.9329374850286
"WORKINNTOPPEN AS",307861116,69.6644894208699,18.9329374850286
"WORKINNTOPPEN AS",307861117,69.6644894208699,18.9329374850286
"WORKINNTOPPEN AS",307861118,69.6644894208699,18.9329374850286
"WORKINNTOPPEN AS",307861119,69.6644894208699,18.9329374850286
"WORKINNTOPPEN AS",307861120,69.6644894208699,18.9329374850286
"WORKINNTOPPEN AS",307861123,69.6644894208699,18.9329374850286
"WORKINNTOPPEN AS",307861124,69.6644894208699,18.9329374850286
"WORKINNTOPPEN AS",307861125,69.6644894208699,18.9329374850286
"WORKINNTOPPEN AS",307861126,69.6644894208699,18.9329374850286
"WORKINNTOPPEN AS",307861127,69.6644894208699,18.9329374850286
"WORKINNTOPPEN AS",307861128,69.6644894208699,18.9329374850286
"WORKINNTOPPEN AS",307861129,69.6644894208699,18.9329374850286
"WORKINNTOPPEN AS",307861130,69.6644894208699,18.9329374850286
"WORKINNTOPPEN AS",307861131,69.6641480647663,18.9325358492129
"WORKINNTOPPEN AS",307861132,69.6641480647663,18.9325358492129
"WORKINNTOPPEN AS",307861133,69.6641480647663,18.9325358492129
"WORKINNTOPPEN AS",307861134,69.6641480647663,18.9325358492129
"WORKINNTOPPEN AS",307861135,69.6641480647663,18.9325358492129
"WORKINNTOPPEN AS",307861136,69.6641480647663,18.9325358492129
"WORKINNTOPPEN AS",307861137,69.6641480647663,18.9325358492129
"WORKINNTOPPEN AS",307861138,69.6641480647663,18.9325358492129
"WORKINNTOPPEN AS",307861139,69.6641480647663,18.9325358492129
"WORKINNTOPPEN AS",307861140,69.6641480647663,18.9325358492129
"WORKINNTOPPEN AS",307861141,69.6641480647663,18.9325358492129
"WORKINNTOPPEN AS",307861142,69.6641480647663,18.9325358492129
"WORKINNTOPPEN AS",307861143,69.6641480647663,18.9325358492129
"WORKINNTOPPEN AS",307861144,69.6641480647663,18.9325358492129
"WORKINNTOPPEN AS",307861145,69.6641480647663,18.9325358492129
"WORKINNTOPPEN AS",307861146,69.6641480647663,18.9325358492129
"WORKINNTOPPEN AS",307861147,69.6641480647663,18.9325358492129
"WORKINNTOPPEN AS",307861149,69.6641480647663,18.9325358492129
"WORKINNTOPPEN AS",307861150,69.6641480647663,18.9325358492129
"WORKINNTOPPEN AS",307861151,69.6641480647663,18.9325358492129
"WORKINNTOPPEN AS",307861152,69.6641480647663,18.9325358492129
"WORKINNTOPPEN AS",307861153,69.6641480647663,18.9325358492129
"WORKINNTOPPEN AS",307861155,69.6641480647663,18.9325358492129
"WORKINNTOPPEN AS",307861156,69.6641480647663,18.9325358492129
"WORKINNTOPPEN AS",307861157,69.6641480647663,18.9325358492129
"WORKINNTOPPEN AS",307861158,69.6641480647663,18.9325358492129
"WORKINNTOPPEN AS",307861159,69.6644894208699,18.9329374850286
"WORKINNTOPPEN AS",307861162,69.6644894208699,18.9329374850286
"WORKINNTOPPEN AS",307861163,69.6644894208699,18.9329374850286
"WORKINNTOPPEN AS",307861164,69.6644894208699,18.9329374850286
"WORKINNTOPPEN AS",307861165,69.6644894208699,18.9329374850286
"WORKINNTOPPEN AS",307861166,69.6644894208699,18.9329374850286
"WORKINNTOPPEN AS",307861167,69.6644894208699,18.9329374850286
"WORKINNTOPPEN AS",454921954,69.664441887092,18.9356976313003
"WORKINNTOPPEN AS",454921957,69.664441887092,18.9356976313003
"WORKINNTOPPEN AS",454921960,69.664441887092,18.9356976313003
"WORKINNTOPPEN AS",454921963,69.664441887092,18.9356976313003
"WORKINNTOPPEN AS",454921966,69.664441887092,18.9356976313003
"WORKINNTOPPEN AS",454921969,69.664441887092,18.9356976313003
"WORKINNTOPPEN AS",454921975,69.664441887092,18.9356976313003
"WORKINNTOPPEN AS",454921978,69.664441887092,18.9356976313003
"WORKINNTOPPEN AS",454921981,69.664441887092,18.9356976313003
"WORKINNTOPPEN AS",454921984,69.664441887092,18.9356976313003
"WORKINNTOPPEN AS",454921987,69.664441887092,18.9356976313003
"WORKINNTOPPEN AS",454921990,69.664441887092,18.9356976313003
"WORKINNTOPPEN AS",454921993,69.664441887092,18.9356976313003
"WORKINNTOPPEN AS",454921996,69.664441887092,18.9356976313003
"WORKINNTOPPEN AS",454921999,69.664441887092,18.9356976313003
"WORKINNTOPPEN AS",454922002,69.664441887092,18.9356976313003
"WORKINNTOPPEN AS",454922005,69.664441887092,18.9356976313003
"WORKINNTOPPEN AS",454922008,69.664441887092,18.9356976313003
"WORKINNTOPPEN AS",454922011,69.664441887092,18.9356976313003
"WORKINNTOPPEN AS",454922017,69.664441887092,18.9356976313003
"WORKINNTOPPEN AS",454922020,69.664441887092,18.9356976313003
"WORKINNTOPPEN AS",454922023,69.664441887092,18.9356976313003
"WORKINNTOPPEN AS",454922026,69.664441887092,18.9356976313003
"WORKINNTOPPEN AS",454922029,69.664441887092,18.9356976313003
"WORKINNTOPPEN AS",454922032,69.664441887092,18.9356976313003
"WORKINNTOPPEN AS",454922035,69.664441887092,18.9356976313003
"WORKINNTOPPEN AS",454922038,69.664441887092,18.9356976313003
"WORKINNTOPPEN AS",454922041,69.664441887092,18.9356976313003
"WORKINNTOPPEN AS",454922044,69.664441887092,18.9356976313003
"WORKINNTOPPEN AS",454922047,69.664441887092,18.9356976313003
"WORKINNTOPPEN AS",454922050,69.664441887092,18.9356976313003
"WORKINNTOPPEN AS",454922053,69.664441887092,18.9356976313003
"WORKINNTOPPEN AS",454922056,69.664441887092,18.9356976313003
"WORKINNTOPPEN AS",454922059,69.664441887092,18.9356976313003
"WORKINNTOPPEN AS",454922062,69.664441887092,18.9356976313003
"WORKINNTOPPEN AS",454922065,69.664441887092,18.9356976313003
"WORKINNTOPPEN AS",454922068,69.664441887092,18.9356976313003
"WORKINNTOPPEN AS",454922071,69.664441887092,18.9356976313003
"WORKINNTOPPEN AS",454922074,69.664441887092,18.9356976313003
"WORKINNTOPPEN AS",454922077,69.664441887092,18.9356976313003
"WORKINNTOPPEN AS",454922080,69.664441887092,18.9356976313003
"WORKINNTOPPEN AS",485697918,69.6648452833668,18.9361366639857
"WORKINNTOPPEN AS",485697921,69.6648452833668,18.9361366639857
"WORKINNTOPPEN AS",485697924,69.6648452833668,18.9361366639857
"WORKINNTOPPEN AS",485697927,69.6648452833668,18.9361366639857
"WORKINNTOPPEN AS",485697930,69.6648452833668,18.9361366639857
"WORKINNTOPPEN AS",485697933,69.6648452833668,18.9361366639857
"WORKINNTOPPEN AS",485697936,69.6648452833668,18.9361366639857
"WORKINNTOPPEN AS",485697939,69.6648452833668,18.9361366639857
"WORKINNTOPPEN AS",485697942,69.6648452833668,18.9361366639857
"WORKINNTOPPEN AS",485697945,69.6648452833668,18.9361366639857
"WORKINNTOPPEN AS",485697948,69.6648452833668,18.9361366639857
"WORKINNTOPPEN AS",485697951,69.6648452833668,18.9361366639857
"WORKINNTOPPEN AS",485697954,69.6648452833668,18.9361366639857
"WORKINNTOPPEN AS",485697957,69.6648452833668,18.9361366639857
"WORKINNTOPPEN AS",485697960,69.6648452833668,18.9361366639857
"WORKINNTOPPEN AS",485697963,69.6648452833668,18.9361366639857
"WORKINNTOPPEN AS",485697966,69.6648452833668,18.9361366639857
"WORKINNTOPPEN AS",485697969,69.6648452833668,18.9361366639857
"WORKINNTOPPEN AS",485697972,69.6648452833668,18.9361366639857
"WORKINNTOPPEN AS",485697975,69.6648452833668,18.9361366639857
"WORKINNTOPPEN AS",485697978,69.6648452833668,18.9361366639857
"WORKINNTOPPEN AS",485697981,69.6648452833668,18.9361366639857
"WORKINNTOPPEN AS",485697984,69.6648452833668,18.9361366639857
"WORKINNTOPPEN AS",485697987,69.6648452833668,18.9361366639857
"WORKINNTOPPEN AS",485697990,69.6648452833668,18.9361366639857
"WORKINNTOPPEN AS",485697993,69.6648452833668,18.9361366639857
"WORKINNTOPPEN AS",485697996,69.6648452833668,18.9361366639857
"WORKINNTOPPEN AS",485697999,69.6648452833668,18.9361366639857
"WORKINNTOPPEN AS",485698002,69.6648452833668,18.9361366639857
"WORKINNTOPPEN AS",485698005,69.6650982928564,18.935550748782
"WORKINNTOPPEN AS",485698008,69.6650982928564,18.935550748782
"WORKINNTOPPEN AS",485698011,69.6650982928564,18.935550748782
"WORKINNTOPPEN AS",485698014,69.6650982928564,18.935550748782
"WORKINNTOPPEN AS",485698017,69.6650982928564,18.935550748782
"WORKINNTOPPEN AS",485698020,69.6650982928564,18.935550748782
"WORKINNTOPPEN AS",485698023,69.6650982928564,18.935550748782
"WORKINNTOPPEN AS",485698026,69.6650982928564,18.935550748782
"WORKINNTOPPEN AS",485698029,69.6650982928564,18.935550748782
"WORKINNTOPPEN AS",485698032,69.6650982928564,18.935550748782
"WORKINNTOPPEN AS",485698035,69.6650982928564,18.935550748782
"WORKINNTOPPEN AS",485698038,69.6650982928564,18.935550748782
"WORKINNTOPPEN AS",485698041,69.6650982928564,18.935550748782
"WORKINNTOPPEN AS",485698044,69.6650982928564,18.935550748782
"WORKINNTOPPEN AS",485698047,69.6650982928564,18.935550748782
"WORKINNTOPPEN AS",485698050,69.6650982928564,18.935550748782
"WORKINNTOPPEN AS",485698053,69.6650982928564,18.935550748782
"WORKINNTOPPEN AS",485698056,69.6650982928564,18.935550748782
"WORKINNTOPPEN AS",485698059,69.6650982928564,18.935550748782
"WORKINNTOPPEN AS",485698062,69.6650982928564,18.935550748782
"WORKINNTOPPEN AS",485698065,69.6650982928564,18.935550748782
"WORKINNTOPPEN AS",485698068,69.6650982928564,18.935550748782
"WORKINNTOPPEN AS",485698071,69.6650982928564,18.935550748782
"WORKINNTOPPEN AS",485698074,69.6650982928564,18.935550748782
"WORKINNTOPPEN AS",485698077,69.6650982928564,18.935550748782
"WORKINNTOPPEN AS",485698080,69.6650982928564,18.935550748782
"WORKINNTOPPEN AS",485698083,69.6650982928564,18.935550748782
"WORKINNTOPPEN AS",485698086,69.6650982928564,18.935550748782
"WORKINNTOPPEN AS",485698089,69.6650982928564,18.935550748782
"WORKINNTOPPEN AS",541524907,69.6647657411714,18.9345565958521
"WORKINNTOPPEN AS",541524910,69.6647657411714,18.9345565958521
"WORKINNTOPPEN AS",541524913,69.6647657411714,18.9345565958521
"WORKINNTOPPEN AS",541524916,69.6647657411714,18.9345565958521
"WORKINNTOPPEN AS",541524919,69.6647657411714,18.9345565958521
"WORKINNTOPPEN AS",541524922,69.6647657411714,18.9345565958521
"WORKINNTOPPEN AS",541524925,69.6647657411714,18.9345565958521
"WORKINNTOPPEN AS",541524928,69.6647657411714,18.9345565958521
"WORKINNTOPPEN AS",541524931,69.6647657411714,18.9345565958521
"WORKINNTOPPEN AS",541524934,69.6647657411714,18.9345565958521
"WORKINNTOPPEN AS",541524937,69.6647657411714,18.9345565958521
"WORKINNTOPPEN AS",541524940,69.6647657411714,18.9345565958521
"WORKINNTOPPEN AS",541524943,69.6647657411714,18.9345565958521
"WORKINNTOPPEN AS",541524946,69.6647657411714,18.9345565958521
"WORKINNTOPPEN AS",541524949,69.6647657411714,18.9345565958521
"WORKINNTOPPEN AS",541524952,69.6647657411714,18.9345565958521
"WORKINNTOPPEN AS",541524955,69.6647657411714,18.9345565958521
"WORKINNTOPPEN AS",541524958,69.6647657411714,18.9345565958521
"WORKINNTOPPEN AS",541524961,69.6647657411714,18.9345565958521
"WORKINNTOPPEN AS",541524964,69.6647657411714,18.9345565958521
"WORKINNTOPPEN AS",541524967,69.6647657411714,18.9345565958521
"WORKINNTOPPEN AS",541524970,69.6647657411714,18.9345565958521
"WORKINNTOPPEN AS",541524973,69.6647657411714,18.9345565958521
"WORKINNTOPPEN AS",541524976,69.6647657411714,18.9345565958521
"WORKINNTOPPEN AS",541524979,69.6647657411714,18.9345565958521
"WORKINNTOPPEN AS",541524982,69.6647657411714,18.9345565958521
"WORKINNTOPPEN AS",541524985,69.6647657411714,18.9345565958521
"WORKINNTOPPEN AS",541524988,69.6647657411714,18.9345565958521
"WORKINNTOPPEN AS",597752047,69.6653382270345,18.9349468965315
"WORKINNTOPPEN AS",597752050,69.6653382270345,18.9349468965315
"WORKINNTOPPEN AS",597752053,69.6653382270345,18.9349468965315
"WORKINNTOPPEN AS",597752056,69.6653382270345,18.9349468965315
"WORKINNTOPPEN AS",597752059,69.6653382270345,18.9349468965315
"WORKINNTOPPEN AS",597752062,69.6653382270345,18.9349468965315
"WORKINNTOPPEN AS",597752065,69.6653382270345,18.9349468965315
"WORKINNTOPPEN AS",597752068,69.6653382270345,18.9349468965315
"WORKINNTOPPEN AS",597752071,69.6653382270345,18.9349468965315
"WORKINNTOPPEN AS",597752074,69.6653382270345,18.9349468965315
"WORKINNTOPPEN AS",597752077,69.6653382270345,18.9349468965315
"WORKINNTOPPEN AS",597752080,69.6653382270345,18.9349468965315
"WORKINNTOPPEN AS",597752083,69.6653382270345,18.9349468965315
"WORKINNTOPPEN AS",597752086,69.6653382270345,18.9349468965315
"WORKINNTOPPEN AS",597752089,69.6653382270345,18.9349468965315
"WORKINNTOPPEN AS",597752092,69.6653382270345,18.9349468965315
"WORKINNTOPPEN AS",597752095,69.6653382270345,18.9349468965315
"WORKINNTOPPEN AS",597752098,69.6653382270345,18.9349468965315
"WORKINNTOPPEN AS",597752101,69.6653382270345,18.9349468965315
"WORKINNTOPPEN AS",597752104,69.6653382270345,18.9349468965315
"WORKINNTOPPEN AS",597752107,69.6653382270345,18.9349468965315
"WORKINNTOPPEN AS",597752110,69.6653382270345,18.9349468965315
"WORKINNTOPPEN AS",597752113,69.6653382270345,18.9349468965315
"WORKINNTOPPEN AS",597752116,69.6653382270345,18.9349468965315
"WORKINNTOPPEN AS",597752119,69.6653382270345,18.9349468965315
"WORKINNTOPPEN AS",597752122,69.6653382270345,18.9349468965315
"WORKINNTOPPEN AS",597752125,69.6653382270345,18.9349468965315
"WORKINNTOPPEN AS",597752128,69.6653382270345,18.9349468965315
"WORKINNTOPPEN AS",597752131,69.6653382270345,18.9349468965315
"WORKINNTOPPEN AS",597752134,69.6653382270345,18.9349468965315
"WORKINNTOPPEN AS",597752137,69.6653382270345,18.9349468965315
"WORKINNTOPPEN AS",597752140,69.6655328216533,18.9344017847057
"WORKINNTOPPEN AS",597752143,69.6655328216533,18.9344017847057
"WORKINNTOPPEN AS",597752146,69.6655328216533,18.9344017847057
"WORKINNTOPPEN AS",597752149,69.6655328216533,18.9344017847057
"WORKINNTOPPEN AS",597752152,69.6657489210484,18.9344599390414
"WORKINNTOPPEN AS",597752155,69.6657489210484,18.9344599390414
"WORKINNTOPPEN AS",597752158,69.6657489210484,18.9344599390414
"WORKINNTOPPEN AS",597752161,69.6657489210484,18.9344599390414
"WORKINNTOPPEN AS",597752164,69.6655328216533,18.9344017847057
"WORKINNTOPPEN AS",597752167,69.6655328216533,18.9344017847057
"WORKINNTOPPEN AS",597752170,69.6655328216533,18.9344017847057
"WORKINNTOPPEN AS",597752173,69.6655328216533,18.9344017847057
"WORKINNTOPPEN AS",597752176,69.6657489210484,18.9344599390414
"WORKINNTOPPEN AS",597752179,69.6657489210484,18.9344599390414
"WORKINNTOPPEN AS",597752182,69.6657489210484,18.9344599390414
"WORKINNTOPPEN AS",597752185,69.6657489210484,18.9344599390414
"WORKINNTOPPEN AS",597752188,69.6657489210484,18.9344599390414
"WORKINNTOPPEN AS",597752191,69.6657489210484,18.9344599390414
"WORKINNTOPPEN AS",597752194,69.6657489210484,18.9344599390414
"WORKINNTOPPEN AS",597752197,69.6655328216533,18.9344017847057
"WORKINNTOPPEN AS",597752200,69.6655328216533,18.9344017847057
"WORKINNTOPPEN AS",597752203,69.6655328216533,18.9344017847057
"WORKINNTOPPEN AS",597752206,69.6655328216533,18.9344017847057
"WORKINNTOPPEN AS",597752209,69.6655328216533,18.9344017847057
"WORKINNTOPPEN AS",597752212,69.6657489210484,18.9344599390414
"WORKINNTOPPEN AS",597752215,69.6657489210484,18.9344599390414
"WORKINNTOPPEN AS",597752218,69.6657489210484,18.9344599390414
"WORKINNTOPPEN AS",597752221,69.6657489210484,18.9344599390414
"WORKINNTOPPEN AS",597752224,69.6655328216533,18.9344017847057
"WORKINNTOPPEN AS",597752227,69.6655328216533,18.9344017847057
"WORKINNTOPPEN AS",597752230,69.6655328216533,18.9344017847057
"WORKINNTOPPEN AS",597752233,69.6655328216533,18.9344017847057
"WORKINNTOPPEN AS",597752236,69.6657489210484,18.9344599390414
"WORKINNTOPPEN AS",597752239,69.6657489210484,18.9344599390414
"WORKINNTOPPEN AS",597752242,69.6657489210484,18.9344599390414
"WORKINNTOPPEN AS",597752245,69.6657489210484,18.9344599390414
"WORKINNTOPPEN AS",597752248,69.6655328216533,18.9344017847057
"WORKINNTOPPEN AS",597752251,69.6655328216533,18.9344017847057
"WORKINNTOPPEN AS",597752254,69.6655328216533,18.9344017847057
"WORKINNTOPPEN AS",597752257,69.6655328216533,18.9344017847057
"WORKINNTOPPEN AS",597752260,69.6657489210484,18.9344599390414
"WORKINNTOPPEN AS",597752263,69.6657489210484,18.9344599390414
"WORKINNTOPPEN AS",597752266,69.6657489210484,18.9344599390414
"WORKINNTOPPEN AS",597752269,69.6657489210484,18.9344599390414
"WORKINNTOPPEN AS",597752272,69.6655328216533,18.9344017847057
"WORKINNTOPPEN AS",597752275,69.6655328216533,18.9344017847057
"WORKINNTOPPEN AS",597752278,69.6655328216533,18.9344017847057
"WORKINNTOPPEN AS",597752281,69.6655328216533,18.9344017847057
"WORKINNTOPPEN AS",597752284,69.6657489210484,18.9344599390414
"WORKINNTOPPEN AS",597752287,69.6657489210484,18.9344599390414
"WORKINNTOPPEN AS",597752290,69.6657489210484,18.9344599390414
"WORKINNTOPPEN AS",597752293,69.6657489210484,18.9344599390414
"WORKINNTOPPEN AS",597752296,69.6655328216533,18.9344017847057
"WORKINNTOPPEN AS",597752299,69.6655328216533,18.9344017847057
"WORKINNTOPPEN AS",597752302,69.6657489210484,18.9344599390414
"WORKINNTOPPEN AS",776842229,69.6648296788751,18.9333079341658
"WORKINNTOPPEN AS",776842232,69.6648296788751,18.9333079341658
"WORKINNTOPPEN AS",776842235,69.6648296788751,18.9333079341658
"WORKINNTOPPEN AS",776842238,69.6648296788751,18.9333079341658
"WORKINNTOPPEN AS",776842241,69.6648296788751,18.9333079341658
"WORKINNTOPPEN AS",776842244,69.6648296788751,18.9333079341658
"WORKINNTOPPEN AS",776842247,69.6648296788751,18.9333079341658
"WORKINNTOPPEN AS",776842250,69.6648296788751,18.9333079341658
"WORKINNTOPPEN AS",776842253,69.6648296788751,18.9333079341658
"WORKINNTOPPEN AS",776842256,69.6648296788751,18.9333079341658
"WORKINNTOPPEN AS",776842259,69.6648296788751,18.9333079341658
"WORKINNTOPPEN AS",776842262,69.6648296788751,18.9333079341658
"WORKINNTOPPEN AS",776842265,69.6648296788751,18.9333079341658
"WORKINNTOPPEN AS",776842268,69.6648296788751,18.9333079341658
"WORKINNTOPPEN AS",776842271,69.6648296788751,18.9333079341658
"WORKINNTOPPEN AS",776842274,69.6648296788751,18.9333079341658
"WORKINNTOPPEN AS",776842277,69.6648296788751,18.9333079341658
"WORKINNTOPPEN AS",776842280,69.6648296788751,18.9333079341658
"WORKINNTOPPEN AS",776842283,69.6648296788751,18.9333079341658
"WORKINNTOPPEN AS",776842286,69.6648296788751,18.9333079341658
"WORKINNTOPPEN AS",776842289,69.6648296788751,18.9333079341658
"WORKINNTOPPEN AS",776842292,69.6648296788751,18.9333079341658
"WORKINNTOPPEN AS",776842295,69.6648296788751,18.9333079341658
"WORKINNTOPPEN AS",776842298,69.6648296788751,18.9333079341658
"WORKINNTOPPEN AS",776842301,69.6648296788751,18.9333079341658
"WORKINNTOPPEN AS",776842304,69.6648296788751,18.9333079341658
"WORKINNTOPPEN AS",776842307,69.6648296788751,18.9333079341658
"WORKINNTOPPEN AS",776842310,69.6648296788751,18.9333079341658
"WORKINNTOPPEN AS",776842313,69.665165435532,18.9337989651493
"WORKINNTOPPEN AS",776842316,69.665165435532,18.9337989651493
"WORKINNTOPPEN AS",776842319,69.665165435532,18.9337989651493
"WORKINNTOPPEN AS",776842322,69.665165435532,18.9337989651493
"WORKINNTOPPEN AS",776842325,69.665165435532,18.9337989651493
"WORKINNTOPPEN AS",776842328,69.665165435532,18.9337989651493
"WORKINNTOPPEN AS",776842331,69.665165435532,18.9337989651493
"WORKINNTOPPEN AS",776842334,69.665165435532,18.9337989651493
"WORKINNTOPPEN AS",776842337,69.665165435532,18.9337989651493
"WORKINNTOPPEN AS",776842340,69.665165435532,18.9337989651493
"WORKINNTOPPEN AS",776842343,69.665165435532,18.9337989651493
"WORKINNTOPPEN AS",776842346,69.665165435532,18.9337989651493
"WORKINNTOPPEN AS",776842349,69.665165435532,18.9337989651493
"WORKINNTOPPEN AS",776842352,69.665165435532,18.9337989651493
"WORKINNTOPPEN AS",776842355,69.665165435532,18.9337989651493
"WORKINNTOPPEN AS",776842358,69.665165435532,18.9337989651493
"WORKINNTOPPEN AS",776842361,69.665165435532,18.9337989651493
"WORKINNTOPPEN AS",776842364,69.665165435532,18.9337989651493
"WORKINNTOPPEN AS",776842367,69.665165435532,18.9337989651493
"WORKINNTOPPEN AS",776842370,69.665165435532,18.9337989651493
"WORKINNTOPPEN AS",776842373,69.665165435532,18.9337989651493
"WORKINNTOPPEN AS",776842376,69.665165435532,18.9337989651493
"WORKINNTOPPEN AS",776842379,69.665165435532,18.9337989651493
"WORKINNTOPPEN AS",776842382,69.665165435532,18.9337989651493
"WORKINNTOPPEN AS",776842385,69.665165435532,18.9337989651493
"WORKINNTOPPEN AS",776842388,69.665165435532,18.9337989651493
"WORKINNTOPPEN AS",776842391,69.665165435532,18.9337989651493
"WORKINNTOPPEN AS",776842394,69.665165435532,18.9337989651493
"WORKINNTOPPEN AS",776842397,69.6648296788751,18.9333079341658
"WORKINNTOPPEN AS",776842400,69.6648296788751,18.9333079341658
"WORKINNTOPPEN AS",776842403,69.6648296788751,18.9333079341658
"WORKINNTOPPEN AS",776842406,69.6648296788751,18.9333079341658
"WORKINNTOPPEN AS",776842409,69.6648296788751,18.9333079341658
"WORKINNTOPPEN AS",776842412,69.6648296788751,18.9333079341658
"WORKINNTOPPEN AS",776842415,69.6648296788751,18.9333079341658
"WORKINNTOPPEN AS",776842418,69.6648296788751,18.9333079341658
"WORKINNTOPPEN AS",776842421,69.6648296788751,18.9333079341658
"WORKINNTOPPEN AS",776842424,69.6648296788751,18.9333079341658
"WORKINNTOPPEN AS",776842427,69.6648296788751,18.9333079341658
"WORKINNTOPPEN AS",776842430,69.6648296788751,18.9333079341658
"WORKINNTOPPEN AS",776842433,69.6648296788751,18.9333079341658
"WORKINNTOPPEN AS",776842436,69.6648296788751,18.9333079341658
"WORKINNTOPPEN AS",843975868,69.6648296788751,18.9333079341658
"WORKINNTOPPEN AS",843975871,69.6648296788751,18.9333079341658
"WORKINNTOPPEN AS",843975882,69.6648296788751,18.9333079341658
"WORKINNTOPPEN AS",843975885,69.6648296788751,18.9333079341658
"WORKINNTOPPEN AS",843975894,69.6648296788751,18.9333079341658
"WORKINNTOPPEN AS",843975897,69.6648296788751,18.9333079341658
"WORKINNTOPPEN AS",843975906,69.6648296788751,18.9333079341658
"WORKINNTOPPEN AS",843975912,69.6648296788751,18.9333079341658
"WORKINNTOPPEN AS",843975918,69.6648296788751,18.9333079341658
"WORKINNTOPPEN AS",882935466,69.6648296788751,18.9333079341658
"WORKINNTOPPEN AS",882935473,69.6648296788751,18.9333079341658
"WORKINNTOPPEN AS",882935481,69.6648296788751,18.9333079341658
"TENKON AS",3133650,69.6902340584644,18.7228777494762
"TENKON AS",3133695,69.6830288509666,18.7106531430594
"TENKON AS",259679031,69.6879568034607,19.0035931172835
"TENKON AS",259679032,69.6879568034607,19.0035931172835
"TENKON AS",259679033,69.6879568034607,19.0035931172835
"TENKON AS",351431939,69.6404840076248,19.0157776190716
"TENKON AS",351431942,69.6405628555909,19.0160221678535
"TENKON AS",675323132,69.6405422763334,19.0151951712772
"TENKON AS",675323135,69.6405422763334,19.0151951712772
"TENKON AS",675323523,69.6404033472926,19.0154553220027
"TENKON AS",675323526,69.6404033472926,19.0154553220027
"TENKON AS",1016720274,69.6584029828535,18.9415422026347
"THYHOLDTVEIEN UTBYGGING AS",234580827,69.6672300731774,18.9688091468752
"THYHOLDTVEIEN UTBYGGING AS",234580877,69.6670431535797,18.9683350043815
"THYHOLDTVEIEN UTBYGGING AS",234580886,69.6672127630887,18.9687800745566
"THYHOLDTVEIEN UTBYGGING AS",234580904,69.6670258434103,18.9683059327072
"BREIVIKA PANORAMA AS",264341449,69.6655502244977,19.019307632668
"BREIVIKA PANORAMA AS",264341450,69.6655502244977,19.019307632668
"BREIVIKA PANORAMA AS",264341451,69.6655502244977,19.019307632668
"BREIVIKA PANORAMA AS",264341452,69.6655502244977,19.019307632668
"BREIVIKA PANORAMA AS",264341453,69.6655502244977,19.019307632668
"BREIVIKA PANORAMA AS",264341454,69.6655502244977,19.019307632668
"BREIVIKA PANORAMA AS",264341455,69.6655502244977,19.019307632668
"BREIVIKA PANORAMA AS",264341456,69.6655502244977,19.019307632668
"BREIVIKA PANORAMA AS",264341457,69.6655502244977,19.019307632668
"BREIVIKA PANORAMA AS",264341458,69.6655502244977,19.019307632668
"BREIVIKA PANORAMA AS",264341459,69.6655502244977,19.019307632668
"BREIVIKA PANORAMA AS",264341460,69.6655502244977,19.019307632668
"BREIVIKA PANORAMA AS",264341461,69.6655502244977,19.019307632668
"BREIVIKA PANORAMA AS",264341462,69.6655502244977,19.019307632668
"BREIVIKA PANORAMA AS",264341463,69.6655502244977,19.019307632668
"BREIVIKA PANORAMA AS",264341464,69.6655502244977,19.019307632668
"BREIVIKA PANORAMA AS",264341465,69.6655502244977,19.019307632668
"BREIVIKA PANORAMA AS",264341466,69.6655502244977,19.019307632668
"BREIVIKA PANORAMA AS",264341467,69.6655502244977,19.019307632668
"BREIVIKA PANORAMA AS",264341468,69.6655502244977,19.019307632668
"BREIVIKA PANORAMA AS",264341469,69.6655502244977,19.019307632668
"BREIVIKA PANORAMA AS",264341470,69.6655502244977,19.019307632668
"BREIVIKA PANORAMA AS",264341471,69.6655502244977,19.019307632668
"BREIVIKA PANORAMA AS",264341472,69.6655502244977,19.019307632668
"BREIVIKA PANORAMA AS",264341473,69.6655502244977,19.019307632668
"BREIVIKA PANORAMA AS",264341474,69.6655502244977,19.019307632668
"BREIVIKA PANORAMA AS",264341475,69.6655502244977,19.019307632668
"BREIVIKA PANORAMA AS",264341476,69.6655502244977,19.019307632668
"BREIVIKA PANORAMA AS",264341477,69.6655502244977,19.019307632668
"BREIVIKA PANORAMA AS",264341478,69.6655502244977,19.019307632668
"BREIVIKA PANORAMA AS",264341479,69.6655502244977,19.019307632668
"BREIVIKA PANORAMA AS",264341480,69.6655502244977,19.019307632668
"BREIVIKA PANORAMA AS",264341481,69.6655502244977,19.019307632668
"BREIVIKA PANORAMA AS",264341482,69.6655502244977,19.019307632668
"BREIVIKA PANORAMA AS",264341483,69.6655502244977,19.019307632668
"BYGG GRUPPEN AS",234608737,69.6667755471132,19.0187647411353
"BYGG GRUPPEN AS",234608744,69.6670548932861,19.0175517448181
"BYGG GRUPPEN AS",234608745,69.6667755471132,19.0187647411353
"BYGG GRUPPEN AS",234608747,69.6667755471132,19.0187647411353
"BYGG GRUPPEN AS",234608748,69.6670253257057,19.0184503687981
"BYGG GRUPPEN AS",234608750,69.6670253257057,19.0184503687981
"BYGG GRUPPEN AS",234608751,69.6670448774241,19.0179890425876
"BYGG GRUPPEN AS",234608753,69.6670548932861,19.0175517448181
"BYGG GRUPPEN AS",234608754,69.6667755471132,19.0187647411353
"BYGG GRUPPEN AS",234608755,69.6670448774241,19.0179890425876
"BYGG GRUPPEN AS",234608756,69.6670448774241,19.0179890425876
"BYGG GRUPPEN AS",234608758,69.6670548932861,19.0175517448181
"BYGG GRUPPEN AS",234608759,69.6667755471132,19.0187647411353
"BYGG GRUPPEN AS",234608762,69.6670253257057,19.0184503687981
"BYGG GRUPPEN AS",234608763,69.6670448774241,19.0179890425876
"BYGG GRUPPEN AS",234608764,69.6670548932861,19.0175517448181
"BYGG GRUPPEN AS",234608765,69.6667755471132,19.0187647411353
"BYGG GRUPPEN AS",234608769,69.6670548932861,19.0175517448181
"BYGG GRUPPEN AS",234608770,69.6670448774241,19.0179890425876
"BYGG GRUPPEN AS",234608776,69.6670253257057,19.0184503687981
"BYGG GRUPPEN AS",234608778,69.6667755471132,19.0187647411353
"BYGG GRUPPEN AS",234608780,69.6670448774241,19.0179890425876
"BYGG GRUPPEN AS",234608781,69.6667755471132,19.0187647411353
"BYGG GRUPPEN AS",234608783,69.6670253257057,19.0184503687981
"BYGG GRUPPEN AS",234616477,69.6667084230619,19.0197337403974
"BYGG GRUPPEN AS",234616478,69.6667066546814,19.0198109091593
"BYGG GRUPPEN AS",234616481,69.6667710414832,19.0197456053481
"BYGG GRUPPEN AS",234616482,69.6667096019633,19.0196822945485
"BYGG GRUPPEN AS",234616498,69.6670878762554,19.0204256824183
"BYGG GRUPPEN AS",234616499,69.6670365615616,19.0203126173705
"BYGG GRUPPEN AS",234616505,69.6670365615616,19.0203126173705
"BYGG GRUPPEN AS",234616530,69.6670980008437,19.020375930987
"BYGG GRUPPEN AS",234616531,69.6670878762554,19.0204256824183
"BYGG GRUPPEN AS",234616535,69.6670878762554,19.0204256824183
"BYGG GRUPPEN AS",234616537,69.6670878762554,19.0204256824183
"BYGG GRUPPEN AS",234616543,69.6670991799362,19.0203244842354
"PROFIO AS",3127207,69.64937785158,19.0000872130763
"J H J AS",1059128715,69.7062040992249,19.0197858079616
"TRULS SVENDSEN HOLDING AS",234456007,69.6775166780715,18.9445005709592
"ELISABETH SENTERET HOLDING AS",352207753,69.6442800451822,18.93881048617
"ELISABETH SENTERET HOLDING AS",352207756,69.6442171924104,18.9385691639097
"ELISABETH SENTERET HOLDING AS",352207759,69.6442171924104,18.9385691639097
"ELISABETH SENTERET HOLDING AS",352207762,69.6442171924104,18.9385691639097
"ELISABETH SENTERET HOLDING AS",352207765,69.6440397961427,18.9383478944199
"ELISABETH SENTERET HOLDING AS",352207768,69.6440397961427,18.9383478944199
"ELISABETH SENTERET HOLDING AS",352207771,69.6440397961427,18.9383478944199
"ELISABETH SENTERET HOLDING AS",352207774,69.6440397961427,18.9383478944199
"ELISABETH SENTERET HOLDING AS",352207777,69.6442171924104,18.9385691639097
"ELISABETH SENTERET HOLDING AS",352207780,69.6442171924104,18.9385691639097
"ELISABETH SENTERET HOLDING AS",352207783,69.6442171924104,18.9385691639097
"ELISABETH SENTERET HOLDING AS",352207786,69.6440397961427,18.9383478944199
"ELISABETH SENTERET HOLDING AS",352207795,69.6442171924104,18.9385691639097
"ELISABETH SENTERET HOLDING AS",352207798,69.6442171924104,18.9385691639097
"ELISABETH SENTERET HOLDING AS",352207801,69.6442171924104,18.9385691639097
"ELISABETH SENTERET HOLDING AS",352207804,69.6440397961427,18.9383478944199
"ELISABETH SENTERET HOLDING AS",352207807,69.6440397961427,18.9383478944199
"ELISABETH SENTERET HOLDING AS",352207810,69.6440397961427,18.9383478944199
"SKARSFJORD AS",4369061,69.6547679824598,18.9269772003148
"SKARSFJORD AS",308206426,69.6547424005923,18.9278786752877
"JOHANSEN MAGNUS AS",3128546,69.6096741457211,18.9419964221108
"JOHANSEN MAGNUS AS",3137424,69.6639497051209,18.9173116349996
"JOHANSEN MAGNUS AS",3335363,69.6122558910519,18.9404082323003
"JOHANSEN MAGNUS AS",297527024,69.6639018673002,18.9168792120746
"JOHANSEN MAGNUS AS",392743494,69.6139820487281,18.9393931033349
"JOHANSEN MAGNUS AS",429517353,69.6934051160979,18.8715979923859
"BUPA EIENDOM AS",3129853,69.5455048961427,18.7951771242449
"NORD-VÅGNES UTBYGGING AS",3673095,69.7758603620215,19.3238070952868
"NORD-VÅGNES UTBYGGING AS",3673119,69.776432936369,19.3253402383155
"NORD-VÅGNES UTBYGGING AS",3673135,69.7758185352396,19.3246323421836
"NORD-VÅGNES UTBYGGING AS",3673138,69.77580406072,19.3255878816834
"NORD-VÅGNES UTBYGGING AS",3683413,69.7756475538923,19.3266545453838
"NORD-VÅGNES UTBYGGING AS",3686199,69.7766439153848,19.3238846554015
"NORD-VÅGNES UTBYGGING AS",259119487,69.7767116950074,19.3232101673888
"NORD-VÅGNES UTBYGGING AS",261043111,69.7752198633939,19.3269070603988
"NORD-VÅGNES UTBYGGING AS",268998176,69.7755838785986,19.323830923065
"NORD-VÅGNES UTBYGGING AS",268998178,69.7753439493838,19.3259896202247
"NORD-VÅGNES UTBYGGING AS",278901847,69.7748739968331,19.3290231628471
"NORD-VÅGNES UTBYGGING AS",281867002,69.775075878691,19.3276100089327
"NORD-VÅGNES UTBYGGING AS",281879635,69.7747381081607,19.3269458690573
"NORD-VÅGNES UTBYGGING AS",281879669,69.7748218248179,19.3255863912518
"NORD-VÅGNES UTBYGGING AS",281879695,69.7751021094811,19.3257737641811
"NORD-VÅGNES UTBYGGING AS",281898088,69.7751601172061,19.3246557501075
"NORTH UTVIKLING AS",3133221,69.8291291214379,18.8862471341881
"A A EIENDOM AS",307748743,69.637068936753,18.9182116401084
"A A EIENDOM AS",307748744,69.637068936753,18.9182116401084
"A A EIENDOM AS",307748745,69.637068936753,18.9182116401084
"A A EIENDOM AS",396318396,69.6478956494852,18.9353850374212
"A A EIENDOM AS",396318399,69.6478956494852,18.9353850374212
"A A EIENDOM AS",396318402,69.6478956494852,18.9353850374212
"LILLENG AS",254011405,69.8496204673725,18.7924142593839
"LILLENG AS",254011407,69.8500664200947,18.7909705694714
"LILLENG AS",290188818,69.8496745562441,18.790813886284
"LILLENG AS",290188819,69.8503665054628,18.791595317507
"LILLENG AS",290202327,69.8498396587538,18.7970159251037
"LILLENG AS",290202328,69.8497822801204,18.7978471078284
"LILLENG AS",290202332,69.8497511828411,18.798709092574
"LILLENG AS",290253278,69.8504117810445,18.7931693888035
"KRO EIENDOM AS",3141976,69.6840276539101,18.9930776625975
"ERSFJORDBOTN BRYGGE AS",3144210,69.7000480637675,18.6127167517604
"NÆRINGSLIVETS HUS TROMSØ AS",4099540,69.6507842514585,18.9559258373328
"NÆRINGSLIVETS HUS TROMSØ AS",4099541,69.6507842514585,18.9559258373328
"CASAROSA AS",3130319,69.5786971989688,18.637659039822
"CASAROSA AS",270059146,69.5787765121018,18.638940536684
"STAKKEVOLLVEIEN 48 50 AS",3141475,69.6635622695531,18.9661342670527
"ECHPRO AS",271307140,69.6845789029307,18.9453339281081
"ECHPRO AS",271307141,69.6845224612641,18.945207076678
"ECHPRO AS",271307142,69.6846293537403,18.9452476567597
"ECHPRO AS",294070459,69.6412362879838,18.9013039014962
"ECHPRO AS",294070467,69.6413656732981,18.901343141099
"ECHPRO AS",294070468,69.6414868920787,18.9013860417716
"ECHPRO AS",294070469,69.6416247093233,18.9014500519908
"ECHPRO AS",350612700,69.6453621380082,18.9115918327809
"ECHPRO AS",350612703,69.6452773509491,18.9116071860702
"ECHPRO AS",350612706,69.6451843054611,18.9115900513621
"ECHPRO AS",350614215,69.6456098576709,18.9117226132949
"ECHPRO AS",350614218,69.6455249445919,18.911663104755
"ECHPRO AS",350614221,69.6454566860565,18.9116221474718
"ECHPRO AS",676409590,69.6450901473398,18.9310975256344
"ECHPRO AS",676409593,69.6450901473398,18.9310975256344
"ECHPRO AS",676409596,69.6450901473398,18.9310975256344
"RINGVEIEN 5 AS",3142239,69.6921434188648,19.0098935793719
"ISHAVSVEGEN 67 AS",3396927,69.6750797883009,18.9744649292084
"ARCTIC EIENDOM NORD AS",4207627,69.6715278162858,18.9654790785432
"TOMT 666 AS",298679492,69.7090550936394,19.0179275892721
"TOMT 666 AS",298679494,69.7082492817158,19.018199149993
"SNOWFLAKE CAPITAL AS",3125901,69.6538372320118,19.0180194248803
"NORD NORGE EIENDOM AS",3139725,69.6408799320179,18.9265515385525
"NORD NORGE EIENDOM AS",3146424,69.6486658742464,18.951065901236
"NORD NORGE EIENDOM AS",308385812,69.6719741632004,18.973547035885
"NORD NORGE EIENDOM AS",308385813,69.6719741632004,18.973547035885
"NORD NORGE EIENDOM AS",378005521,69.6396457082591,18.910637463203
"ARCOS AS",3142386,69.6968319997793,19.0209486068901
"MELLOMVEIEN 33 AS",358164436,69.645619733375,18.9422770650962
"MELLOMVEIEN 33 AS",358164442,69.645619733375,18.9422770650962
"MELLOMVEIEN 33 AS",358164448,69.645619733375,18.9422770650962
"MELLOMVEIEN 33 AS",358164451,69.645619733375,18.9422770650962
"MELLOMVEIEN 33 AS",358164454,69.645619733375,18.9422770650962
"MELLOMVEIEN 33 AS",358164457,69.645619733375,18.9422770650962
"MELLOMVEIEN 33 AS",358164460,69.645619733375,18.9422770650962
"MELLOMVEIEN 33 AS",358164463,69.645619733375,18.9422770650962
"MELLOMVEIEN 33 AS",358164466,69.645619733375,18.9422770650962
"MELLOMVEIEN 33 AS",358164469,69.645619733375,18.9422770650962
"MELLOMVEIEN 33 AS",358164472,69.645619733375,18.9422770650962
"MELLOMVEIEN 33 AS",358164475,69.645619733375,18.9422770650962
"MELLOMVEIEN 33 AS",358164478,69.645619733375,18.9422770650962
"MELLOMVEIEN 33 AS",358164484,69.645619733375,18.9422770650962
"MELLOMVEIEN 33 AS",358164487,69.645619733375,18.9422770650962
"MELLOMVEIEN 33 AS",358164490,69.645619733375,18.9422770650962
"MELLOMVEIEN 33 AS",358164493,69.645619733375,18.9422770650962
"MELLOMVEIEN 33 AS",358164496,69.645619733375,18.9422770650962
"MELLOMVEIEN 33 AS",358164499,69.645619733375,18.9422770650962
"MELLOMVEIEN 33 AS",358164502,69.645619733375,18.9422770650962
"MELLOMVEIEN 33 AS",358164505,69.645619733375,18.9422770650962
"MELLOMVEIEN 33 AS",358164508,69.645619733375,18.9422770650962
"MELLOMVEIEN 33 AS",358164511,69.645619733375,18.9422770650962
"MELLOMVEIEN 33 AS",358164514,69.645619733375,18.9422770650962
"MELLOMVEIEN 33 AS",358164517,69.645619733375,18.9422770650962
"MELLOMVEIEN 33 AS",358164520,69.645619733375,18.9422770650962
"MELLOMVEIEN 33 AS",358164523,69.645619733375,18.9422770650962
"MELLOMVEIEN 33 AS",358164526,69.645619733375,18.9422770650962
"MELLOMVEIEN 33 AS",358164529,69.645619733375,18.9422770650962
"MELLOMVEIEN 33 AS",358164532,69.645619733375,18.9422770650962
"MELLOMVEIEN 33 AS",358164535,69.645619733375,18.9422770650962
"MELLOMVEIEN 33 AS",358164538,69.645619733375,18.9422770650962
"MELLOMVEIEN 33 AS",358164541,69.645619733375,18.9422770650962
"MELLOMVEIEN 33 AS",358164544,69.645619733375,18.9422770650962
"MELLOMVEIEN 33 AS",358164547,69.645619733375,18.9422770650962
"MELLOMVEIEN 33 AS",358164550,69.645619733375,18.9422770650962
"MELLOMVEIEN 33 AS",358164553,69.645619733375,18.9422770650962
"MELLOMVEIEN 33 AS",358164556,69.645619733375,18.9422770650962
"MELLOMVEIEN 33 AS",358164559,69.645619733375,18.9422770650962
"MELLOMVEIEN 33 AS",358164562,69.645619733375,18.9422770650962
"MELLOMVEIEN 33 AS",358164565,69.645619733375,18.9422770650962
"MELLOMVEIEN 33 AS",358164568,69.645619733375,18.9422770650962
"MELLOMVEIEN 33 AS",358164571,69.645619733375,18.9422770650962
"MELLOMVEIEN 33 AS",358164574,69.645619733375,18.9422770650962
"MELLOMVEIEN 33 AS",358164577,69.645619733375,18.9422770650962
"MELLOMVEIEN 33 AS",358164583,69.645619733375,18.9422770650962
"MELLOMVEIEN 33 AS",358164586,69.645619733375,18.9422770650962
"MELLOMVEIEN 33 AS",358164589,69.645619733375,18.9422770650962
"MELLOMVEIEN 33 AS",358164598,69.645619733375,18.9422770650962
"MELLOMVEIEN 33 AS",358164601,69.645619733375,18.9422770650962
"MELLOMVEIEN 33 AS",358164604,69.645619733375,18.9422770650962
"MELLOMVEIEN 33 AS",358164607,69.645619733375,18.9422770650962
"MELLOMVEIEN 33 AS",358164610,69.645619733375,18.9422770650962
"MELLOMVEIEN 33 AS",358164619,69.645619733375,18.9422770650962
"STAKKEVOLLVEGEN EIENDOM AS",1008578771,69.683718569448,19.0003001401781
"STAKKEVOLLVEGEN EIENDOM AS",1008578774,69.6841236018368,19.0007799283708
"STAKKEVOLLVEGEN EIENDOM AS",1008578777,69.6841236018368,19.0007799283708
"SALTDALSHYTTA ENTREPRENØR AS",628730030,69.6387100194193,18.9251650484029
"SALTDALSHYTTA ENTREPRENØR AS",628730033,69.6388398646042,18.9252638505272
"EMILIE R AS",3144733,69.6564225046875,18.9624505410752
"EMILIE R AS",3145151,69.6539400492234,18.9590001007199
"EMILIE R AS",548636425,69.6430933860751,18.941204402928
"EMILIE R AS",548636428,69.6431225366296,18.9411065949949
"EMILIE R AS",1089569474,69.6630949007277,18.9269348604258
"ACTIVE TROMSO AS",3143956,69.6394798591766,18.4249928009381
"KIRKEGATA 6 TROMSØ AS",3146562,69.6483626419849,18.9561458194483
"AEIENDOM AS",3683021,69.6898360504936,18.6116068664131
"STAKKEVOLLVEGEN 132 AS",3138968,69.6704711501111,18.9708883693252
"WINST CHURCHILLVEI 51 UTBYGG AS",292175821,69.6816943682703,18.9440887603252
"WINST CHURCHILLVEI 51 UTBYGG AS",292175822,69.6816943682703,18.9440887603252
"WINST CHURCHILLVEI 51 UTBYGG AS",292175823,69.6816943682703,18.9440887603252
"EINERHAGEN EIENDOM AS",3136728,69.6756208505091,18.9330248682553
"EINERHAGEN EIENDOM AS",3136729,69.6772879786777,18.9338768475893
"EVG AS",308783813,69.8377845883355,18.5786100801975
"AMUNDSGÅRD HOLDING AS",252088298,69.6560856815891,18.9634411377191
"AMUNDSGÅRD HOLDING AS",530854938,69.6346027872879,18.9316131568718
"AMUNDSGÅRD HOLDING AS",1044518618,69.635841586883,18.9309343575366
"BRAMY EIENDOM AS",4209297,69.6477093852302,18.9484618278771
"BRAMY EIENDOM AS",4209299,69.6477093852302,18.9484618278771
"FAGERLIVEGEN 8 AS",303443730,69.6420480787018,18.9203994245826
"FAGERLIVEGEN 8 AS",303470542,69.6417737779804,18.9204932971942
"ARCTIC INSTALLASJON AS",496648972,69.6438680151186,18.9339163177581
"ARCTIC INSTALLASJON AS",496648975,69.6438680151186,18.9339163177581
"MIDDELALDERTUNET AS",3286234,69.7292510223457,19.2088283406957
"ANDREASSEN BYGG OG EIENDOM AS",303626017,69.6727843374333,18.9655331304655
"ANDREASSEN BYGG OG EIENDOM AS",303626018,69.6727843374333,18.9655331304655
"FLØIFJELLET EIENDOM AS",270185162,69.6209609203948,18.948511720965
"FLØIFJELLET EIENDOM AS",311142361,69.6209609203948,18.948511720965
"FLØIFJELLET EIENDOM AS",311142362,69.6209609203948,18.948511720965
"FLØIFJELLET EIENDOM AS",311142363,69.6209609203948,18.948511720965
"FLØIFJELLET EIENDOM AS",311142364,69.6209609203948,18.948511720965
"FLØIFJELLET EIENDOM AS",311142365,69.6209609203948,18.948511720965
"FLØIFJELLET EIENDOM AS",311142366,69.6209609203948,18.948511720965
"FLØIFJELLET EIENDOM AS",311142367,69.6209609203948,18.948511720965
"FLØIFJELLET EIENDOM AS",311142368,69.6209609203948,18.948511720965
"FLØIFJELLET EIENDOM AS",311142369,69.6209609203948,18.948511720965
"FLØIFJELLET EIENDOM AS",311142370,69.6209609203948,18.948511720965
"FLØIFJELLET EIENDOM AS",311142371,69.6209609203948,18.948511720965
"FLØIFJELLET EIENDOM AS",311142372,69.6209609203948,18.948511720965
"FLØIFJELLET EIENDOM AS",311142373,69.6209609203948,18.948511720965
"FLØIFJELLET EIENDOM AS",311142374,69.6209609203948,18.948511720965
"FLØIFJELLET EIENDOM AS",311142375,69.6209609203948,18.948511720965
"FLØIFJELLET EIENDOM AS",311142376,69.6209609203948,18.948511720965
"FLØIFJELLET EIENDOM AS",311142377,69.6209609203948,18.948511720965
"FLØIFJELLET EIENDOM AS",311142378,69.6209609203948,18.948511720965
"FLØIFJELLET EIENDOM AS",311142379,69.6209609203948,18.948511720965
"FLØIFJELLET EIENDOM AS",311142380,69.6209609203948,18.948511720965
"FLØIFJELLET EIENDOM AS",311143226,69.6209609203948,18.948511720965
"FLØIFJELLET EIENDOM AS",311143227,69.6209609203948,18.948511720965
"FLØIFJELLET EIENDOM AS",311143228,69.6209609203948,18.948511720965
"FLØIFJELLET EIENDOM AS",311143229,69.6209609203948,18.948511720965
"FLØIFJELLET EIENDOM AS",311143230,69.6209609203948,18.948511720965
"FLØIFJELLET EIENDOM AS",311143231,69.6209609203948,18.948511720965
"FLØIFJELLET EIENDOM AS",311143232,69.6209609203948,18.948511720965
"FLØIFJELLET EIENDOM AS",311143233,69.6209609203948,18.948511720965
"FLØIFJELLET EIENDOM AS",311143234,69.6209609203948,18.948511720965
"FLØIFJELLET EIENDOM AS",311143235,69.6209609203948,18.948511720965
"FLØIFJELLET EIENDOM AS",311143236,69.6209609203948,18.948511720965
"FLØIFJELLET EIENDOM AS",311143237,69.6209609203948,18.948511720965
"FLØIFJELLET EIENDOM AS",311143238,69.6209609203948,18.948511720965
"FLØIFJELLET EIENDOM AS",311143239,69.6209609203948,18.948511720965
"FLØIFJELLET EIENDOM AS",311143240,69.6209609203948,18.948511720965
"FLØIFJELLET EIENDOM AS",311143241,69.6209609203948,18.948511720965
"FLØIFJELLET EIENDOM AS",311143242,69.6212436025927,18.9488838469359
"FLØIFJELLET EIENDOM AS",311143243,69.6212436025927,18.9488838469359
"FLØIFJELLET EIENDOM AS",311143244,69.6212436025927,18.9488838469359
"FLØIFJELLET EIENDOM AS",311143245,69.6212436025927,18.9488838469359
"FLØIFJELLET EIENDOM AS",311144001,69.6212436025927,18.9488838469359
"FLØIFJELLET EIENDOM AS",311144002,69.6212436025927,18.9488838469359
"FLØIFJELLET EIENDOM AS",311144003,69.6212436025927,18.9488838469359
"FLØIFJELLET EIENDOM AS",311144004,69.6212436025927,18.9488838469359
"FLØIFJELLET EIENDOM AS",311144005,69.6212436025927,18.9488838469359
"FLØIFJELLET EIENDOM AS",311144006,69.6212436025927,18.9488838469359
"FLØIFJELLET EIENDOM AS",311144007,69.6212436025927,18.9488838469359
"FLØIFJELLET EIENDOM AS",311144008,69.6212436025927,18.9488838469359
"FLØIFJELLET EIENDOM AS",311144009,69.6212436025927,18.9488838469359
"FLØIFJELLET EIENDOM AS",311144010,69.6212436025927,18.9488838469359
"FLØIFJELLET EIENDOM AS",311144011,69.6212436025927,18.9488838469359
"FLØIFJELLET EIENDOM AS",311144404,69.6212436025927,18.9488838469359
"FLØIFJELLET EIENDOM AS",311144405,69.6212436025927,18.9488838469359
"FLØIFJELLET EIENDOM AS",311144406,69.6212436025927,18.9488838469359
"FLØIFJELLET EIENDOM AS",311144407,69.6212436025927,18.9488838469359
"FLØIFJELLET EIENDOM AS",311144408,69.6212436025927,18.9488838469359
"FLØIFJELLET EIENDOM AS",311144409,69.6212436025927,18.9488838469359
"FLØIFJELLET EIENDOM AS",311144410,69.6212436025927,18.9488838469359
"FLØIFJELLET EIENDOM AS",311144411,69.6212436025927,18.9488838469359
"FLØIFJELLET EIENDOM AS",311144412,69.6212436025927,18.9488838469359
"SONORA AS",3127210,69.6412509129665,18.9821720444714
"SONORA AS",3138666,69.6282630953263,18.9138812183076
"SONORA AS",3139244,69.6401011688853,18.9208090179378
"SONORA AS",346120503,69.6085531738458,18.9413096122978
"SONORA AS",346120506,69.6086414263322,18.9413001938472
"SONORA AS",472658056,69.6355051190228,18.9158314031851
"SONORA AS",472658059,69.6354930574841,18.9160897023467
"VIKRAN FERIE AS",3129937,69.543451022629,18.7701593572103
"THOMASSEN BYGG OG EIENDOM AS",3585557,69.7828477201327,19.4364942465177
"IMI TROMSØ EIENDOM AS",4154978,69.6683530592122,18.9700010160162
"MS EIENDOM AS",3145834,69.6552843635055,18.9599401799916
"STORGATA 111 AS",3146211,69.6540345851226,18.9611786774029
"STORGATA 111 AS",3146421,69.6541554169201,18.9617950356957
"STORGATA 111 AS",4195078,69.6540852416627,18.962117572466
"STORGATA 111 AS",4195079,69.6540852416627,18.962117572466
"MARITS FOTTERAPI AS",4291762,69.6544904902791,18.9616768375873
"MARITS FOTTERAPI AS",4291766,69.6544904902791,18.9616768375873
"1BOLIG AS",301612037,69.6475095912562,18.9496738663937
"1BOLIG AS",301612038,69.6474575946703,18.9499481012614
"1BOLIG AS",301612039,69.6474575946703,18.9499481012614
"1BOLIG AS",301612040,69.6474575946703,18.9499481012614
"1BOLIG AS",301612041,69.6474575946703,18.9499481012614
"KONTEC AS",293835943,69.6374955722972,18.9229930560357
"KONTEC AS",293835944,69.6374955722972,18.9229930560357
"ALTI ELEKTRO AS",258901765,69.648963818024,18.9002121143728
"ZONDA AS",3127010,69.6455983400445,19.0035047428634
"ZONDA AS",3137721,69.6414973285541,18.9105912716666
"ZONDA AS",3145528,69.6417169092303,18.9356157072408
"ZONDA AS",282820842,69.6592299636853,18.9622516010944
"ZONDA AS",282820843,69.6592299636853,18.9622516010944
"ZONDA AS",452512338,69.6417169092303,18.9356157072408
"ZONDA AS",452512341,69.6417169092303,18.9356157072408
"ZONDA AS",452512344,69.6417169092303,18.9356157072408
"ZONDA AS",857730547,69.6475689234832,18.9326506513571
"ZONDA AS",857730550,69.6475689234832,18.9326506513571
"ZONDA AS",857730553,69.6475689234832,18.9326506513571
"ZONDA AS",862265815,69.6380525648302,18.9403287468195
"ZONDA AS",1023034391,69.6493143478796,18.9934155203882
"ZONDA AS",1023034394,69.6492416104456,18.9934534669537
"ZONDA AS",1045035207,69.6521380412003,18.968768300591
"FRUHOLMEN SEAFOOD AS",3133730,69.6748916137347,18.7520428892232
"RA BOLIG OG EIENDOM AS",570405161,69.6637890012474,18.9111476861678
"BREIVIKA UTVIKLING AS",3141844,69.6795485235317,18.9872140330463
"TG NÆRINGSEIENDOM AS",3141847,69.6781405777681,18.984886609299
"STILI EIENDOM AS",4138644,69.6484514200387,18.9514131636346
"INGENIØR LUNDEMO AS",4159943,69.6847087427326,18.9947314523883
"KPS EIENDOM AS",3124529,69.7790577643837,19.409994732171
"KALDSLETTNESET AS",384969575,69.5995305203182,18.9364952178086
"KALDSLETTNESET AS",384969905,69.5996059585643,18.9364164602027
"KALDSLETTNESET AS",384983725,69.5997375512351,18.9356785474034
"KALDSLETTNESET AS",384984105,69.5996430363927,18.9356868285782
"KALDSLETTNESET AS",384984715,69.5995567757319,18.93572753678
"KALDSLETTNESET AS",416237790,69.5998482558041,18.9356294811273
"KALDSLETTNESET AS",416237793,69.5998482558041,18.9356294811273
"KALDSLETTNESET AS",416238275,69.5988882478102,18.9360134001684
"KALDSLETTNESET AS",416238278,69.5988882478102,18.9360134001684
"KALDSLETTNESET AS",416238985,69.5989795010158,18.9359504417571
"KALDSLETTNESET AS",416238988,69.5989795010158,18.9359504417571
"KALDSLETTNESET AS",416239525,69.5990661948254,18.9359304160145
"KALDSLETTNESET AS",416239528,69.5990661948254,18.9359304160145
"KALDSLETTNESET AS",416240045,69.5991768994626,18.9358813525051
"KALDSLETTNESET AS",416240048,69.5991768994626,18.9358813525051
"KALDSLETTNESET AS",416241255,69.5993592326877,18.9357631256627
"KALDSLETTNESET AS",416241258,69.5993592326877,18.9357631256627
"KALDSLETTNESET AS",456574201,69.5993927194367,18.9372293959108
"KALDSLETTNESET AS",456582361,69.5993233987931,18.9371959771349
"KALDSLETTNESET AS",456582901,69.5992165609551,18.9372328738036
"KALDSLETTNESET AS",456591141,69.5991436329729,18.9372399893999
"KALDSLETTNESET AS",456592131,69.599017574426,18.9371729043685
"KALDSLETTNESET AS",456592951,69.5989425975533,18.9372311421774
"KALDSLETTNESET AS",506920412,69.5984131695054,18.9371641502483
"KALDSLETTNESET AS",506920415,69.598362059284,18.9371598500757
"KALDSLETTNESET AS",506920418,69.5983080919912,18.9371627465711
"KALDSLETTNESET AS",550494967,69.5986592197072,18.9361307158061
"KALDSLETTNESET AS",550494970,69.5986592197072,18.9361307158061
"KALDSLETTNESET AS",550495412,69.5985618193077,18.9361873862227
"KALDSLETTNESET AS",550495415,69.5985618193077,18.9361873862227
"KALDSLETTNESET AS",550495882,69.5984701044342,18.9362708569895
"KALDSLETTNESET AS",550495885,69.5984701044342,18.9362708569895
"KALDSLETTNESET AS",550496442,69.5983420552137,18.9363321605158
"KALDSLETTNESET AS",550496445,69.5983420552137,18.9363321605158
"KALDSLETTNESET AS",550498932,69.5982428368993,18.9364296924966
"KALDSLETTNESET AS",550498935,69.5982428368993,18.9364296924966
"KALDSLETTNESET AS",550501252,69.5981645416095,18.9365156418256
"KALDSLETTNESET AS",550501255,69.5981645416095,18.9365156418256
"KALDSLETTNESET AS",586660931,69.5975588115403,18.9369649904393
"KALDSLETTNESET AS",586660934,69.5975588115403,18.9369649904393
"KALDSLETTNESET AS",586664376,69.5979983115292,18.9366368329028
"KALDSLETTNESET AS",586664379,69.5979983115292,18.9366368329028
"KALDSLETTNESET AS",591934128,69.5979242294769,18.936695235302
"KALDSLETTNESET AS",591934131,69.5979242294769,18.936695235302
"KALDSLETTNESET AS",591935483,69.5978246933783,18.936766955921
"KALDSLETTNESET AS",591935486,69.5978246933783,18.936766955921
"KALDSLETTNESET AS",591936343,69.5977374514692,18.9368512483738
"KALDSLETTNESET AS",591936346,69.5977374514692,18.9368512483738
"KALDSLETTNESET AS",591937023,69.5976460248301,18.9369218920442
"KALDSLETTNESET AS",591937026,69.5976460248301,18.9369218920442
"KALDSLETTNESET AS",677119020,69.5969626330811,18.9375885922113
"LAVOLD INVEST AS",3139866,69.6412840294533,18.927761490581
"NICUCONSTRUCT AS",497122996,69.7759408440778,19.3230910773744
"NICUCONSTRUCT AS",497122999,69.7759408440778,19.3230910773744
"JM HANSEN EIENDOM AS",292114282,69.6534369085364,18.964965548432
"JM HANSEN EIENDOM AS",292114283,69.6534369085364,18.964965548432
"VIA BOLIG AS",3128127,69.6476642301467,18.990524147385
"VIA BOLIG AS",3137452,69.6641288700221,18.9100867740593
"VIA BOLIG AS",3139083,69.6443685767085,18.9288221455576
"VIA BOLIG AS",3856459,69.6469290610843,18.9308184885991
"FJELLRYPESTEGGEN EIENDOM AS",275823981,69.6580462422252,18.9418658727648
"ARCTIC EIENDOM HARSTAD AS",744185319,69.653683989868,18.9612681674254
"BPA NORD AS",4168967,69.6548749631504,18.951008004436
"TRIO BOLIGBYGG AS",598732107,69.6444353031802,18.9338175160415
"TRIO BOLIGBYGG AS",598732110,69.6444172102095,18.9339431926538
"TRIO BOLIGBYGG AS",598732613,69.6443936633112,18.9341117282189
"TRIO BOLIGBYGG AS",598732616,69.6443765801463,18.9342324303142
"STRANDVEGEN UTVIKLING AS",3138380,69.6389027722591,18.9369958260063
"STRANDVEGEN UTVIKLING AS",500530044,69.638631003382,18.9368164778757
"STRANDVEGEN UTVIKLING AS",500530047,69.638631003382,18.9368164778757
"STRANDVEGEN UTVIKLING AS",500530050,69.638631003382,18.9368164778757
"STRANDVEGEN UTVIKLING AS",500530053,69.638631003382,18.9368164778757
"STRANDVEGEN UTVIKLING AS",500530056,69.638631003382,18.9368164778757
"STRANDVEGEN UTVIKLING AS",500530059,69.6384876866127,18.9360778904676
"STRANDVEGEN UTVIKLING AS",500530062,69.6384876866127,18.9360778904676
"STRANDVEGEN UTVIKLING AS",500530065,69.6384876866127,18.9360778904676
"STRANDVEGEN UTVIKLING AS",500530068,69.638631003382,18.9368164778757
"STRANDVEGEN UTVIKLING AS",500530071,69.638631003382,18.9368164778757
"STRANDVEGEN UTVIKLING AS",500530074,69.638631003382,18.9368164778757
"STRANDVEGEN UTVIKLING AS",500530077,69.638631003382,18.9368164778757
"STRANDVEGEN UTVIKLING AS",500530080,69.638631003382,18.9368164778757
"STRANDVEGEN UTVIKLING AS",500530083,69.638631003382,18.9368164778757
"STRANDVEGEN UTVIKLING AS",500530086,69.6384876866127,18.9360778904676
"STRANDVEGEN UTVIKLING AS",500530089,69.6384876866127,18.9360778904676
"STRANDVEGEN UTVIKLING AS",500530092,69.6384876866127,18.9360778904676
"STRANDVEGEN UTVIKLING AS",500530095,69.6384876866127,18.9360778904676
"STRANDVEGEN UTVIKLING AS",500530098,69.6384876866127,18.9360778904676
"STRANDVEGEN UTVIKLING AS",500530101,69.6384876866127,18.9360778904676
"STRANDVEGEN UTVIKLING AS",500530104,69.638631003382,18.9368164778757
"STRANDVEGEN UTVIKLING AS",500530107,69.638631003382,18.9368164778757
"STRANDVEGEN UTVIKLING AS",500530110,69.638631003382,18.9368164778757
"STRANDVEGEN UTVIKLING AS",500530113,69.638631003382,18.9368164778757
"STRANDVEGEN UTVIKLING AS",500530116,69.638631003382,18.9368164778757
"STRANDVEGEN UTVIKLING AS",500530119,69.638631003382,18.9368164778757
"STRANDVEGEN UTVIKLING AS",500530122,69.6384876866127,18.9360778904676
"STRANDVEGEN UTVIKLING AS",500530125,69.6384876866127,18.9360778904676
"STRANDVEGEN UTVIKLING AS",500530128,69.6384876866127,18.9360778904676
"STRANDVEGEN UTVIKLING AS",500530131,69.6384876866127,18.9360778904676
"STRANDVEGEN UTVIKLING AS",500530134,69.6384876866127,18.9360778904676
"STRANDVEGEN UTVIKLING AS",500530137,69.6384876866127,18.9360778904676
"STRANDVEGEN UTVIKLING AS",500530140,69.638631003382,18.9368164778757
"STRANDVEGEN UTVIKLING AS",500530143,69.638631003382,18.9368164778757
"STRANDVEGEN UTVIKLING AS",500530146,69.638631003382,18.9368164778757
"STRANDVEGEN UTVIKLING AS",500530149,69.638631003382,18.9368164778757
"STRANDVEGEN UTVIKLING AS",500530152,69.6384876866127,18.9360778904676
"STRANDVEGEN UTVIKLING AS",500530155,69.6384876866127,18.9360778904676
"STRANDVEGEN UTVIKLING AS",500530158,69.6384876866127,18.9360778904676
"STRANDVEGEN UTVIKLING AS",500530161,69.6384876866127,18.9360778904676
"STRANDVEGEN UTVIKLING AS",500530164,69.6384876866127,18.9360778904676
"STRANDVEGEN UTVIKLING AS",500530167,69.6384876866127,18.9360778904676
"STRANDVEGEN UTVIKLING AS",500530170,69.638631003382,18.9368164778757
"STRANDVEGEN UTVIKLING AS",500530173,69.638631003382,18.9368164778757
"STRANDVEGEN UTVIKLING AS",500530176,69.638631003382,18.9368164778757
"STRANDVEGEN UTVIKLING AS",500530179,69.6384876866127,18.9360778904676
"STRANDVEGEN UTVIKLING AS",500530182,69.6384876866127,18.9360778904676
"STRANDVEGEN UTVIKLING AS",500530185,69.6384876866127,18.9360778904676
"STRANDVEGEN UTVIKLING AS",500530188,69.638631003382,18.9368164778757
"STRANDVEGEN UTVIKLING AS",500530191,69.6384876866127,18.9360778904676
"STRANDVEGEN UTVIKLING AS",500530194,69.6384876866127,18.9360778904676
"STRANDVEGEN UTVIKLING AS",500530197,69.6382872569784,18.9358421174224
"STRANDVEGEN UTVIKLING AS",500530200,69.6382872569784,18.9358421174224
"STRANDVEGEN UTVIKLING AS",500530203,69.6382872569784,18.9358421174224
"STRANDVEGEN UTVIKLING AS",500530206,69.6382872569784,18.9358421174224
"STRANDVEGEN UTVIKLING AS",500530209,69.6382872569784,18.9358421174224
"STRANDVEGEN UTVIKLING AS",500530212,69.6382872569784,18.9358421174224
"STRANDVEGEN UTVIKLING AS",500530215,69.6382872569784,18.9358421174224
"STRANDVEGEN UTVIKLING AS",500530218,69.6382872569784,18.9358421174224
"STRANDVEGEN UTVIKLING AS",500530221,69.6382872569784,18.9358421174224
"STRANDVEGEN UTVIKLING AS",500530224,69.6382872569784,18.9358421174224
"STRANDVEGEN UTVIKLING AS",500530227,69.6382872569784,18.9358421174224
"STRANDVEGEN UTVIKLING AS",500530230,69.6382872569784,18.9358421174224
"STRANDVEGEN UTVIKLING AS",500530233,69.6382872569784,18.9358421174224
"STRANDVEGEN UTVIKLING AS",500530236,69.6382872569784,18.9358421174224
"STRANDVEGEN UTVIKLING AS",500530239,69.6382872569784,18.9358421174224
"STRANDVEGEN UTVIKLING AS",500530242,69.6382872569784,18.9358421174224
"STRANDVEGEN UTVIKLING AS",500530245,69.6382872569784,18.9358421174224
"STRANDVEGEN UTVIKLING AS",500530248,69.6382872569784,18.9358421174224
"STRANDVEGEN UTVIKLING AS",500530251,69.6382872569784,18.9358421174224
"STRANDVEGEN UTVIKLING AS",500530254,69.6382872569784,18.9358421174224
"STRANDVEGEN UTVIKLING AS",500530257,69.6382872569784,18.9358421174224
"STRANDVEGEN UTVIKLING AS",500530260,69.6382872569784,18.9358421174224
"STRANDVEGEN UTVIKLING AS",500530263,69.6382872569784,18.9358421174224
"STRANDVEGEN UTVIKLING AS",500530266,69.6382872569784,18.9358421174224
"STRANDVEGEN UTVIKLING AS",500530269,69.6382872569784,18.9358421174224
"STRANDVEGEN UTVIKLING AS",500530272,69.6382872569784,18.9358421174224
"STRANDVEGEN UTVIKLING AS",500530275,69.6382872569784,18.9358421174224
"STRANDVEGEN UTVIKLING AS",500530278,69.6382872569784,18.9358421174224
"STRANDVEGEN UTVIKLING AS",500530281,69.6382872569784,18.9358421174224
"STRANDVEGEN UTVIKLING AS",500530284,69.6382872569784,18.9358421174224
"STRANDVEGEN UTVIKLING AS",500530287,69.6382872569784,18.9358421174224
"STRANDVEGEN UTVIKLING AS",500530290,69.6382872569784,18.9358421174224
"STRANDVEGEN UTVIKLING AS",500530293,69.6382872569784,18.9358421174224
"STRANDVEGEN UTVIKLING AS",500530296,69.6382872569784,18.9358421174224
"STRANDVEGEN UTVIKLING AS",500530302,69.6382872569784,18.9358421174224
"STRANDVEGEN UTVIKLING AS",862265743,69.6380525648302,18.9403287468195
"STRANDVEGEN UTVIKLING AS",862265746,69.6380525648302,18.9403287468195
"STRANDVEGEN UTVIKLING AS",862265749,69.6380525648302,18.9403287468195
"STRANDVEGEN UTVIKLING AS",862265752,69.6380525648302,18.9403287468195
"STRANDVEGEN UTVIKLING AS",862265755,69.6380525648302,18.9403287468195
"STRANDVEGEN UTVIKLING AS",862265758,69.6380525648302,18.9403287468195
"STRANDVEGEN UTVIKLING AS",862265761,69.6380525648302,18.9403287468195
"STRANDVEGEN UTVIKLING AS",862265764,69.6380525648302,18.9403287468195
"STRANDVEGEN UTVIKLING AS",862265767,69.6380525648302,18.9403287468195
"STRANDVEGEN UTVIKLING AS",862265770,69.6380525648302,18.9403287468195
"STRANDVEGEN UTVIKLING AS",862265773,69.6380525648302,18.9403287468195
"STRANDVEGEN UTVIKLING AS",862265776,69.6380525648302,18.9403287468195
"STRANDVEGEN UTVIKLING AS",862265779,69.6380525648302,18.9403287468195
"STRANDVEGEN UTVIKLING AS",862265782,69.6380525648302,18.9403287468195
"STRANDVEGEN UTVIKLING AS",862265785,69.6380525648302,18.9403287468195
"STRANDVEGEN UTVIKLING AS",862265788,69.6380525648302,18.9403287468195
"STRANDVEGEN UTVIKLING AS",862265791,69.6380525648302,18.9403287468195
"STRANDVEGEN UTVIKLING AS",862265794,69.6380525648302,18.9403287468195
"STRANDVEGEN UTVIKLING AS",862265797,69.6380525648302,18.9403287468195
"STRANDVEGEN UTVIKLING AS",862265800,69.6380525648302,18.9403287468195
"STRANDVEGEN UTVIKLING AS",862265803,69.6380525648302,18.9403287468195
"STRANDVEGEN UTVIKLING AS",862265806,69.6380525648302,18.9403287468195
"STRANDVEGEN UTVIKLING AS",862265809,69.6380525648302,18.9403287468195
"STRANDVEGEN UTVIKLING AS",862265812,69.6380525648302,18.9403287468195
"STRANDVEGEN UTVIKLING AS",862265818,69.6380525648302,18.9403287468195
"STRANDVEGEN UTVIKLING AS",862265821,69.6380525648302,18.9403287468195
"STRANDVEGEN UTVIKLING AS",862265824,69.6380525648302,18.9403287468195
"STRANDVEGEN UTVIKLING AS",862265827,69.6380525648302,18.9403287468195
"STRANDVEGEN UTVIKLING AS",862265830,69.6380525648302,18.9403287468195
"STRANDVEGEN UTVIKLING AS",862265833,69.6380525648302,18.9403287468195
"STRANDVEGEN UTVIKLING AS",862265836,69.6380525648302,18.9403287468195
"STRANDVEGEN UTVIKLING AS",862265839,69.6380525648302,18.9403287468195
"STRANDVEGEN UTVIKLING AS",862265842,69.6380525648302,18.9403287468195
"STRANDVEGEN UTVIKLING AS",862265845,69.6380525648302,18.9403287468195
"STRANDVEGEN UTVIKLING AS",862265848,69.6380525648302,18.9403287468195
"STRANDVEGEN UTVIKLING AS",862265851,69.6380525648302,18.9403287468195
"STRANDVEGEN UTVIKLING AS",862265854,69.6380525648302,18.9403287468195
"STRANDVEGEN UTVIKLING AS",862265857,69.6380525648302,18.9403287468195
"STRANDVEGEN UTVIKLING AS",862265860,69.6380525648302,18.9403287468195
"STRANDVEGEN UTVIKLING AS",862265863,69.6380525648302,18.9403287468195
"STRANDVEGEN UTVIKLING AS",862265866,69.6380525648302,18.9403287468195
"STRANDVEGEN UTVIKLING AS",862265869,69.6380525648302,18.9403287468195
"STRANDVEGEN UTVIKLING AS",862265872,69.6380525648302,18.9403287468195
"STRANDVEGEN UTVIKLING AS",862265875,69.6380525648302,18.9403287468195
"STRANDVEGEN UTVIKLING AS",862265878,69.6380525648302,18.9403287468195
"STRANDVEGEN UTVIKLING AS",862265881,69.6380525648302,18.9403287468195
"STRANDVEGEN UTVIKLING AS",862265884,69.6381022103353,18.9399587232112
"STRANDVEGEN UTVIKLING AS",862265887,69.6381022103353,18.9399587232112
"STRANDVEGEN UTVIKLING AS",862265890,69.6381022103353,18.9399587232112
"STRANDVEGEN UTVIKLING AS",862265893,69.6381022103353,18.9399587232112
"STRANDVEGEN UTVIKLING AS",862265896,69.6381022103353,18.9399587232112
"STRANDVEGEN UTVIKLING AS",862265899,69.6381022103353,18.9399587232112
"STRANDVEGEN UTVIKLING AS",862265902,69.6381022103353,18.9399587232112
"STRANDVEGEN UTVIKLING AS",862265905,69.6381022103353,18.9399587232112
"STRANDVEGEN UTVIKLING AS",862265908,69.6381022103353,18.9399587232112
"STRANDVEGEN UTVIKLING AS",862265911,69.6381022103353,18.9399587232112
"STRANDVEGEN UTVIKLING AS",862265914,69.6381022103353,18.9399587232112
"STRANDVEGEN UTVIKLING AS",862265917,69.6381022103353,18.9399587232112
"STRANDVEGEN UTVIKLING AS",862265920,69.6381022103353,18.9399587232112
"STRANDVEGEN UTVIKLING AS",862265923,69.6381022103353,18.9399587232112
"STRANDVEGEN UTVIKLING AS",862265926,69.6381022103353,18.9399587232112
"STRANDVEGEN UTVIKLING AS",862265929,69.6381022103353,18.9399587232112
"STRANDVEGEN UTVIKLING AS",862265932,69.6381022103353,18.9399587232112
"STRANDVEGEN UTVIKLING AS",862265935,69.6381022103353,18.9399587232112
"STRANDVEGEN UTVIKLING AS",862265938,69.6381022103353,18.9399587232112
"STRANDVEGEN UTVIKLING AS",862265941,69.6381022103353,18.9399587232112
"STRANDVEGEN UTVIKLING AS",862265944,69.6381022103353,18.9399587232112
"STRANDVEGEN UTVIKLING AS",862265947,69.6381022103353,18.9399587232112
"STRANDVEGEN UTVIKLING AS",862265950,69.6381022103353,18.9399587232112
"STRANDVEGEN UTVIKLING AS",862265953,69.6381022103353,18.9399587232112
"STRANDVEGEN UTVIKLING AS",862265956,69.6381022103353,18.9399587232112
"STRANDVEGEN UTVIKLING AS",862265959,69.6381022103353,18.9399587232112
"STRANDVEGEN UTVIKLING AS",862265962,69.6381022103353,18.9399587232112
"STRANDVEGEN UTVIKLING AS",862266452,69.6378772438134,18.9403349321702
"STRANDVEGEN UTVIKLING AS",862266455,69.6378012589867,18.9402382894555
"STRANDVEGEN UTVIKLING AS",862266458,69.6377669754871,18.9401648585632
"STRANDVEGEN UTVIKLING AS",862266461,69.6376939633195,18.9400558694578
"STRANDVEGEN UTVIKLING AS",862266464,69.6376562167213,18.9399766376406
"STRANDVEGEN UTVIKLING AS",862266467,69.63758519516,18.939898975643
"STRANDVEGEN UTVIKLING AS",958305968,69.6381141377827,18.939468193893
"STRANDVEGEN UTVIKLING AS",958305971,69.6381141377827,18.939468193893
"STRANDVEGEN UTVIKLING AS",958305974,69.6381141377827,18.939468193893
"STRANDVEGEN UTVIKLING AS",958305977,69.6381141377827,18.939468193893
"STRANDVEGEN UTVIKLING AS",958305980,69.6381141377827,18.939468193893
"STRANDVEGEN UTVIKLING AS",958305983,69.6381141377827,18.939468193893
"STRANDVEGEN UTVIKLING AS",958305986,69.6381141377827,18.939468193893
"STRANDVEGEN UTVIKLING AS",958305989,69.6381141377827,18.939468193893
"STRANDVEGEN UTVIKLING AS",958305992,69.6381141377827,18.939468193893
"STRANDVEGEN UTVIKLING AS",958305995,69.6381141377827,18.939468193893
"STRANDVEGEN UTVIKLING AS",958305998,69.6381141377827,18.939468193893
"STRANDVEGEN UTVIKLING AS",958306001,69.6381141377827,18.939468193893
"STRANDVEGEN UTVIKLING AS",958306004,69.6381141377827,18.939468193893
"STRANDVEGEN UTVIKLING AS",958306007,69.6381141377827,18.939468193893
"STRANDVEGEN UTVIKLING AS",958306010,69.6381141377827,18.939468193893
"STRANDVEGEN UTVIKLING AS",958306013,69.6381141377827,18.939468193893
"STRANDVEGEN UTVIKLING AS",958306016,69.6381141377827,18.939468193893
"STRANDVEGEN UTVIKLING AS",958306019,69.6381141377827,18.939468193893
"STRANDVEGEN UTVIKLING AS",958306022,69.6381141377827,18.939468193893
"STRANDVEGEN UTVIKLING AS",958306025,69.6381141377827,18.939468193893
"STRANDVEGEN UTVIKLING AS",958306028,69.6381141377827,18.939468193893
"STRANDVEGEN UTVIKLING AS",958306031,69.6381141377827,18.939468193893
"STRANDVEGEN UTVIKLING AS",958306034,69.6381141377827,18.939468193893
"STRANDVEGEN UTVIKLING AS",958306037,69.6381141377827,18.939468193893
"STRANDVEGEN UTVIKLING AS",958306040,69.6381141377827,18.939468193893
"STRANDVEGEN UTVIKLING AS",958306043,69.6381141377827,18.939468193893
"STRANDVEGEN UTVIKLING AS",958306046,69.6381141377827,18.939468193893
"STRANDVEGEN UTVIKLING AS",958306049,69.6381141377827,18.939468193893
"STRANDVEGEN UTVIKLING AS",958306052,69.6381141377827,18.939468193893
"STRANDVEGEN UTVIKLING AS",958306055,69.6381141377827,18.939468193893
"STRANDVEGEN UTVIKLING AS",958306058,69.6381141377827,18.939468193893
"STRANDVEGEN UTVIKLING AS",958306061,69.6381141377827,18.939468193893
"STRANDVEGEN UTVIKLING AS",958306064,69.6381141377827,18.939468193893
"STRANDVEGEN UTVIKLING AS",958306067,69.6381141377827,18.939468193893
"STRANDVEGEN UTVIKLING AS",958306070,69.6381141377827,18.939468193893
"STRANDVEGEN UTVIKLING AS",1012152147,69.6378452144469,18.9379633514044
"ACA FORVALTNING AS",3141906,69.6837398790486,18.9966431151782
"ACA FORVALTNING AS",3142112,69.6838371097226,18.9967131589234
"VESTREGATA 20 22 AS",904734925,69.6496022043222,18.9515343746829
"VESTREGATA 20 22 AS",904734928,69.6496022043222,18.9515343746829
"VESTREGATA 20 22 AS",904734931,69.6496022043222,18.9515343746829
"VESTREGATA 20 22 AS",904734934,69.6496022043222,18.9515343746829
"VESTREGATA 20 22 AS",904734937,69.6496022043222,18.9515343746829
"VESTREGATA 20 22 AS",904734940,69.6496022043222,18.9515343746829
"VESTREGATA 20 22 AS",904734943,69.6496022043222,18.9515343746829
"VESTREGATA 20 22 AS",904734946,69.6496022043222,18.9515343746829
"VESTREGATA 20 22 AS",904734949,69.6496022043222,18.9515343746829
"VESTREGATA 20 22 AS",904734952,69.6496022043222,18.9515343746829
"VESTREGATA 20 22 AS",904734955,69.6496022043222,18.9515343746829
"VESTREGATA 20 22 AS",904734958,69.6496022043222,18.9515343746829
"VESTREGATA 20 22 AS",904734961,69.6496022043222,18.9515343746829
"VESTREGATA 20 22 AS",904734964,69.6496022043222,18.9515343746829
"VESTREGATA 20 22 AS",904734967,69.6496022043222,18.9515343746829
"VESTREGATA 20 22 AS",904734970,69.6496022043222,18.9515343746829
"VESTREGATA 20 22 AS",904734973,69.6496022043222,18.9515343746829
"VESTREGATA 20 22 AS",904734976,69.6496022043222,18.9515343746829
"VESTREGATA 20 22 AS",904734979,69.6496022043222,18.9515343746829
"VESTREGATA 20 22 AS",904734982,69.6496022043222,18.9515343746829
"VESTREGATA 20 22 AS",904734985,69.6496022043222,18.9515343746829
"VESTREGATA 20 22 AS",904734988,69.6496022043222,18.9515343746829
"VESTREGATA 20 22 AS",904734991,69.6496022043222,18.9515343746829
"VESTREGATA 20 22 AS",904734994,69.6496022043222,18.9515343746829
"VESTREGATA 20 22 AS",904734997,69.6496022043222,18.9515343746829
"VESTREGATA 20 22 AS",904735000,69.6496022043222,18.9515343746829
"VESTREGATA 20 22 AS",904735003,69.6496022043222,18.9515343746829
"VESTREGATA 20 22 AS",904735006,69.6496022043222,18.9515343746829
"VESTREGATA 20 22 AS",904735009,69.6496022043222,18.9515343746829
"VESTREGATA 20 22 AS",904735012,69.6496022043222,18.9515343746829
"VESTREGATA 20 22 AS",904735015,69.6496022043222,18.9515343746829
"VESTREGATA 20 22 AS",904735018,69.6496022043222,18.9515343746829
"VESTREGATA 20 22 AS",904735021,69.6496022043222,18.9515343746829
"VESTREGATA 20 22 AS",904735024,69.6496022043222,18.9515343746829
"BACO BYGG AS",301771118,69.6406460166913,18.9024365007703
"BACO BYGG AS",301771119,69.6406460166913,18.9024365007703
"BACO BYGG AS",472118505,69.6842735027008,18.8167192049116
"BACO BYGG AS",472118508,69.6842735027008,18.8167192049116
"BACO BYGG AS",674126640,69.6423646067916,18.9965912393431
"BACO BYGG AS",674126643,69.6424104409177,18.9968269423569
"BACO BYGG AS",674126646,69.6424628226163,18.9967361601658
"BACO BYGG AS",888744713,69.6454435593347,18.9854614776444
"BACO BYGG AS",888744716,69.6454435593347,18.9854614776444
"BACO BYGG AS",888744719,69.6454435593347,18.9854614776444
"BOFI HOLDING AS",4099693,69.647752571695,18.9453468680331
"BOFI HOLDING AS",4099694,69.647752571695,18.9453468680331
"BOFI HOLDING AS",4122440,69.6813312654995,18.9494498488487
"BOFI HOLDING AS",4126405,69.6813312654995,18.9494498488487
"BOFI HOLDING AS",281893273,69.6454026974668,18.9311811779173
"VENGSØY SEAFISHING AS",3134440,69.8369328339107,18.5791159380304
"FRONT PROSJEKT AS",3127192,69.6449436304835,19.0050278712354
"FRONT PROSJEKT AS",3137309,69.6622809575997,18.9192247007324
"FRONT PROSJEKT AS",3138274,69.6569930251587,18.9476710905222
"FRONT PROSJEKT AS",3146030,69.6540348799808,18.9540014080602
"FRONT PROSJEKT AS",783206439,69.6398041418292,18.905305536978
"FRONT PROSJEKT AS",783206442,69.6398022307039,18.9054316017818
"FRONT PROSJEKT AS",915239906,69.6546250981701,18.9495776436501
"FRONT PROSJEKT AS",915239909,69.6545999464534,18.9497769282794
"FRONT PROSJEKT AS",921502387,69.6544848535614,18.9494224621825
"FRONT PROSJEKT AS",921502390,69.6544553447208,18.9496157714413
"FRONT PROSJEKT AS",1037174218,69.6541659259236,18.9543253012052
"FRONT PROSJEKT AS",1037174221,69.6541659259236,18.9543253012052
"FRONT PROSJEKT AS",1089167552,69.6563719897189,18.9474032572431
"FRONT PROSJEKT AS",1089167555,69.6564108851759,18.9475111895188
"FRONT PROSJEKT AS",1089167558,69.6564416973599,18.947658931627
"FRONT PROSJEKT AS",1146970419,69.6565448567416,18.9469473953896
"FRONT PROSJEKT AS",1146970422,69.6566065498078,18.9470802231777
"FRONT PROSJEKT AS",1146970425,69.6566482451065,18.947183512531
"ANDERSEN EIENDOM INVEST AS",471516924,69.6767265724095,18.7445611367616
"ANDERSEN EIENDOM INVEST AS",471516927,69.6768216611887,18.744608934848
"ANDERSEN EIENDOM INVEST AS",471516930,69.676921828281,18.7446292053408
"ANDERSEN EIENDOM INVEST AS",471516933,69.6769976699434,18.7446529330726
"RØDHETTESTIEN UTBYGGING AS",381322927,69.6751889893155,18.9616100631828
"RØDHETTESTIEN UTBYGGING AS",381322930,69.6751889893155,18.9616100631828
"RØDHETTESTIEN UTBYGGING AS",381322933,69.6751889893155,18.9616100631828
"RØDHETTESTIEN UTBYGGING AS",381322936,69.6751889893155,18.9616100631828
"RØDHETTESTIEN UTBYGGING AS",381322939,69.6751889893155,18.9616100631828
"RØDHETTESTIEN UTBYGGING AS",381322942,69.6751889893155,18.9616100631828
"RØDHETTESTIEN UTBYGGING AS",381322945,69.6751889893155,18.9616100631828
"RØDHETTESTIEN UTBYGGING AS",381322948,69.6751889893155,18.9616100631828
"RØDHETTESTIEN UTBYGGING AS",381322951,69.6751889893155,18.9616100631828
"RØDHETTESTIEN UTBYGGING AS",381322954,69.6751889893155,18.9616100631828
"RØDHETTESTIEN UTBYGGING AS",381322957,69.6751889893155,18.9616100631828
"RØDHETTESTIEN UTBYGGING AS",381322960,69.6751889893155,18.9616100631828
"RØDHETTESTIEN UTBYGGING AS",381322963,69.6751889893155,18.9616100631828
"RØDHETTESTIEN UTBYGGING AS",381322966,69.6751889893155,18.9616100631828
"RØDHETTESTIEN UTBYGGING AS",381322969,69.6751889893155,18.9616100631828
"RØDHETTESTIEN UTBYGGING AS",381322972,69.6751889893155,18.9616100631828
"RØDHETTESTIEN UTBYGGING AS",381322975,69.6751889893155,18.9616100631828
"RØDHETTESTIEN UTBYGGING AS",381322978,69.675582014787,18.9612725680596
"RØDHETTESTIEN UTBYGGING AS",381322981,69.675582014787,18.9612725680596
"RØDHETTESTIEN UTBYGGING AS",381322984,69.675582014787,18.9612725680596
"RØDHETTESTIEN UTBYGGING AS",381322987,69.675582014787,18.9612725680596
"RØDHETTESTIEN UTBYGGING AS",381322990,69.675582014787,18.9612725680596
"RØDHETTESTIEN UTBYGGING AS",381322993,69.675582014787,18.9612725680596
"RØDHETTESTIEN UTBYGGING AS",381322996,69.675582014787,18.9612725680596
"RØDHETTESTIEN UTBYGGING AS",381322999,69.675582014787,18.9612725680596
"RØDHETTESTIEN UTBYGGING AS",381323002,69.675582014787,18.9612725680596
"RØDHETTESTIEN UTBYGGING AS",381323005,69.675582014787,18.9612725680596
"RØDHETTESTIEN UTBYGGING AS",381323008,69.675582014787,18.9612725680596
"RØDHETTESTIEN UTBYGGING AS",381323011,69.675582014787,18.9612725680596
"RØDHETTESTIEN UTBYGGING AS",381323014,69.675582014787,18.9612725680596
"RØDHETTESTIEN UTBYGGING AS",381323017,69.6755230977362,18.9607782804166
"RØDHETTESTIEN UTBYGGING AS",381323020,69.6755473107079,18.9609792170879
"RØDHETTESTIEN UTBYGGING AS",381323023,69.6755633906071,18.9611424534087
"RØDHETTESTIEN UTBYGGING AS",381323026,69.675582014787,18.9612725680596
"RØDHETTESTIEN UTBYGGING AS",381323029,69.675582014787,18.9612725680596
"RØDHETTESTIEN UTBYGGING AS",381323032,69.675582014787,18.9612725680596
"RØDHETTESTIEN UTBYGGING AS",381323035,69.675582014787,18.9612725680596
"RØDHETTESTIEN UTBYGGING AS",381323038,69.675582014787,18.9612725680596
"RØDHETTESTIEN UTBYGGING AS",381323041,69.675582014787,18.9612725680596
"RØDHETTESTIEN UTBYGGING AS",381323044,69.675582014787,18.9612725680596
"RØDHETTESTIEN UTBYGGING AS",381323047,69.675582014787,18.9612725680596
"RØDHETTESTIEN UTBYGGING AS",381323050,69.675582014787,18.9612725680596
"RØDHETTESTIEN UTBYGGING AS",381323053,69.675582014787,18.9612725680596
"LYNGEN BYGG & EIENDOM AS",3140631,69.657966062856,18.9442731002733
"LYNGEN BYGG & EIENDOM AS",303661779,69.657889162547,18.944057398161
"LYNGEN BYGG & EIENDOM AS",622735901,69.6481472393152,18.9422197191215
"LYNGEN BYGG & EIENDOM AS",622735904,69.6481472393152,18.9422197191215
"LYNGEN BYGG & EIENDOM AS",622735907,69.6481472393152,18.9422197191215
"LYNGEN BYGG & EIENDOM AS",622735930,69.6481472393152,18.9422197191215
"LYNGEN BYGG & EIENDOM AS",622735933,69.6481472393152,18.9422197191215
"LYNGEN BYGG & EIENDOM AS",622735936,69.6481472393152,18.9422197191215
"TROMSØ UTVIKLING AS",3145905,69.6496685970751,18.9579894895226
"TROMSØ UTVIKLING AS",3145908,69.6499600978742,18.957811508053
"MASTERWORK CONSTRUCTION AS",3128580,69.6166508638142,18.9437531161865
"MASTERWORK CONSTRUCTION AS",538977531,69.650447085455,18.9274093791973
"MASTERWORK CONSTRUCTION AS",538977534,69.6503864608731,18.9275891795832
"MASTERWORK CONSTRUCTION AS",538978800,69.6503744122316,18.9278863767731
"MASTERWORK CONSTRUCTION AS",538978803,69.6503239316231,18.9277737891736
"HUKEN INVEST AS",3146126,69.6470718747981,18.9528315061388
"HUKEN INVEST AS",3146133,69.6470602243337,18.9533481013107
"TURNHALLEN TROMSØ AS",294740580,69.6739647547208,18.9545487531968
"TROMS BYGGTJENESTER AS",530852939,69.6845536472912,19.0665577885856
"TROMS BYGGTJENESTER AS",530852942,69.6844985461715,19.0666480598806
"DSM BOLIG AS",3139429,69.6558107370174,18.9441592294422
"EIDEKOLLEN UTBYGGING AS",445840112,69.6727372910317,18.7414180378327
"KVALØYVEIEN 332 AS",3125574,69.6656023479138,19.0225208359073
"KVALØYVEIEN 332 AS",1047373228,69.6656947908269,19.0225641966263
"KVALØYA LODGE AS",3133162,69.8009286366021,19.0179877636518
"REGERA AS",3139187,69.6337753044305,18.9210348062442
"REGERA AS",418360015,69.6479632393818,18.9982978860601
"REGERA AS",418360018,69.6479632393818,18.9982978860601
"REGERA AS",530855058,69.6346027872879,18.9316131568718
"REGERA AS",1044089831,69.6474124307987,19.0019625434085
"REGERA AS",1044089834,69.6475149974474,19.002113506914
"REGERA AS",1044089837,69.6474628620329,19.0022327358428
"NT NÆRINGSBYGG AS",3142149,69.7020974939949,19.0181703392372
"CHAAMA EIENDOM AS",3145361,69.6510918151656,18.9466642884449
"CHAAMA EIENDOM AS",3145397,69.650898593557,18.9463082858507
"NOMADE EIENDOM AS",3145615,69.6512674233246,18.9524276723403
"TESSEM DAG UTLEIE AS",3136796,69.6771878448568,18.9311290070033
"TESSEM DAG UTLEIE AS",3136798,69.6769246401132,18.9308476066286
"ÅSLIA BOLIGSELSKAP AS",3137208,69.6484495868637,18.9021669589454
"STORHAUGEN AS",534218247,69.6627763636386,18.9162298210973
"STORHAUGEN AS",534218250,69.6627269876634,18.9165099748676
"STORHAUGEN AS",534219858,69.6628055808371,18.9168524881919
"STORHAUGEN AS",534219861,69.6628843197059,18.9169470868617
"STORHAUGEN AS",935338654,69.6715119733783,18.9669747890441
"STORHAUGEN AS",935338657,69.6715119733783,18.9669747890441
"STORHAUGEN AS",935338660,69.6715119733783,18.9669747890441
"K S K BYGG AS",3142432,69.6887859678405,19.0078099844429
"TR INVEST AS",3139025,69.634109971588,18.921173926825
"DESIRO EIENDOM AS",3139634,69.6677183392836,18.9674796158626
"DESIRO EIENDOM AS",4099067,69.6659284640643,18.9659824483776
"DESIRO EIENDOM AS",4242454,69.6585813318051,18.9416011450789
"SKIPPERGATA 15 AS",3145948,69.6534493662244,18.9628250514435
"SORGENFRI EIENDOM AS",3138643,69.6322423529967,18.9171155808488
"SORGENFRI EIENDOM AS",3139438,69.6398345678419,18.9016811827129
"PROSTNESET UTVIKLING AS",260288652,69.6474472898315,18.9598416025242
"TOTAL PROSJEKTLEDELSE TROMSØ AS",3340845,69.6834413529929,18.7102601061183
"BJERKAKERHALLEN AS",268988757,69.6361395055595,18.9287865446261
"SKATTØRA AS",3142356,69.6909494977216,19.0078830081279
"Hillesøy Mek Verksted AS",3144637,69.6366937099091,17.9977438530433
"VERVET AS",725089660,69.6537049348336,18.9659450347873
"VERVET AS",943112607,69.6526290619477,18.9691827895551
"VERVET AS",943112628,69.6529828922463,18.9684744374947
"VERVET AS",1045035018,69.6526053652769,18.9671337143926
"VERVET AS",1045035021,69.6526053652769,18.9671337143926
"VERVET AS",1045035024,69.6526053652769,18.9671337143926
"VERVET AS",1045035027,69.6526053652769,18.9671337143926
"VERVET AS",1045035030,69.6526053652769,18.9671337143926
"VERVET AS",1045035033,69.6526053652769,18.9671337143926
"VERVET AS",1045035036,69.6526053652769,18.9671337143926
"VERVET AS",1045035039,69.6526053652769,18.9671337143926
"VERVET AS",1045035042,69.6526053652769,18.9671337143926
"VERVET AS",1045035045,69.6526053652769,18.9671337143926
"VERVET AS",1045035048,69.6526053652769,18.9671337143926
"VERVET AS",1045035051,69.6526053652769,18.9671337143926
"VERVET AS",1045035054,69.6526053652769,18.9671337143926
"VERVET AS",1045035057,69.6526053652769,18.9671337143926
"VERVET AS",1045035060,69.6526053652769,18.9671337143926
"VERVET AS",1045035063,69.6526053652769,18.9671337143926
"VERVET AS",1045035066,69.6524322784881,18.9673982572059
"VERVET AS",1045035069,69.6524322784881,18.9673982572059
"VERVET AS",1045035072,69.6524322784881,18.9673982572059
"VERVET AS",1045035075,69.6524322784881,18.9673982572059
"VERVET AS",1045035078,69.6524322784881,18.9673982572059
"VERVET AS",1045035081,69.6524322784881,18.9673982572059
"VERVET AS",1045035084,69.6524322784881,18.9673982572059
"VERVET AS",1045035087,69.6524322784881,18.9673982572059
"VERVET AS",1045035090,69.6524322784881,18.9673982572059
"VERVET AS",1045035093,69.6524322784881,18.9673982572059
"VERVET AS",1045035096,69.6524322784881,18.9673982572059
"VERVET AS",1045035099,69.6524322784881,18.9673982572059
"VERVET AS",1045035102,69.6524322784881,18.9673982572059
"VERVET AS",1045035105,69.6523769666234,18.9676589888772
"VERVET AS",1045035108,69.6523769666234,18.9676589888772
"VERVET AS",1045035111,69.6523769666234,18.9676589888772
"VERVET AS",1045035114,69.6523769666234,18.9676589888772
"VERVET AS",1045035117,69.6523769666234,18.9676589888772
"VERVET AS",1045035120,69.6523769666234,18.9676589888772
"VERVET AS",1045035123,69.6523769666234,18.9676589888772
"VERVET AS",1045035126,69.6523769666234,18.9676589888772
"VERVET AS",1045035129,69.6523769666234,18.9676589888772
"VERVET AS",1045035132,69.6523769666234,18.9676589888772
"VERVET AS",1045035135,69.6523769666234,18.9676589888772
"VERVET AS",1045035138,69.6523769666234,18.9676589888772
"VERVET AS",1045035141,69.6523769666234,18.9676589888772
"VERVET AS",1045035144,69.6523769666234,18.9676589888772
"VERVET AS",1045035147,69.6523769666234,18.9676589888772
"VERVET AS",1045035150,69.6523769666234,18.9676589888772
"VERVET AS",1045035153,69.6523769666234,18.9676589888772
"VERVET AS",1045035156,69.6523769666234,18.9676589888772
"VERVET AS",1045035159,69.6523769666234,18.9676589888772
"VERVET AS",1045035162,69.6522694110256,18.9681242269694
"VERVET AS",1045035165,69.6522694110256,18.9681242269694
"VERVET AS",1045035168,69.6522694110256,18.9681242269694
"VERVET AS",1045035171,69.6522694110256,18.9681242269694
"VERVET AS",1045035174,69.6522694110256,18.9681242269694
"VERVET AS",1045035177,69.6522694110256,18.9681242269694
"VERVET AS",1045035180,69.6522694110256,18.9681242269694
"VERVET AS",1045035183,69.6522694110256,18.9681242269694
"VERVET AS",1045035186,69.6522694110256,18.9681242269694
"VERVET AS",1045035189,69.6522694110256,18.9681242269694
"VERVET AS",1045035192,69.6522694110256,18.9681242269694
"VERVET AS",1045035195,69.6522694110256,18.9681242269694
"VERVET AS",1045035198,69.6522694110256,18.9681242269694
"VERVET AS",1045035201,69.6522694110256,18.9681242269694
"VERVET AS",1045035204,69.6521380412003,18.968768300591
"VERVET AS",1045035210,69.6521380412003,18.968768300591
"VERVET AS",1045035213,69.6521380412003,18.968768300591
"VERVET AS",1045035216,69.6521380412003,18.968768300591
"VERVET AS",1045035219,69.6521380412003,18.968768300591
"VERVET AS",1045035222,69.6521380412003,18.968768300591
"VERVET AS",1045035225,69.6521380412003,18.968768300591
"VERVET AS",1045035228,69.6521380412003,18.968768300591
"VERVET AS",1045035231,69.6521380412003,18.968768300591
"VERVET AS",1045035234,69.6521380412003,18.968768300591
"VERVET AS",1045035237,69.6520773663703,18.9691467746959
"VERVET AS",1045035240,69.6520773663703,18.9691467746959
"VERVET AS",1045035243,69.6520773663703,18.9691467746959
"VERVET AS",1045035246,69.6520773663703,18.9691467746959
"VERVET AS",1045035249,69.6520773663703,18.9691467746959
"VERVET AS",1045035252,69.6520773663703,18.9691467746959
"VERVET AS",1045035255,69.6520773663703,18.9691467746959
"VERVET AS",1045035258,69.6520773663703,18.9691467746959
"VERVET AS",1045035261,69.6520773663703,18.9691467746959
"VERVET AS",1045035264,69.6520773663703,18.9691467746959
"VERVET AS",1045035267,69.6520773663703,18.9691467746959
"VERVET AS",1045035270,69.6520773663703,18.9691467746959
"VERVET AS",1045035273,69.6520773663703,18.9691467746959
"VERVET AS",1045035276,69.6520773663703,18.9691467746959
"VERVET AS",1045035279,69.6520773663703,18.9691467746959
"VERVET AS",1045035282,69.6520773663703,18.9691467746959
"VERVET AS",1045035285,69.6520773663703,18.9691467746959
"VERVET AS",1045035291,69.6521150175593,18.9695074877643
"VERVET AS",1045035294,69.6521150175593,18.9695074877643
"VERVET AS",1045035297,69.6521150175593,18.9695074877643
"VERVET AS",1045035300,69.6521150175593,18.9695074877643
"VERVET AS",1045035303,69.6521150175593,18.9695074877643
"VERVET AS",1045035306,69.6521150175593,18.9695074877643
"VERVET AS",1045035309,69.6521150175593,18.9695074877643
"VERVET AS",1045035312,69.6521150175593,18.9695074877643
"VERVET AS",1045035315,69.6521150175593,18.9695074877643
"VERVET AS",1045035318,69.6521150175593,18.9695074877643
"VERVET AS",1045035321,69.6521150175593,18.9695074877643
"VERVET AS",1045035324,69.6521150175593,18.9695074877643
"VERVET AS",1045035327,69.6521150175593,18.9695074877643
"VERVET AS",1045035330,69.6521150175593,18.9695074877643
"VERVET AS",1045035333,69.6521150175593,18.9695074877643
"VERVET AS",1045035336,69.6521150175593,18.9695074877643
"VERVET AS",1045035339,69.6521150175593,18.9695074877643
"VERVET AS",1045035342,69.6521685748018,18.9698401973941
"VERVET AS",1045035345,69.6521685748018,18.9698401973941
"VERVET AS",1045035348,69.6521685748018,18.9698401973941
"VERVET AS",1045035351,69.6521685748018,18.9698401973941
"VERVET AS",1045035354,69.6521685748018,18.9698401973941
"VERVET AS",1045035357,69.6521685748018,18.9698401973941
"VERVET AS",1045035360,69.6521685748018,18.9698401973941
"VERVET AS",1045035363,69.6521685748018,18.9698401973941
"VERVET AS",1045035366,69.6521685748018,18.9698401973941
"VERVET AS",1045035369,69.6521685748018,18.9698401973941
"VERVET AS",1045035372,69.6521685748018,18.9698401973941
"VERVET AS",1045035375,69.6521685748018,18.9698401973941
"VERVET AS",1045035381,69.6521685748018,18.9698401973941
"VERVET AS",1045035384,69.6521685748018,18.9698401973941
"VERVET AS",1045035387,69.6521685748018,18.9698401973941
"VERVET AS",1045035390,69.6521685748018,18.9698401973941
"VERVET AS",1045035393,69.6521685748018,18.9698401973941
"VERVET AS",1045035396,69.6521685748018,18.9698401973941
"VERVET AS",1045035399,69.6521685748018,18.9698401973941
"VERVET AS",1045035402,69.6521685748018,18.9698401973941
"VERVET AS",1045035405,69.6521685748018,18.9698401973941
"VERVET AS",1045035408,69.6521685748018,18.9698401973941
"VERVET AS",1045035411,69.6521685748018,18.9698401973941
"VERVET AS",1045035414,69.6520132350715,18.9696381889389
"MONSEN BYGG EIENDOM AS",3125184,69.6979932898298,19.0807221413069
"KATHKA AS",3146031,69.6539958650479,18.9545363110909
"AKTIV PARTNER AS",3131128,69.6755124873853,18.7649948601795
"MITTEGETLOKALE TROMSØ AS",1112094922,69.5669929492836,19.1383272318083
"MITTEGETLOKALE TROMSØ AS",1112094925,69.5669929492836,19.1383272318083
"MITTEGETLOKALE TROMSØ AS",1112094928,69.5669929492836,19.1383272318083
"MITTEGETLOKALE TROMSØ AS",1112094931,69.5669929492836,19.1383272318083
"MITTEGETLOKALE TROMSØ AS",1112094934,69.5669929492836,19.1383272318083
"MITTEGETLOKALE TROMSØ AS",1112094937,69.5669929492836,19.1383272318083
"MITTEGETLOKALE TROMSØ AS",1112094940,69.5669929492836,19.1383272318083
"MITTEGETLOKALE TROMSØ AS",1112094943,69.5669929492836,19.1383272318083
"MITTEGETLOKALE TROMSØ AS",1112094946,69.5669929492836,19.1383272318083
"MITTEGETLOKALE TROMSØ AS",1112094949,69.5669929492836,19.1383272318083
"MITTEGETLOKALE TROMSØ AS",1112094952,69.5669929492836,19.1383272318083
"MITTEGETLOKALE TROMSØ AS",1112094955,69.5669929492836,19.1383272318083
"MITTEGETLOKALE TROMSØ AS",1112094958,69.5669929492836,19.1383272318083
"MITTEGETLOKALE TROMSØ AS",1112094961,69.5669929492836,19.1383272318083
"MITTEGETLOKALE TROMSØ AS",1112094964,69.5669929492836,19.1383272318083
"MITTEGETLOKALE TROMSØ AS",1112094967,69.5669929492836,19.1383272318083
"MITTEGETLOKALE TROMSØ AS",1112094970,69.5669929492836,19.1383272318083
"MITTEGETLOKALE TROMSØ AS",1112094973,69.5669929492836,19.1383272318083
"MITTEGETLOKALE TROMSØ AS",1112094976,69.5669929492836,19.1383272318083
"MITTEGETLOKALE TROMSØ AS",1112094979,69.5669929492836,19.1383272318083
"MITTEGETLOKALE TROMSØ AS",1112094982,69.5668322376559,19.1390804001458
"MITTEGETLOKALE TROMSØ AS",1112094988,69.5668322376559,19.1390804001458
"MITTEGETLOKALE TROMSØ AS",1112094991,69.5668322376559,19.1390804001458
"MITTEGETLOKALE TROMSØ AS",1112094994,69.5668322376559,19.1390804001458
"MITTEGETLOKALE TROMSØ AS",1112094997,69.5668322376559,19.1390804001458
"MITTEGETLOKALE TROMSØ AS",1112095000,69.5668322376559,19.1390804001458
"MITTEGETLOKALE TROMSØ AS",1112095003,69.5668322376559,19.1390804001458
"MITTEGETLOKALE TROMSØ AS",1112095006,69.5668322376559,19.1390804001458
"MITTEGETLOKALE TROMSØ AS",1112095009,69.5668322376559,19.1390804001458
"MITTEGETLOKALE TROMSØ AS",1112095012,69.5668322376559,19.1390804001458
"MITTEGETLOKALE TROMSØ AS",1112095015,69.5668322376559,19.1390804001458
"MITTEGETLOKALE TROMSØ AS",1112095018,69.5668322376559,19.1390804001458
"MITTEGETLOKALE TROMSØ AS",1112095021,69.5668322376559,19.1390804001458
"MITTEGETLOKALE TROMSØ AS",1112095024,69.5668322376559,19.1390804001458
"MITTEGETLOKALE TROMSØ AS",1112095027,69.5668322376559,19.1390804001458
"MITTEGETLOKALE TROMSØ AS",1112095030,69.5668322376559,19.1390804001458
"MITTEGETLOKALE TROMSØ AS",1112095033,69.5668322376559,19.1390804001458
"MITTEGETLOKALE TROMSØ AS",1112095036,69.5668322376559,19.1390804001458
"MITTEGETLOKALE TROMSØ AS",1112095039,69.5668322376559,19.1390804001458
"MASTER TEKNIKK GRUPPEN AS",447041941,69.5701309753714,19.1859132707219
"MASTER TEKNIKK GRUPPEN AS",447041944,69.5701309753714,19.1859132707219
"MASTER TEKNIKK GRUPPEN AS",447041947,69.5701309753714,19.1859132707219
"CLOCKWORK MANAGEMENT AS",3138457,69.6628624162245,18.9585390060111
"HANDVERKSERVICE LAMAJ AS",3127243,69.643078183228,18.9942559285566
"HANDVERKSERVICE LAMAJ AS",3128435,69.612732954952,18.942202371272
"X TRA SERVICE AS",4277166,69.6646146374069,18.9668734257979
"GANHAR AS",3384638,69.666182305378,18.9666757169255
"GANHAR AS",631074605,69.6243517068438,18.95005143479
"GANHAR AS",631074614,69.6246091681915,18.9503467675166
"GANHAR AS",973955134,69.6602366852674,18.963420916368
"PRO CON AS",3130490,69.5698152611018,18.7659486953827
"ADELINES GJESTEBRYGGE AS",3134412,69.8362120968665,18.5787850090098
"RINGJORD ELEKTRO AS",3131051,69.6709369727698,18.7463162813409
"BYGG & TAKSERVICE AS",3146094,69.6417266514954,18.9388608588152
"BERNTSA AS",445409578,69.6707197663832,18.7438676951642
"BERNTSA AS",445423218,69.6708968082694,18.7436948559342
"BERNTSA AS",445423778,69.6710781922649,18.7436131974051
"BERNTSA AS",445626277,69.6725329133682,18.7403873341193
"BERNTSA AS",445840552,69.6725689545841,18.7418146293211
"BERNTSA AS",452062960,69.6864639920233,18.7526849087664
"BERNTSA AS",452062963,69.6864639920233,18.7526849087664
"BERNTSA AS",627445104,69.6806136917851,18.9519942178888
"BERNTSA AS",700260086,69.6830451866452,18.7354671706093
"BERNTSA AS",700260089,69.6830362929751,18.7352097094233
"SKOGVANG AS",3129017,69.5605942295833,19.1146448317535
"BJERKAKER SJØPARK AS",521212324,69.6346027872879,18.9316131568718
"BJERKAKER SJØPARK AS",527249319,69.6351970287984,18.929832375995
"BJERKAKER SJØPARK AS",527249322,69.6351970287984,18.929832375995
"BJERKAKER SJØPARK AS",527249325,69.6351970287984,18.929832375995
"BJERKAKER SJØPARK AS",527249328,69.6351970287984,18.929832375995
"BJERKAKER SJØPARK AS",527249331,69.6351970287984,18.929832375995
"BJERKAKER SJØPARK AS",527249334,69.6351970287984,18.929832375995
"BJERKAKER SJØPARK AS",527249337,69.6351970287984,18.929832375995
"BJERKAKER SJØPARK AS",527249340,69.6351970287984,18.929832375995
"BJERKAKER SJØPARK AS",527249343,69.6351970287984,18.929832375995
"BJERKAKER SJØPARK AS",527249346,69.6351970287984,18.929832375995
"BJERKAKER SJØPARK AS",527249349,69.6351970287984,18.929832375995
"BJERKAKER SJØPARK AS",527249352,69.6351970287984,18.929832375995
"BJERKAKER SJØPARK AS",527249355,69.6351970287984,18.929832375995
"BJERKAKER SJØPARK AS",527249358,69.6351970287984,18.929832375995
"BJERKAKER SJØPARK AS",527249361,69.6351970287984,18.929832375995
"BJERKAKER SJØPARK AS",527249364,69.6351970287984,18.929832375995
"BJERKAKER SJØPARK AS",527249367,69.6351970287984,18.929832375995
"BJERKAKER SJØPARK AS",527249370,69.6351970287984,18.929832375995
"BJERKAKER SJØPARK AS",527249373,69.6351970287984,18.929832375995
"BJERKAKER SJØPARK AS",527249376,69.6351970287984,18.929832375995
"BJERKAKER SJØPARK AS",527249379,69.6351970287984,18.929832375995
"BJERKAKER SJØPARK AS",527249382,69.6351970287984,18.929832375995
"BJERKAKER SJØPARK AS",527249385,69.6351970287984,18.929832375995
"BJERKAKER SJØPARK AS",527249388,69.6351970287984,18.929832375995
"BJERKAKER SJØPARK AS",527249391,69.6351970287984,18.929832375995
"BJERKAKER SJØPARK AS",527249394,69.6351970287984,18.929832375995
"BJERKAKER SJØPARK AS",527249397,69.6351970287984,18.929832375995
"BJERKAKER SJØPARK AS",527249400,69.6351970287984,18.929832375995
"BJERKAKER SJØPARK AS",527249403,69.6351970287984,18.929832375995
"BJERKAKER SJØPARK AS",527249406,69.6351970287984,18.929832375995
"BJERKAKER SJØPARK AS",527249409,69.6351970287984,18.929832375995
"BJERKAKER SJØPARK AS",527249412,69.6351970287984,18.929832375995
"BJERKAKER SJØPARK AS",527249415,69.6351970287984,18.929832375995
"BJERKAKER SJØPARK AS",527249418,69.6351970287984,18.929832375995
"BJERKAKER SJØPARK AS",527249421,69.6351970287984,18.929832375995
"BJERKAKER SJØPARK AS",527249424,69.6351970287984,18.929832375995
"BJERKAKER SJØPARK AS",527249427,69.6351970287984,18.929832375995
"BJERKAKER SJØPARK AS",527249430,69.6351970287984,18.929832375995
"BJERKAKER SJØPARK AS",527249433,69.6351970287984,18.929832375995
"BJERKAKER SJØPARK AS",527249436,69.6351970287984,18.929832375995
"BJERKAKER SJØPARK AS",527249439,69.6351970287984,18.929832375995
"BJERKAKER SJØPARK AS",527249442,69.6351970287984,18.929832375995
"BJERKAKER SJØPARK AS",527249445,69.6351970287984,18.929832375995
"BJERKAKER SJØPARK AS",527249448,69.6351970287984,18.929832375995
"BJERKAKER SJØPARK AS",527249451,69.6351970287984,18.929832375995
"BJERKAKER SJØPARK AS",527249454,69.6351970287984,18.929832375995
"BJERKAKER SJØPARK AS",527249457,69.6351970287984,18.929832375995
"BJERKAKER SJØPARK AS",527249460,69.6351970287984,18.929832375995
"BJERKAKER SJØPARK AS",527249463,69.6351970287984,18.929832375995
"BJERKAKER SJØPARK AS",527249466,69.6351970287984,18.929832375995
"BJERKAKER SJØPARK AS",527249469,69.6351970287984,18.929832375995
"BJERKAKER SJØPARK AS",527249472,69.6351970287984,18.929832375995
"BJERKAKER SJØPARK AS",527249475,69.6351970287984,18.929832375995
"BJERKAKER SJØPARK AS",527249478,69.6351970287984,18.929832375995
"BJERKAKER SJØPARK AS",527249481,69.6351970287984,18.929832375995
"BJERKAKER SJØPARK AS",527249484,69.6351970287984,18.929832375995
"BJERKAKER SJØPARK AS",527249487,69.6351970287984,18.929832375995
"BJERKAKER SJØPARK AS",527249490,69.6351970287984,18.929832375995
"BJERKAKER SJØPARK AS",527249493,69.6351970287984,18.929832375995
"BJERKAKER SJØPARK AS",527249496,69.6351970287984,18.929832375995
"BJERKAKER SJØPARK AS",527249499,69.6351970287984,18.929832375995
"BJERKAKER SJØPARK AS",527249502,69.6351970287984,18.929832375995
"BJERKAKER SJØPARK AS",527249505,69.6351970287984,18.929832375995
"BJERKAKER SJØPARK AS",527249508,69.6351970287984,18.929832375995
"BJERKAKER SJØPARK AS",527249511,69.6351970287984,18.929832375995
"BJERKAKER SJØPARK AS",527249514,69.6351970287984,18.929832375995
"BJERKAKER SJØPARK AS",527249517,69.6351970287984,18.929832375995
"BJERKAKER SJØPARK AS",527249520,69.6351970287984,18.929832375995
"BJERKAKER SJØPARK AS",527249523,69.6351970287984,18.929832375995
"BJERKAKER SJØPARK AS",530854905,69.6346027872879,18.9316131568718
"BJERKAKER SJØPARK AS",530854908,69.6346027872879,18.9316131568718
"BJERKAKER SJØPARK AS",530854911,69.6346027872879,18.9316131568718
"BJERKAKER SJØPARK AS",530854914,69.6346027872879,18.9316131568718
"BJERKAKER SJØPARK AS",530854917,69.6346027872879,18.9316131568718
"BJERKAKER SJØPARK AS",530854920,69.6346027872879,18.9316131568718
"BJERKAKER SJØPARK AS",530854923,69.6346027872879,18.9316131568718
"BJERKAKER SJØPARK AS",530854926,69.6346027872879,18.9316131568718
"BJERKAKER SJØPARK AS",530854929,69.6346027872879,18.9316131568718
"BJERKAKER SJØPARK AS",530854932,69.6346027872879,18.9316131568718
"BJERKAKER SJØPARK AS",530854935,69.6346027872879,18.9316131568718
"BJERKAKER SJØPARK AS",530854941,69.6346027872879,18.9316131568718
"BJERKAKER SJØPARK AS",530854944,69.6346027872879,18.9316131568718
"BJERKAKER SJØPARK AS",530854947,69.6346027872879,18.9316131568718
"BJERKAKER SJØPARK AS",530854950,69.6346027872879,18.9316131568718
"BJERKAKER SJØPARK AS",530854953,69.6346027872879,18.9316131568718
"BJERKAKER SJØPARK AS",530854956,69.6346027872879,18.9316131568718
"BJERKAKER SJØPARK AS",530854959,69.6346027872879,18.9316131568718
"BJERKAKER SJØPARK AS",530854962,69.6346027872879,18.9316131568718
"BJERKAKER SJØPARK AS",530854965,69.6346027872879,18.9316131568718
"BJERKAKER SJØPARK AS",530854968,69.6346027872879,18.9316131568718
"BJERKAKER SJØPARK AS",530854971,69.6346027872879,18.9316131568718
"BJERKAKER SJØPARK AS",530854974,69.6346027872879,18.9316131568718
"BJERKAKER SJØPARK AS",530854977,69.6346027872879,18.9316131568718
"BJERKAKER SJØPARK AS",530854980,69.6346027872879,18.9316131568718
"BJERKAKER SJØPARK AS",530854983,69.6346027872879,18.9316131568718
"BJERKAKER SJØPARK AS",530854986,69.6346027872879,18.9316131568718
"BJERKAKER SJØPARK AS",530854989,69.6346027872879,18.9316131568718
"BJERKAKER SJØPARK AS",530854992,69.6346027872879,18.9316131568718
"BJERKAKER SJØPARK AS",530854995,69.6346027872879,18.9316131568718
"BJERKAKER SJØPARK AS",530854998,69.6346027872879,18.9316131568718
"BJERKAKER SJØPARK AS",530855001,69.6346027872879,18.9316131568718
"BJERKAKER SJØPARK AS",530855004,69.6346027872879,18.9316131568718
"BJERKAKER SJØPARK AS",530855007,69.6346027872879,18.9316131568718
"BJERKAKER SJØPARK AS",530855010,69.6346027872879,18.9316131568718
"BJERKAKER SJØPARK AS",530855013,69.6346027872879,18.9316131568718
"BJERKAKER SJØPARK AS",530855016,69.6346027872879,18.9316131568718
"BJERKAKER SJØPARK AS",530855019,69.6346027872879,18.9316131568718
"BJERKAKER SJØPARK AS",530855022,69.6346027872879,18.9316131568718
"BJERKAKER SJØPARK AS",530855025,69.6346027872879,18.9316131568718
"BJERKAKER SJØPARK AS",530855028,69.6346027872879,18.9316131568718
"BJERKAKER SJØPARK AS",530855034,69.6346027872879,18.9316131568718
"BJERKAKER SJØPARK AS",530855037,69.6346027872879,18.9316131568718
"BJERKAKER SJØPARK AS",530855040,69.6346027872879,18.9316131568718
"BJERKAKER SJØPARK AS",530855043,69.6346027872879,18.9316131568718
"BJERKAKER SJØPARK AS",530855046,69.6346027872879,18.9316131568718
"BJERKAKER SJØPARK AS",530855049,69.6346027872879,18.9316131568718
"BJERKAKER SJØPARK AS",530855052,69.6346027872879,18.9316131568718
"BJERKAKER SJØPARK AS",530855055,69.6346027872879,18.9316131568718
"BJERKAKER SJØPARK AS",530855061,69.6346027872879,18.9316131568718
"BJERKAKER SJØPARK AS",530855064,69.6346027872879,18.9316131568718
"BJERKAKER SJØPARK AS",530855067,69.6346027872879,18.9316131568718
"BJERKAKER SJØPARK AS",530855070,69.6346027872879,18.9316131568718
"BJERKAKER SJØPARK AS",530855073,69.6346027872879,18.9316131568718
"BJERKAKER SJØPARK AS",530855076,69.6346027872879,18.9316131568718
"BJERKAKER SJØPARK AS",530855079,69.6346027872879,18.9316131568718
"BJERKAKER SJØPARK AS",530855082,69.6346027872879,18.9316131568718
"BJERKAKER SJØPARK AS",530855085,69.6346027872879,18.9316131568718
"BJERKAKER SJØPARK AS",530855088,69.6346027872879,18.9316131568718
"BJERKAKER SJØPARK AS",530855091,69.6346027872879,18.9316131568718
"BJERKAKER SJØPARK AS",530855094,69.6346027872879,18.9316131568718
"BJERKAKER SJØPARK AS",530855097,69.6346027872879,18.9316131568718
"BJERKAKER SJØPARK AS",530855100,69.6346027872879,18.9316131568718
"BJERKAKER SJØPARK AS",530855103,69.6346027872879,18.9316131568718
"BJERKAKER SJØPARK AS",530855106,69.6346027872879,18.9316131568718
"BJERKAKER SJØPARK AS",530855109,69.6346027872879,18.9316131568718
"BJERKAKER SJØPARK AS",530855112,69.6346027872879,18.9316131568718
"BJERKAKER SJØPARK AS",530855115,69.6346027872879,18.9316131568718
"BJERKAKER SJØPARK AS",570399654,69.6349357661867,18.9306662155902
"BJERKAKER SJØPARK AS",570399657,69.6349357661867,18.9306662155902
"BJERKAKER SJØPARK AS",570399660,69.6349357661867,18.9306662155902
"BJERKAKER SJØPARK AS",570399663,69.6349357661867,18.9306662155902
"BJERKAKER SJØPARK AS",570399666,69.6349357661867,18.9306662155902
"BJERKAKER SJØPARK AS",570399669,69.6349357661867,18.9306662155902
"BJERKAKER SJØPARK AS",570399672,69.6349357661867,18.9306662155902
"BJERKAKER SJØPARK AS",570399675,69.6349357661867,18.9306662155902
"BJERKAKER SJØPARK AS",570399678,69.6349357661867,18.9306662155902
"BJERKAKER SJØPARK AS",570399681,69.6349357661867,18.9306662155902
"BJERKAKER SJØPARK AS",570399684,69.6349357661867,18.9306662155902
"BJERKAKER SJØPARK AS",570399687,69.6349357661867,18.9306662155902
"BJERKAKER SJØPARK AS",570399690,69.6349357661867,18.9306662155902
"BJERKAKER SJØPARK AS",570399693,69.6349357661867,18.9306662155902
"BJERKAKER SJØPARK AS",570399696,69.6349357661867,18.9306662155902
"BJERKAKER SJØPARK AS",570399699,69.6349357661867,18.9306662155902
"BJERKAKER SJØPARK AS",570399702,69.6349357661867,18.9306662155902
"BJERKAKER SJØPARK AS",570399705,69.6349357661867,18.9306662155902
"BJERKAKER SJØPARK AS",570399708,69.6349357661867,18.9306662155902
"BJERKAKER SJØPARK AS",570399711,69.6349357661867,18.9306662155902
"BJERKAKER SJØPARK AS",570399714,69.6349357661867,18.9306662155902
"BJERKAKER SJØPARK AS",570399717,69.6349357661867,18.9306662155902
"BJERKAKER SJØPARK AS",570399720,69.6349357661867,18.9306662155902
"BJERKAKER SJØPARK AS",570399723,69.6349357661867,18.9306662155902
"BJERKAKER SJØPARK AS",570399726,69.6349357661867,18.9306662155902
"BJERKAKER SJØPARK AS",570399729,69.6349357661867,18.9306662155902
"BJERKAKER SJØPARK AS",570399732,69.6349357661867,18.9306662155902
"BJERKAKER SJØPARK AS",570399735,69.6349357661867,18.9306662155902
"BJERKAKER SJØPARK AS",570399738,69.6349357661867,18.9306662155902
"BJERKAKER SJØPARK AS",570399741,69.6349357661867,18.9306662155902
"BJERKAKER SJØPARK AS",570399744,69.6349357661867,18.9306662155902
"BJERKAKER SJØPARK AS",570399747,69.6349357661867,18.9306662155902
"BJERKAKER SJØPARK AS",570399750,69.6349357661867,18.9306662155902
"BJERKAKER SJØPARK AS",570399753,69.6349357661867,18.9306662155902
"BJERKAKER SJØPARK AS",570399756,69.6349357661867,18.9306662155902
"BJERKAKER SJØPARK AS",570399759,69.6349357661867,18.9306662155902
"BJERKAKER SJØPARK AS",570399762,69.6349357661867,18.9306662155902
"BJERKAKER SJØPARK AS",570399765,69.6349357661867,18.9306662155902
"BJERKAKER SJØPARK AS",570399768,69.6349357661867,18.9306662155902
"BJERKAKER SJØPARK AS",570399771,69.6349357661867,18.9306662155902
"BJERKAKER SJØPARK AS",570399774,69.6349357661867,18.9306662155902
"BJERKAKER SJØPARK AS",570399777,69.6349357661867,18.9306662155902
"BJERKAKER SJØPARK AS",570399780,69.6349357661867,18.9306662155902
"BJERKAKER SJØPARK AS",570399783,69.6349357661867,18.9306662155902
"BJERKAKER SJØPARK AS",570399786,69.6349357661867,18.9306662155902
"BJERKAKER SJØPARK AS",570399789,69.6349357661867,18.9306662155902
"BJERKAKER SJØPARK AS",570399792,69.6349357661867,18.9306662155902
"BJERKAKER SJØPARK AS",570399795,69.6349357661867,18.9306662155902
"BJERKAKER SJØPARK AS",570399798,69.6349357661867,18.9306662155902
"BJERKAKER SJØPARK AS",570399801,69.6349357661867,18.9306662155902
"BJERKAKER SJØPARK AS",570400966,69.6343240980699,18.9309012969629
"BJERKAKER SJØPARK AS",570400969,69.6343240980699,18.9309012969629
"BJERKAKER SJØPARK AS",570400972,69.6343240980699,18.9309012969629
"BJERKAKER SJØPARK AS",570400975,69.6343240980699,18.9309012969629
"BJERKAKER SJØPARK AS",570400978,69.6343240980699,18.9309012969629
"BJERKAKER SJØPARK AS",570400981,69.6343240980699,18.9309012969629
"BJERKAKER SJØPARK AS",570400984,69.6343240980699,18.9309012969629
"BJERKAKER SJØPARK AS",570400987,69.6343240980699,18.9309012969629
"BJERKAKER SJØPARK AS",570400990,69.6343240980699,18.9309012969629
"BJERKAKER SJØPARK AS",570400993,69.6343240980699,18.9309012969629
"BJERKAKER SJØPARK AS",570400996,69.6343240980699,18.9309012969629
"BJERKAKER SJØPARK AS",570400999,69.6343240980699,18.9309012969629
"BJERKAKER SJØPARK AS",570401002,69.6343240980699,18.9309012969629
"BJERKAKER SJØPARK AS",570401005,69.6343240980699,18.9309012969629
"BJERKAKER SJØPARK AS",570401008,69.6343240980699,18.9309012969629
"BJERKAKER SJØPARK AS",570401011,69.6343240980699,18.9309012969629
"BJERKAKER SJØPARK AS",570401014,69.6343240980699,18.9309012969629
"BJERKAKER SJØPARK AS",570401017,69.6343240980699,18.9309012969629
"BJERKAKER SJØPARK AS",570401020,69.6343240980699,18.9309012969629
"BJERKAKER SJØPARK AS",570401023,69.6343240980699,18.9309012969629
"BJERKAKER SJØPARK AS",570401026,69.6343240980699,18.9309012969629
"BJERKAKER SJØPARK AS",570401029,69.6343240980699,18.9309012969629
"BJERKAKER SJØPARK AS",570401032,69.6343240980699,18.9309012969629
"BJERKAKER SJØPARK AS",570401035,69.6343240980699,18.9309012969629
"BJERKAKER SJØPARK AS",570401038,69.6343240980699,18.9309012969629
"BJERKAKER SJØPARK AS",570401041,69.6343240980699,18.9309012969629
"BJERKAKER SJØPARK AS",570401044,69.6343240980699,18.9309012969629
"BJERKAKER SJØPARK AS",570401047,69.6343240980699,18.9309012969629
"BJERKAKER SJØPARK AS",746775530,69.6343725855888,18.9294606877742
"BJERKAKER SJØPARK AS",746775533,69.6343725855888,18.9294606877742
"BJERKAKER SJØPARK AS",746775536,69.6343725855888,18.9294606877742
"BJERKAKER SJØPARK AS",746775539,69.6343725855888,18.9294606877742
"BJERKAKER SJØPARK AS",746775542,69.6343725855888,18.9294606877742
"BJERKAKER SJØPARK AS",746775545,69.6343725855888,18.9294606877742
"BJERKAKER SJØPARK AS",746775548,69.6343725855888,18.9294606877742
"BJERKAKER SJØPARK AS",746775551,69.6343725855888,18.9294606877742
"BJERKAKER SJØPARK AS",746775554,69.6343725855888,18.9294606877742
"BJERKAKER SJØPARK AS",746775557,69.6343725855888,18.9294606877742
"BJERKAKER SJØPARK AS",746775560,69.6343725855888,18.9294606877742
"BJERKAKER SJØPARK AS",746775563,69.6343725855888,18.9294606877742
"BJERKAKER SJØPARK AS",746775566,69.6343725855888,18.9294606877742
"BJERKAKER SJØPARK AS",746775569,69.6343725855888,18.9294606877742
"BJERKAKER SJØPARK AS",746775572,69.6343725855888,18.9294606877742
"BJERKAKER SJØPARK AS",746775575,69.6343725855888,18.9294606877742
"BJERKAKER SJØPARK AS",746775578,69.6343725855888,18.9294606877742
"BJERKAKER SJØPARK AS",746775581,69.6343725855888,18.9294606877742
"BJERKAKER SJØPARK AS",746775584,69.6343725855888,18.9294606877742
"BJERKAKER SJØPARK AS",746775587,69.6343725855888,18.9294606877742
"BJERKAKER SJØPARK AS",746775590,69.6343725855888,18.9294606877742
"BJERKAKER SJØPARK AS",746775593,69.6343725855888,18.9294606877742
"BJERKAKER SJØPARK AS",746775596,69.6343725855888,18.9294606877742
"BJERKAKER SJØPARK AS",746775599,69.6343725855888,18.9294606877742
"BJERKAKER SJØPARK AS",746775602,69.6343725855888,18.9294606877742
"BJERKAKER SJØPARK AS",746775605,69.6343725855888,18.9294606877742
"BJERKAKER SJØPARK AS",746775608,69.6343725855888,18.9294606877742
"BJERKAKER SJØPARK AS",746775611,69.6343725855888,18.9294606877742
"BJERKAKER SJØPARK AS",746775614,69.6343725855888,18.9294606877742
"BJERKAKER SJØPARK AS",746775617,69.6343725855888,18.9294606877742
"BJERKAKER SJØPARK AS",746775620,69.6343725855888,18.9294606877742
"BJERKAKER SJØPARK AS",746775623,69.6343725855888,18.9294606877742
"BJERKAKER SJØPARK AS",746775626,69.6343725855888,18.9294606877742
"BJERKAKER SJØPARK AS",746775629,69.6343725855888,18.9294606877742
"BJERKAKER SJØPARK AS",746775632,69.6343725855888,18.9294606877742
"BJERKAKER SJØPARK AS",765004815,69.6341529851634,18.9299591581727
"BJERKAKER SJØPARK AS",795783862,69.6346454568693,18.9289101511206
"BJERKAKER SJØPARK AS",795783865,69.6346454568693,18.9289101511206
"BJERKAKER SJØPARK AS",795783868,69.6346454568693,18.9289101511206
"BJERKAKER SJØPARK AS",795783871,69.6346454568693,18.9289101511206
"BJERKAKER SJØPARK AS",795783874,69.6346454568693,18.9289101511206
"BJERKAKER SJØPARK AS",795783877,69.6346454568693,18.9289101511206
"BJERKAKER SJØPARK AS",795783880,69.6346454568693,18.9289101511206
"BJERKAKER SJØPARK AS",795783883,69.6346454568693,18.9289101511206
"BJERKAKER SJØPARK AS",795783886,69.6346454568693,18.9289101511206
"BJERKAKER SJØPARK AS",795783889,69.6346454568693,18.9289101511206
"BJERKAKER SJØPARK AS",795783892,69.6346454568693,18.9289101511206
"BJERKAKER SJØPARK AS",795783895,69.6346454568693,18.9289101511206
"BJERKAKER SJØPARK AS",795783898,69.6346454568693,18.9289101511206
"BJERKAKER SJØPARK AS",795783901,69.6346454568693,18.9289101511206
"BJERKAKER SJØPARK AS",795783904,69.6346454568693,18.9289101511206
"BJERKAKER SJØPARK AS",795783907,69.6346454568693,18.9289101511206
"BJERKAKER SJØPARK AS",795783910,69.6346454568693,18.9289101511206
"BJERKAKER SJØPARK AS",795783913,69.6346454568693,18.9289101511206
"BJERKAKER SJØPARK AS",795783916,69.6346454568693,18.9289101511206
"BJERKAKER SJØPARK AS",795783919,69.6346454568693,18.9289101511206
"BJERKAKER SJØPARK AS",795783922,69.6346454568693,18.9289101511206
"BJERKAKER SJØPARK AS",795783925,69.6346454568693,18.9289101511206
"BJERKAKER SJØPARK AS",795783928,69.6346454568693,18.9289101511206
"BJERKAKER SJØPARK AS",795783931,69.6346454568693,18.9289101511206
"BJERKAKER SJØPARK AS",795783934,69.6346454568693,18.9289101511206
"BJERKAKER SJØPARK AS",795783937,69.6346454568693,18.9289101511206
"BJERKAKER SJØPARK AS",795783940,69.6346454568693,18.9289101511206
"BJERKAKER SJØPARK AS",795783943,69.6346454568693,18.9289101511206
"BJERKAKER SJØPARK AS",795783946,69.6346454568693,18.9289101511206
"BJERKAKER SJØPARK AS",795783949,69.6346454568693,18.9289101511206
"BJERKAKER SJØPARK AS",795783952,69.6346454568693,18.9289101511206
"BJERKAKER SJØPARK AS",795783955,69.6346454568693,18.9289101511206
"BJERKAKER SJØPARK AS",795783958,69.6346454568693,18.9289101511206
"BJERKAKER SJØPARK AS",795783961,69.6346454568693,18.9289101511206
"BJERKAKER SJØPARK AS",795783964,69.6346454568693,18.9289101511206
"BJERKAKER SJØPARK AS",795783967,69.6346454568693,18.9289101511206
"BJERKAKER SJØPARK AS",795783970,69.6346454568693,18.9289101511206
"BJERKAKER SJØPARK AS",795783973,69.6346454568693,18.9289101511206
"BJERKAKER SJØPARK AS",795783976,69.6346454568693,18.9289101511206
"BJERKAKER SJØPARK AS",795783979,69.6346454568693,18.9289101511206
"BJERKAKER SJØPARK AS",795783982,69.6346454568693,18.9289101511206
"BJERKAKER SJØPARK AS",795783985,69.6346454568693,18.9289101511206
"BJERKAKER SJØPARK AS",795783988,69.6346454568693,18.9289101511206
"BJERKAKER SJØPARK AS",795783991,69.6346454568693,18.9289101511206
"BJERKAKER SJØPARK AS",795783994,69.6346454568693,18.9289101511206
"BJERKAKER SJØPARK AS",795783997,69.6346454568693,18.9289101511206
"BJERKAKER SJØPARK AS",795784000,69.6346454568693,18.9289101511206
"BJERKAKER SJØPARK AS",795784003,69.6346454568693,18.9289101511206
"BJERKAKER SJØPARK AS",795784006,69.6346454568693,18.9289101511206
"BJERKAKER SJØPARK AS",795784009,69.6346454568693,18.9289101511206
"BJERKAKER SJØPARK AS",795784012,69.6346454568693,18.9289101511206
"BJERKAKER SJØPARK AS",795784015,69.6346454568693,18.9289101511206
"BJERKAKER SJØPARK AS",795784018,69.6346454568693,18.9289101511206
"BJERKAKER SJØPARK AS",795784021,69.6346454568693,18.9289101511206
"BJERKAKER SJØPARK AS",795784024,69.6346454568693,18.9289101511206
"BJERKAKER SJØPARK AS",795784027,69.6346454568693,18.9289101511206
"BJERKAKER SJØPARK AS",795784030,69.6346454568693,18.9289101511206
"BJERKAKER SJØPARK AS",795784033,69.6346454568693,18.9289101511206
"BJERKAKER SJØPARK AS",795784036,69.6346454568693,18.9289101511206
"BJERKAKER SJØPARK AS",795784039,69.6346454568693,18.9289101511206
"BJERKAKER SJØPARK AS",795784042,69.6346454568693,18.9289101511206
"BJERKAKER SJØPARK AS",795784045,69.6346454568693,18.9289101511206
"BJERKAKER SJØPARK AS",795784048,69.6346454568693,18.9289101511206
"BJERKAKER SJØPARK AS",795784051,69.6346454568693,18.9289101511206
"BJERKAKER SJØPARK AS",795784054,69.6346454568693,18.9289101511206
"BJERKAKER SJØPARK AS",795784057,69.6346454568693,18.9289101511206
"BJERKAKER SJØPARK AS",795784060,69.6346454568693,18.9289101511206
"BJERKAKER SJØPARK AS",795784063,69.6346454568693,18.9289101511206
"BJERKAKER SJØPARK AS",795784066,69.6346454568693,18.9289101511206
"BJERKAKER SJØPARK AS",795784069,69.6346454568693,18.9289101511206
"BJERKAKER SJØPARK AS",795784072,69.6346454568693,18.9289101511206
"BJERKAKER SJØPARK AS",795784075,69.6346454568693,18.9289101511206
"BJERKAKER SJØPARK AS",795784078,69.6346454568693,18.9289101511206
"BJERKAKER SJØPARK AS",795784081,69.6346454568693,18.9289101511206
"BJERKAKER SJØPARK AS",795784084,69.6346454568693,18.9289101511206
"BJERKAKER SJØPARK AS",795784087,69.6346454568693,18.9289101511206
"BJERKAKER SJØPARK AS",795784090,69.6346454568693,18.9289101511206
"BJERKAKER SJØPARK AS",795784093,69.6346454568693,18.9289101511206
"BJERKAKER SJØPARK AS",795784096,69.6346454568693,18.9289101511206
"FIR KLØVER AS",3129660,69.5317524875626,19.0593872164254
"FIR KLØVER AS",3129691,69.5183801835517,19.0118098269373
"TROMSØ BOLIG AS",4354849,69.6479972355908,18.9372621728341
"TROMSØ BOLIG AS",4354850,69.6479972355908,18.9372621728341
"H W EIENDOM AS",3127485,69.6446074025673,19.0070419684542
"H W EIENDOM AS",617449401,69.6722367316014,18.7417250256518
"H W EIENDOM AS",617449404,69.6722367316014,18.7417250256518
"H W EIENDOM AS",617449965,69.6720761032396,18.7415494351615
"H W EIENDOM AS",617449968,69.6720761032396,18.7415494351615
"H W EIENDOM AS",844905815,69.684746544924,18.8253613643696
"H W EIENDOM AS",844905818,69.684746544924,18.8253613643696
"P & M HOLDING AS",4165220,69.6538686741788,18.9609669982255
"MARO HOLDING TROMSØ AS",3139352,69.649990922079,18.9277612369176
"MARO HOLDING TROMSØ AS",1141521885,69.6499565946563,18.9274890234471
"POSTEN EIENDOM TROMSØ AS",603326735,69.6831584381212,19.0020921267303
"TUIL ARENA II EIENDOM AS",3514672,69.6463134696325,19.0146602302969
"COBA EIENDOM AS",675440974,69.6837199123713,18.9803613020179
"COBA EIENDOM AS",675440977,69.6837199123713,18.9803613020179
"PARKGATA 38 AS",3145627,69.6523893552769,18.9536691478197
"GABRIELSEN MATHIAS AS",4099904,69.6536774905886,18.9566224204845
"GABRIELSEN MATHIAS AS",4099913,69.6539072972485,18.9568692074237
"TROMSØ ARCTIC REINDEER AS",3124588,69.7758709374207,19.3030053683875
"SCANSHIP INSPECTOR AS",3130454,69.5672855772889,18.7691269824618
"FLØYLIA AS",3128395,69.6155716653431,18.9419295018183
"FLØYLIA AS",977374294,69.615848453964,18.9408082085826
"FLØYLIA AS",977374345,69.6157767422934,18.940601642879
"FLØYLIA AS",986763742,69.6158225212503,18.9401642851919
"FLØYLIA AS",986763745,69.6158225212503,18.9401642851919
"FLØYLIA AS",986763748,69.6157268242468,18.9401053277986
"FLØYLIA AS",986763751,69.6157268242468,18.9401053277986
"FLØYLIA AS",986763754,69.615629250655,18.9400898336
"FLØYLIA AS",986763757,69.615629250655,18.9400898336
"FLØYLIA AS",986763760,69.6155414898692,18.9400375010275
"FLØYLIA AS",986763763,69.6155414898692,18.9400375010275
"FLØYLIA AS",986763766,69.6153660825214,18.9400075924854
"FLØYLIA AS",986763769,69.6153660825214,18.9400075924854
"FLØYLIA AS",986763772,69.6152769072367,18.9399781922216
"FLØYLIA AS",986763775,69.6152769072367,18.9399781922216
"FLØYLIA AS",986763778,69.615183085466,18.9399556627591
"FLØYLIA AS",986763781,69.615183085466,18.9399556627591
"FLØYLIA AS",986763784,69.6155625189282,18.9405800018665
"FLØYLIA AS",986763787,69.6155624580429,18.9407423456198
"FLØYLIA AS",986763790,69.6154761713316,18.9405846243508
"FLØYLIA AS",986763793,69.615482199613,18.9407558265382
"FLØYLIA AS",986763796,69.6153956255863,18.9405310494646
"FLØYLIA AS",986763799,69.6153929385995,18.9406903284565
"FLØYLIA AS",986763802,69.6153056135228,18.9404989149272
"FLØYLIA AS",986763805,69.6153144413506,18.9406654801958
"FLØYLIA AS",986763808,69.6152296564807,18.9404410366823
"FLØYLIA AS",986763811,69.6152321641164,18.9406090076812
"FLØYLIA AS",986763814,69.6151416069735,18.9404015352564
"FLØYLIA AS",986763817,69.615143220009,18.9405693398484
"FLØYLIA AS",1024502503,69.6145880287229,18.9401701595169
"FLØYLIA AS",1024502506,69.6145367749344,18.9401323210545
"FLØYLIA AS",1024502509,69.6144886080827,18.940156900848
"FLØYLIA AS",1024502512,69.6144292729897,18.9401587967904
"FLØYLIA AS",1024502515,69.6143907174495,18.9401155795368
"FLØYLIA AS",1024502518,69.614339549644,18.9401138342984
"FLØYLIA AS",1024502521,69.6142882958404,18.9400759964279
"FLØYLIA AS",1024502524,69.6142452375611,18.9400731762101
"FLØYLIA AS",1024502527,69.6141938682287,18.9400404710114
"FLØYLIA AS",1024502530,69.6141428736989,18.9400310273987
"FLØYLIA AS",1024502533,69.6145880287229,18.9401701595169
"FLØYLIA AS",1024502536,69.6145367749344,18.9401323210545
"FLØYLIA AS",1024502539,69.6144886080827,18.940156900848
"FLØYLIA AS",1024502542,69.6144292729897,18.9401587967904
"FLØYLIA AS",1024502545,69.6143907174495,18.9401155795368
"FLØYLIA AS",1024502548,69.614339549644,18.9401138342984
"FLØYLIA AS",1024502551,69.6142882958404,18.9400759964279
"FLØYLIA AS",1024502554,69.6142452375611,18.9400731762101
"FLØYLIA AS",1024502557,69.6141938682287,18.9400404710114
"FLØYLIA AS",1024502560,69.6141428736989,18.9400310273987
"FLØYLIA AS",1038053797,69.6142710503457,18.9409618357201
"FLØYLIA AS",1038053800,69.6142406273942,18.9411958525386
"FLØYLIA AS",1038053803,69.6141784350497,18.9412049469878
"FLØYLIA AS",1038053806,69.6141637216067,18.940980608388
"FLØYLIA AS",1038053809,69.6141313990255,18.9409797749642
"FLØYLIA AS",1038053812,69.6141013524894,18.9411571684163
"FLØYLIA AS",1038053815,69.6140391601459,18.9411662629293
"FLØYLIA AS",1038053818,69.6140263514733,18.940937124898
"FLØYLIA AS",1038053821,69.6139896134641,18.9409328968096
"FLØYLIA AS",1038053824,69.6139657716817,18.9411140153679
"FLØYLIA AS",1038053827,69.6139015589592,18.9411330431653
"FLØYLIA AS",1038053830,69.6138874511942,18.9409217040499
"FLØYLIA AS",1044514083,69.6137356809562,18.9408394784995
"FLØYLIA AS",1044514086,69.6137099064096,18.9409867380601
"FLØYLIA AS",1044514089,69.6136526197244,18.9410173562701
"FLØYLIA AS",1044514092,69.6136323929531,18.9408383851678
"FLØYLIA AS",1044514095,69.6135951069233,18.9408185948841
"FLØYLIA AS",1044514098,69.613572131862,18.940961218391
"FLØYLIA AS",1044514101,69.6135070245137,18.9409800806168
"FLØYLIA AS",1044514104,69.6134865088483,18.9408139413402
"FLØYLIA AS",1044514107,69.6134269145814,18.940787442568
"FLØYLIA AS",1044514110,69.6134032182247,18.9409222009719
"FLØYLIA AS",1044514113,69.6133426418518,18.940939325626
"FLØYLIA AS",1044514116,69.6133229052439,18.9407784855615
"FLØYLIA AS",1044514119,69.6132918816865,18.940759855584
"FLØYLIA AS",1044514122,69.6132683586677,18.9408869149095
"FLØYLIA AS",1044514125,69.6132050406058,18.9409061085281
"FLØYLIA AS",1044514128,69.6131856505792,18.940729873075
"FLØYLIA AS",1051594023,69.6120970197753,18.9404020013803
"FLØYLIA AS",1051594026,69.6120599604178,18.9406115762642
"FLØYLIA AS",1051594029,69.612002703427,18.9406009725871
"FLØYLIA AS",1051594032,69.6119855644536,18.9404045512625
"FLØYLIA AS",1051594035,69.6119371960915,18.9403981708383
"FLØYLIA AS",1051594038,69.6119066021495,18.9405599857102
"FLØYLIA AS",1051594041,69.6118469782115,18.940574710064
"FLØYLIA AS",1051594044,69.6118254815269,18.9403723300154
"FLØYLIA AS",1051594047,69.6117832896894,18.9403310210145
"FLØYLIA AS",1051594050,69.6117496948989,18.9404665130729
"FLØYLIA AS",1051594053,69.6116882816861,18.940480906243
"FLØYLIA AS",1051594056,69.6116727585638,18.9402925169373
"FLØYLIA AS",1109875449,69.6136595116963,18.9396735261223
"FLØYLIA AS",1109875452,69.6136095272894,18.9396591170518
"FLØYLIA AS",1109875455,69.6135584172258,18.9396548068966
"FLØYLIA AS",1109875458,69.6135048542512,18.9396397353246
"FLØYLIA AS",1109875461,69.6134465870554,18.9396341000097
"FLØYLIA AS",1109875464,69.613395275383,18.9395988310379
"FLØYLIA AS",1109875467,69.6133436749419,18.9395763927364
"FLØYLIA AS",1109875470,69.6132849751173,18.9395500632593
"FLØYLIA AS",1109875473,69.6132315853856,18.9395272939032
"FLØYLIA AS",1109875476,69.6131823223504,18.939520749378
"FLØYLIA AS",1109875479,69.613130837399,18.9394931793548
"FLØYLIA AS",1109875482,69.6137076501407,18.9396102883398
"FLØYLIA AS",1109875485,69.6136811812099,18.9399481061903
"FLØYLIA AS",1109875488,69.6136281086005,18.9399511623832
"FLØYLIA AS",1109875491,69.6135744878964,18.9399386561388
"FLØYLIA AS",1109875494,69.6135219928616,18.9399160511486
"FLØYLIA AS",1109875497,69.6134631775787,18.9398948527294
"FLØYLIA AS",1109875500,69.6134060938181,18.9398765518652
"FLØYLIA AS",1109875503,69.6133600345305,18.9398474085538
"FLØYLIA AS",1109875506,69.6133056346874,18.9398296048956
"FLØYLIA AS",1109875509,69.6132495610707,18.9398063378373
"FLØYLIA AS",1109875512,69.6131995766731,18.9397919287572
"FLØYLIA AS",1109875515,69.6131484666116,18.9397876183914
"FLØYLIA AS",1109875518,69.6137148333902,18.9398100349505
"FLØYLIA AS",1157440933,69.6125428561784,18.9393533958201
"FLØYLIA AS",1157440936,69.6125428561784,18.9393533958201
"FLØYLIA AS",1157440939,69.6125428561784,18.9393533958201
"FLØYLIA AS",1157440942,69.6125428561784,18.9393533958201
"FLØYLIA AS",1157440945,69.6125428561784,18.9393533958201
"FLØYLIA AS",1157440948,69.6125428561784,18.9393533958201
"FLØYLIA AS",1157440951,69.6125428561784,18.9393533958201
"FLØYLIA AS",1157440954,69.6125428561784,18.9393533958201
"FLØYLIA AS",1157440957,69.6125428561784,18.9393533958201
"FLØYLIA AS",1157440960,69.6125428561784,18.9393533958201
"FLØYLIA AS",1157440963,69.6128074948988,18.9395698791058
"FLØYLIA AS",1157440966,69.6127368182182,18.9395567931328
"FLØYLIA AS",1157440969,69.6127010325565,18.9395501673591
"FLØYLIA AS",1157440972,69.6126403701849,18.9395312055537
"FLØYLIA AS",1157440975,69.6125968792541,18.9395076930204
"FLØYLIA AS",1157440978,69.6124936205809,18.9394653847484
"FLØYLIA AS",1157440981,69.6124578349143,18.9394587592142
"FLØYLIA AS",1157440984,69.6123869849712,18.9394533718081
"FLØYLIA AS",1157440987,69.612346120203,18.9394329226138
"FLØYLIA AS",1157440990,69.6122870738495,18.9394219906712
"FLØYLIA AS",1157440993,69.6119099117065,18.9392156029781
"FLØYLIA AS",1157440996,69.6119099117065,18.9392156029781
"FLØYLIA AS",1157440999,69.6119099117065,18.9392156029781
"FLØYLIA AS",1157441002,69.6119099117065,18.9392156029781
"FLØYLIA AS",1157441005,69.6119099117065,18.9392156029781
"FLØYLIA AS",1157441008,69.6119099117065,18.9392156029781
"FLØYLIA AS",1157441011,69.6119099117065,18.9392156029781
"FLØYLIA AS",1157441014,69.6119099117065,18.9392156029781
"FLØYLIA AS",1157441017,69.6119099117065,18.9392156029781
"FLØYLIA AS",1157441020,69.6119099117065,18.9392156029781
"FLØYLIA AS",1157441023,69.612148319129,18.9392803525016
"FLØYLIA AS",1157441026,69.6120965453933,18.939265614212
"FLØYLIA AS",1157441029,69.6120663008094,18.9392522850711
"FLØYLIA AS",1157441032,69.6119913818731,18.9392281087951
"FLØYLIA AS",1157441035,69.611964542614,18.9392231400744
"FLØYLIA AS",1157441038,69.6118350505092,18.9391888611035
"FLØYLIA AS",1157441041,69.6118066529479,18.9391732975697
"FLØYLIA AS",1157441044,69.611731849488,18.9391439900758
"FLØYLIA AS",1157441047,69.6117032786864,18.9391361243906
"FLØYLIA AS",1157441050,69.6116490519878,18.9391106263493
"VERD INVEST AS",3137295,69.6458471300442,18.9009146519633
"VERD INVEST AS",400397632,69.6457569757164,18.9009290622796
"MARTINSEN INVESTMENT AS",3142021,69.6851329351673,18.9895108711662
"SOMMERNES EIENDOM AS",3136473,69.6827469694669,18.9540051362061
"SJØGATA 41 43 TROMSØ AS",4099944,69.6508094366598,18.9599832963508
"SJØGATA 41 43 TROMSØ AS",4099945,69.6508094366598,18.9599832963508
"STORTORGET 2 TROMSØ AS",3146267,69.6510011332429,18.9594511374511
"BLÅMANN BYGG AS",922042817,69.6861055109118,18.7360090526538
"BLÅMANN BYGG AS",922042820,69.6861055109118,18.7360090526538
"CARMENCITA EIENDOM AS",3139761,69.6341570186559,18.9182680335004
"ALTERA HOLDING AS",3136219,69.6831004266628,18.9482800089427
"FIGENSCHAU HOLDING AS",1044518810,69.6353165109512,18.9316342803735
"TROMSØ BOLIGUTVIKLING AS",3126900,69.6446684090021,18.9843869791315
"TROMSØ BOLIGUTVIKLING AS",3138272,69.639296177989,18.9230597765215
"TROMSØ BOLIGUTVIKLING AS",469462773,69.6407509418204,18.9262542101758
"TROMSØ BOLIGUTVIKLING AS",562411681,69.6393847355646,18.9232773606147
"TROMSØ BOLIGUTVIKLING AS",562411684,69.6393847355646,18.9232773606147
"TROMSØ BOLIGUTVIKLING AS",653536640,69.6445210205033,18.9841915871657
"Norwegian Export Import AS",1044518726,69.635611329255,18.931307061235
"GYNCONSULT AS",4203777,69.6474124673121,18.9416961895504
"HOVIGGÅRDEN AS",3145124,69.6500896814326,18.9552543710865
"PEDERSEN BRØYTING AS",3142549,69.6718632709002,19.6534150378562
"GABRIELSEN TOR MASKINENTREPRENØR AS",611594569,69.6722420571044,18.7428652842515
"ENTER TROMSØ HOTELS & APARTMENTS AS",4355922,69.6466507726798,18.9491941285291
"TWHOLDING AS",4099325,69.6435802805018,18.9335275738095
"TWHOLDING AS",4367052,69.6505149017701,18.9395617134682
"SKJELNAN UTBYGGING AS",555654476,69.6948735475291,19.0844026628654
"SKJELNAN UTBYGGING AS",827838595,69.6940322149096,19.0809782989413
"SKJELNAN UTBYGGING AS",827838616,69.6942897978314,19.0813383618415
"SKJELNAN UTBYGGING AS",827838637,69.6944052881262,19.0815494645131
"SKJELNAN UTBYGGING AS",827838658,69.6941580836117,19.0811681139739
"SKJELNAN UTBYGGING AS",827838679,69.6938932247963,19.0808118276338
"SKJELNAN UTBYGGING AS",890467527,69.6949992031739,19.0831333603913
"SKJELNAN UTBYGGING AS",890467549,69.6948517457237,19.0829833439888
"SKJELNAN UTBYGGING AS",890467615,69.694415132783,19.0827879428064
"SKJELNAN UTBYGGING AS",890467637,69.6942859836768,19.0826233530162
"SKJELNAN UTBYGGING AS",890467703,69.6938762045779,19.0824331364117
"SKJELNAN UTBYGGING AS",890467725,69.6937198615772,19.0822788338346
"SKJELNAN UTBYGGING AS",890467791,69.694109547532,19.0817873917535
"SKJELNAN UTBYGGING AS",890467813,69.6942535478791,19.0819315541278
"SKJELNAN UTBYGGING AS",890467835,69.6944117399962,19.0820836274455
"SKJELNAN UTBYGGING AS",890467857,69.6945602651494,19.082303689256
"DYP INVEST AS",4099699,69.6507866441269,18.9486468365141
"PERFEKT RENSERI AS",3145136,69.6525857297494,18.9577071812237
"MALETA EIENDOM AS",3125535,69.6639246303915,19.0216344792387
"SEVE BYGG AS",3125636,69.6517454852858,19.0089234873735
"SKIPPERGATA 2 AS",3138657,69.6642495937,18.9667276878355
"SKIPPERGATA 2 AS",3145023,69.660030443436,18.9645961830395
"SKIPPERGATA 2 AS",3145781,69.6580518608682,18.9627030688395
"SKIPPERGATA 2 AS",3146196,69.6529502345356,18.9598662584259
"MINKEN NÆRINGSPARK 4 AS",3258474,69.5612210548006,19.143997453645
"ARNTSEN TROND EIENDOM AS",1059128697,69.7062040992249,19.0197858079616
"GRIMSTAD HOLDING AS",3144400,69.620498886876,18.0208233128481
"SAFE GROUP AS",4139823,69.670813892299,18.9624439681031
"ROBERTSEN RONNY AS",553815814,69.644421535427,19.0057010598764
"ROBERTSEN RONNY AS",553815817,69.6443845465383,19.005825700525
"ROBERTSEN RONNY AS",674124717,69.6442200363459,19.0062230700408
"ROBERTSEN RONNY AS",674124720,69.6442433672734,19.0062636003292
"ROBERTSEN RONNY AS",674134959,69.644247668688,19.0061147311644
"ROBERTSEN RONNY AS",674134962,69.6442735071238,19.0061634764285
"SHNA AS",3317951,69.6608842603675,18.9653755166697
"LORENTZEN EIE AS",3143734,69.6057310817011,18.0410297350842
"QUADRAT EIENDOM AS",3126898,69.6428309309422,19.0074474685193
"QUADRAT EIENDOM AS",3145393,69.6511353400735,18.9475242384457
"QUADRAT EIENDOM AS",3145395,69.6509656749013,18.9470796764919
"QUADRAT EIENDOM AS",3856327,69.6464764310098,19.0059673282463
"QUADRAT EIENDOM AS",546992856,69.6333038872042,18.9178528411624
"QUADRAT EIENDOM AS",546992859,69.6333038872042,18.9178528411624
"QUADRAT EIENDOM AS",546992862,69.6333038872042,18.9178528411624
"QUADRAT EIENDOM AS",629842242,69.6562605686849,18.9623015386493
"QUADRAT EIENDOM AS",629842245,69.6562605686849,18.9623015386493
"QUADRAT EIENDOM AS",629842248,69.6562605686849,18.9623015386493
"QUADRAT EIENDOM AS",651909976,69.6734186469416,18.9672797508994
"QUADRAT EIENDOM AS",738314986,69.6942315967085,18.8683348974389
"QUADRAT EIENDOM AS",738314989,69.6942315967085,18.8683348974389
"QUADRAT EIENDOM AS",738314992,69.6942315967085,18.8683348974389
"QUADRAT EIENDOM AS",738819499,69.6331056589912,18.9133776168789
"QUADRAT EIENDOM AS",738819502,69.6331056589912,18.9133776168789
"QUADRAT EIENDOM AS",738819505,69.6331056589912,18.9133776168789
"QUADRAT EIENDOM AS",857730465,69.6508647240817,18.9503650584564
"QUADRAT EIENDOM AS",857730468,69.6508647240817,18.9503650584564
"QUADRAT EIENDOM AS",857730471,69.6508647240817,18.9503650584564
"QUADRAT EIENDOM AS",963082304,69.6428309309422,19.0074474685193
"QUADRAT EIENDOM AS",963082307,69.6428309309422,19.0074474685193
"QUADRAT EIENDOM AS",963082310,69.6428309309422,19.0074474685193
"QUADRAT EIENDOM AS",1000650156,69.6570411820272,18.9609134579011
"QUADRAT EIENDOM AS",1000650159,69.6570411820272,18.9609134579011
"QUADRAT EIENDOM AS",1059155268,69.674275063182,18.9663545769113
"QUADRAT EIENDOM AS",1059155271,69.6741821124953,18.9664922469377
"QUADRAT EIENDOM AS",1059155274,69.6742072055983,18.9665744676917
"QUADRAT EIENDOM AS",1139704087,69.6530899781776,18.9544708456994
"QUADRAT EIENDOM AS",1139704090,69.6530899781776,18.9544708456994
"QUADRAT EIENDOM AS",1139704093,69.6530899781776,18.9544708456994
"QUADRAT EIENDOM AS",1139704096,69.6530899781776,18.9544708456994
"QUADRAT EIENDOM AS",1139704099,69.6530899781776,18.9544708456994
"SOMMARBUKT UTVIKLING AS",418787282,69.513948502483,19.6322756834885
"BORTNE EIENDOM AS",1044518522,69.635841586883,18.9309343575366
"BORTNE EIENDOM AS",1044518642,69.635611329255,18.931307061235
"GRIMAREN AS",3130594,69.6110530180342,18.8140772795835
"ARCTIC FISHING SOMMARØY AS",3143910,69.5945551653562,18.2847590490297
"VILLMARK EIENDOM AS",3130789,69.623174805013,18.7653169041018
"AURORA UTVIKLING AS",3133226,69.8191372437533,18.9931534654802
"AURORA UTVIKLING AS",3144147,69.6924594387597,18.618543964639
"AURORA UTVIKLING AS",3144174,69.6922611128031,18.6177085729226
"HS EIENDOM AS",4099528,69.6460629520225,18.9485686737597
"FREWI EIENDOM AS",4141507,69.6652753100734,18.9646721063192
"AMBERFISH AS",3133334,69.8446633432399,18.8265357611129
"FORSØKET BOLIGER AS",973955086,69.6602366852674,18.963420916368
"FORSØKET BOLIGER AS",973955089,69.6602366852674,18.963420916368
"FORSØKET BOLIGER AS",973955092,69.6602366852674,18.963420916368
"FORSØKET BOLIGER AS",973955095,69.6602366852674,18.963420916368
"FORSØKET BOLIGER AS",973955098,69.6602366852674,18.963420916368
"FORSØKET BOLIGER AS",973955101,69.6602366852674,18.963420916368
"FORSØKET BOLIGER AS",973955104,69.6602366852674,18.963420916368
"FORSØKET BOLIGER AS",973955107,69.6602366852674,18.963420916368
"FORSØKET BOLIGER AS",973955110,69.6602366852674,18.963420916368
"FORSØKET BOLIGER AS",973955113,69.6602366852674,18.963420916368
"FORSØKET BOLIGER AS",973955116,69.6602366852674,18.963420916368
"FORSØKET BOLIGER AS",973955119,69.6602366852674,18.963420916368
"FORSØKET BOLIGER AS",973955122,69.6602366852674,18.963420916368
"FORSØKET BOLIGER AS",973955125,69.6602366852674,18.963420916368
"FORSØKET BOLIGER AS",973955128,69.6602366852674,18.963420916368
"FORSØKET BOLIGER AS",973955131,69.6602366852674,18.963420916368
"FORSØKET BOLIGER AS",973955137,69.6602366852674,18.963420916368
"FORSØKET BOLIGER AS",973955140,69.6602366852674,18.963420916368
"FORSØKET BOLIGER AS",973955143,69.6602366852674,18.963420916368
"FORSØKET BOLIGER AS",973955146,69.6602366852674,18.963420916368
"FORSØKET BOLIGER AS",973955149,69.6602366852674,18.963420916368
"FORSØKET BOLIGER AS",973955152,69.6602366852674,18.963420916368
"FORSØKET BOLIGER AS",973955155,69.6602366852674,18.963420916368
"FORSØKET BOLIGER AS",973955164,69.6602366852674,18.963420916368
"FORSØKET BOLIGER AS",973955167,69.6602366852674,18.963420916368
"FRONTE AS",3138305,69.6708483028698,18.9724834482273
"FRONTE AS",3139798,69.6708550843993,18.9717870782229
"FRONTE AS",726528016,69.6414401805061,19.0138063347474
"FRONTE AS",726528019,69.6413629896962,19.0139207684296
"FRONTE AS",726528022,69.6414475957106,19.0136787170011
"KAION AS",3145585,69.6559622572138,18.965721256949
"KAION AS",3145586,69.656191366354,18.9659189822664
"TEK BOLIG AS",3129186,69.5924860384558,19.2971879928989
"TEK BOLIG AS",3137419,69.664010846148,18.9198024991416
"ANDERS OG ANDRE AS",3140489,69.6316303920941,18.9115354358887
"ANDERS OG ANDRE AS",1030213924,69.6838568807152,18.995449995172
"KIBSGAARD EIENDOM AS",4175663,69.6691189932083,18.9661655694077
"JOHANNESSEN BRØDRENE EIENDOM AS",3145963,69.6543545378062,18.9632005604181
"IVAR AASENSVEI 12 AS",862714350,69.6378402962539,18.9222415063751
"IVAR AASENSVEI 12 AS",862714353,69.637787472785,18.9221130891802
"KVELDROVEGEN 68 AS",753617971,69.6382829597243,18.9210875050156
"KVELDROVEGEN 68 AS",753617974,69.6383536196192,18.921221793887
"SLETTATORGET 1 OG 8 AS",3131542,69.6892199622986,18.8580851935263
"STG 25 AS",1070238334,69.6464098156799,18.9531083171689
"STG 25 AS",1070238337,69.6461753599206,18.9518723477411
"AMAZING AURORA AS",3145772,69.6438099725633,18.9408986734336
"VARGMYRA AS",3144796,69.6527503380872,18.9567826679872
"LILLE PIGGTIND AS",4242496,69.6440968122665,18.9417260474485
"HANDELSHUSET EIDE AS",3133687,69.6767977831862,18.7452222807389
"STORGATA 70 TROMSØ AS",4287011,69.6497739107258,18.9557118048801
"STRANDVEGEN 108 BOLIG AS",1044518525,69.635841586883,18.9309343575366
"STRANDVEGEN 108 BOLIG AS",1044518528,69.635841586883,18.9309343575366
"STRANDVEGEN 108 BOLIG AS",1044518531,69.635841586883,18.9309343575366
"STRANDVEGEN 108 BOLIG AS",1044518534,69.635841586883,18.9309343575366
"STRANDVEGEN 108 BOLIG AS",1044518537,69.635841586883,18.9309343575366
"STRANDVEGEN 108 BOLIG AS",1044518540,69.635841586883,18.9309343575366
"STRANDVEGEN 108 BOLIG AS",1044518543,69.635841586883,18.9309343575366
"STRANDVEGEN 108 BOLIG AS",1044518546,69.635841586883,18.9309343575366
"STRANDVEGEN 108 BOLIG AS",1044518549,69.635841586883,18.9309343575366
"STRANDVEGEN 108 BOLIG AS",1044518552,69.635841586883,18.9309343575366
"STRANDVEGEN 108 BOLIG AS",1044518555,69.635841586883,18.9309343575366
"STRANDVEGEN 108 BOLIG AS",1044518558,69.635841586883,18.9309343575366
"STRANDVEGEN 108 BOLIG AS",1044518561,69.635841586883,18.9309343575366
"STRANDVEGEN 108 BOLIG AS",1044518564,69.635841586883,18.9309343575366
"STRANDVEGEN 108 BOLIG AS",1044518567,69.635841586883,18.9309343575366
"STRANDVEGEN 108 BOLIG AS",1044518570,69.635841586883,18.9309343575366
"STRANDVEGEN 108 BOLIG AS",1044518573,69.635841586883,18.9309343575366
"STRANDVEGEN 108 BOLIG AS",1044518576,69.635841586883,18.9309343575366
"STRANDVEGEN 108 BOLIG AS",1044518579,69.635841586883,18.9309343575366
"STRANDVEGEN 108 BOLIG AS",1044518582,69.635841586883,18.9309343575366
"STRANDVEGEN 108 BOLIG AS",1044518585,69.635841586883,18.9309343575366
"STRANDVEGEN 108 BOLIG AS",1044518588,69.635841586883,18.9309343575366
"STRANDVEGEN 108 BOLIG AS",1044518594,69.635841586883,18.9309343575366
"STRANDVEGEN 108 BOLIG AS",1044518597,69.635841586883,18.9309343575366
"STRANDVEGEN 108 BOLIG AS",1044518600,69.635841586883,18.9309343575366
"STRANDVEGEN 108 BOLIG AS",1044518603,69.635841586883,18.9309343575366
"STRANDVEGEN 108 BOLIG AS",1044518606,69.635841586883,18.9309343575366
"STRANDVEGEN 108 BOLIG AS",1044518609,69.635841586883,18.9309343575366
"STRANDVEGEN 108 BOLIG AS",1044518612,69.635841586883,18.9309343575366
"STRANDVEGEN 108 BOLIG AS",1044518615,69.635841586883,18.9309343575366
"STRANDVEGEN 108 BOLIG AS",1044518621,69.635841586883,18.9309343575366
"STRANDVEGEN 108 BOLIG AS",1044518624,69.635841586883,18.9309343575366
"STRANDVEGEN 108 BOLIG AS",1044518627,69.635841586883,18.9309343575366
"STRANDVEGEN 108 BOLIG AS",1044518630,69.635841586883,18.9309343575366
"STRANDVEGEN 108 BOLIG AS",1044518633,69.635611329255,18.931307061235
"STRANDVEGEN 108 BOLIG AS",1044518636,69.635611329255,18.931307061235
"STRANDVEGEN 108 BOLIG AS",1044518639,69.635611329255,18.931307061235
"STRANDVEGEN 108 BOLIG AS",1044518645,69.635611329255,18.931307061235
"STRANDVEGEN 108 BOLIG AS",1044518648,69.635611329255,18.931307061235
"STRANDVEGEN 108 BOLIG AS",1044518651,69.635611329255,18.931307061235
"STRANDVEGEN 108 BOLIG AS",1044518654,69.635611329255,18.931307061235
"STRANDVEGEN 108 BOLIG AS",1044518657,69.635611329255,18.931307061235
"STRANDVEGEN 108 BOLIG AS",1044518660,69.635611329255,18.931307061235
"STRANDVEGEN 108 BOLIG AS",1044518663,69.635611329255,18.931307061235
"STRANDVEGEN 108 BOLIG AS",1044518666,69.635611329255,18.931307061235
"STRANDVEGEN 108 BOLIG AS",1044518669,69.635611329255,18.931307061235
"STRANDVEGEN 108 BOLIG AS",1044518672,69.635611329255,18.931307061235
"STRANDVEGEN 108 BOLIG AS",1044518675,69.635611329255,18.931307061235
"STRANDVEGEN 108 BOLIG AS",1044518678,69.635611329255,18.931307061235
"STRANDVEGEN 108 BOLIG AS",1044518681,69.635611329255,18.931307061235
"STRANDVEGEN 108 BOLIG AS",1044518684,69.635611329255,18.931307061235
"STRANDVEGEN 108 BOLIG AS",1044518687,69.635611329255,18.931307061235
"STRANDVEGEN 108 BOLIG AS",1044518690,69.635611329255,18.931307061235
"STRANDVEGEN 108 BOLIG AS",1044518693,69.635611329255,18.931307061235
"STRANDVEGEN 108 BOLIG AS",1044518696,69.635611329255,18.931307061235
"STRANDVEGEN 108 BOLIG AS",1044518699,69.635611329255,18.931307061235
"STRANDVEGEN 108 BOLIG AS",1044518702,69.635611329255,18.931307061235
"STRANDVEGEN 108 BOLIG AS",1044518705,69.635611329255,18.931307061235
"STRANDVEGEN 108 BOLIG AS",1044518708,69.635611329255,18.931307061235
"STRANDVEGEN 108 BOLIG AS",1044518711,69.635611329255,18.931307061235
"STRANDVEGEN 108 BOLIG AS",1044518714,69.635611329255,18.931307061235
"STRANDVEGEN 108 BOLIG AS",1044518717,69.635611329255,18.931307061235
"STRANDVEGEN 108 BOLIG AS",1044518720,69.635611329255,18.931307061235
"STRANDVEGEN 108 BOLIG AS",1044518723,69.635611329255,18.931307061235
"STRANDVEGEN 108 BOLIG AS",1044518729,69.635611329255,18.931307061235
"STRANDVEGEN 108 BOLIG AS",1044518732,69.635611329255,18.931307061235
"STRANDVEGEN 108 BOLIG AS",1044518735,69.635611329255,18.931307061235
"STRANDVEGEN 108 BOLIG AS",1044518738,69.635611329255,18.931307061235
"STRANDVEGEN 108 BOLIG AS",1044518741,69.635611329255,18.931307061235
"STRANDVEGEN 108 BOLIG AS",1044518744,69.6353165109512,18.9316342803735
"STRANDVEGEN 108 BOLIG AS",1044518747,69.6353165109512,18.9316342803735
"STRANDVEGEN 108 BOLIG AS",1044518750,69.6353165109512,18.9316342803735
"STRANDVEGEN 108 BOLIG AS",1044518753,69.6353165109512,18.9316342803735
"STRANDVEGEN 108 BOLIG AS",1044518756,69.6353165109512,18.9316342803735
"STRANDVEGEN 108 BOLIG AS",1044518759,69.6353165109512,18.9316342803735
"STRANDVEGEN 108 BOLIG AS",1044518762,69.6353165109512,18.9316342803735
"STRANDVEGEN 108 BOLIG AS",1044518765,69.6353165109512,18.9316342803735
"STRANDVEGEN 108 BOLIG AS",1044518768,69.6353165109512,18.9316342803735
"STRANDVEGEN 108 BOLIG AS",1044518771,69.6353165109512,18.9316342803735
"STRANDVEGEN 108 BOLIG AS",1044518774,69.6353165109512,18.9316342803735
"STRANDVEGEN 108 BOLIG AS",1044518777,69.6353165109512,18.9316342803735
"STRANDVEGEN 108 BOLIG AS",1044518780,69.6353165109512,18.9316342803735
"STRANDVEGEN 108 BOLIG AS",1044518783,69.6353165109512,18.9316342803735
"STRANDVEGEN 108 BOLIG AS",1044518786,69.6353165109512,18.9316342803735
"STRANDVEGEN 108 BOLIG AS",1044518789,69.6353165109512,18.9316342803735
"STRANDVEGEN 108 BOLIG AS",1044518792,69.6353165109512,18.9316342803735
"STRANDVEGEN 108 BOLIG AS",1044518795,69.6353165109512,18.9316342803735
"STRANDVEGEN 108 BOLIG AS",1044518801,69.6353165109512,18.9316342803735
"STRANDVEGEN 108 BOLIG AS",1044518804,69.6353165109512,18.9316342803735
"STRANDVEGEN 108 BOLIG AS",1044518807,69.6353165109512,18.9316342803735
"STRANDVEGEN 108 BOLIG AS",1044518813,69.6353165109512,18.9316342803735
"STRANDVEGEN 108 BOLIG AS",1044518816,69.6353165109512,18.9316342803735
"STRANDVEGEN 108 BOLIG AS",1044518819,69.6353165109512,18.9316342803735
"STRANDVEGEN 108 BOLIG AS",1044518822,69.6353165109512,18.9316342803735
"STRANDVEGEN 108 BOLIG AS",1044518825,69.6353165109512,18.9316342803735
"STRANDVEGEN 108 BOLIG AS",1044518828,69.6353165109512,18.9316342803735
"STRANDVEGEN 108 BOLIG AS",1044518831,69.6353165109512,18.9316342803735
"STRANDVEGEN 108 BOLIG AS",1044518834,69.6353165109512,18.9316342803735
"STRANDVEGEN 108 BOLIG AS",1044518837,69.6353165109512,18.9316342803735
"STRANDVEGEN 108 BOLIG AS",1044518843,69.6353165109512,18.9316342803735
"HAUKAAS EIENDOM AS",4258230,69.6540909109981,18.9646487865717
"SAMI EIENDOM AS",671538460,69.8368642185071,18.9048196863451
"NOMI BRYGGE AS",553084570,69.8427170754829,18.8243613134469
"BOPLAN AS",645073580,69.6452532736715,18.9105524499523
"BOPLAN AS",645073583,69.6453088805974,18.9105162366801
"BOPLAN AS",645073586,69.6453571472183,18.9106077021738
"ECOVUS AS",826729802,69.6426720497903,18.9901566048006
"ECOVUS AS",826729805,69.6427010933539,18.9900252953161
"ECOVUS AS",826735045,69.6425984574756,18.9898769940986
"ECOVUS AS",826735048,69.6425675394262,18.9898144169287
"ECOVUS AS",826735051,69.6425319386836,18.9896812882961
"ECOVUS AS",844892741,69.663270931596,18.9595450583266
"ECOVUS AS",844892744,69.6633456147303,18.9595796574386
"ECOVUS AS",925301861,69.6317593807711,18.9197912385613
"ECOVUS AS",925301864,69.6318410651232,18.9199146193493
"ECOVUS AS",925301867,69.6317470449602,18.919660014935
"ECOVUS AS",939134047,69.6317292555447,18.9201338448043
"ECOVUS AS",939134050,69.631634379234,18.9202788221519
"ECOVUS AS",939134053,69.6316042980661,18.9201778527816
"ECOVUS AS",1033501578,69.6317839332588,18.9188544386532
"ECOVUS AS",1033501581,69.6317839332588,18.9188544386532
"ECOVUS AS",1033501584,69.6317839332588,18.9188544386532
"VEITA AS",3145130,69.6519918959217,18.9569511102511
"VEITA AS",3146194,69.6517701276077,18.9580198243749
"ECHI AS",711988422,69.6500737172428,18.9283160262004
"ECHI AS",711988425,69.6501068155984,18.9282421311575
"ECHI AS",711988428,69.6501448172857,18.9281097746643
"ECHI AS",711990119,69.6501597872559,18.9285642593549
"ECHI AS",711990122,69.6501866231685,18.9284892058281
"ECHI AS",711990125,69.6502121305684,18.9283932564421
"SBB OMSORGSBOLIG 2 AS",3129504,69.5135048228349,19.2404613592404
"SBB OMSORGSBOLIG 2 AS",3559248,69.6074702836335,18.0633135335341
"HILLESØY BYGGSERVICE AS",3547474,69.6422704513879,17.9894184167793
"HILLESØY BYGGSERVICE AS",3547488,69.6420236655953,17.9884658365548
"HILLESØY BYGGSERVICE AS",3547491,69.6417524457482,17.9876825893875
"HILLESØY BYGGSERVICE AS",3547493,69.6415251372927,17.9879574546709
"SJURELV FISKEOPPDRETT AS",3133612,69.6852113378427,18.6902002488972
"SJURELV FISKEOPPDRETT AS",3133683,69.6854202124467,18.6916299398594
"VINDLYS HUSØY AS",3125931,69.6513779107804,19.0179154350679
"AURORA APARTMENTS AS",3138878,69.6708986247692,18.9674801992261
"AURORA APARTMENTS AS",626564008,69.6708986247692,18.9674801992261
"AURORA APARTMENTS AS",626564011,69.6708986247692,18.9674801992261
"AURORA APARTMENTS AS",719915403,69.644993059225,18.9957773725431
"AURORA APARTMENTS AS",719915406,69.644993059225,18.9957773725431
"EVOC AS",3136394,69.6701815322111,18.9618426791422
"ISHAVET EIENDOM AS",4102544,69.6730021105142,18.9678220172046
"ISHAVET EIENDOM AS",4102545,69.6730021105142,18.9678220172046
"GHE AS",3139692,69.6437511208343,18.9331205301466
"GHE AS",251963853,69.6556546364931,18.9638305793491
"NYHEIM UTLEIEBOLIG AS",979529888,69.6383247364819,18.9386120418503
"NYHEIM UTLEIEBOLIG AS",979529891,69.6383247364819,18.9386120418503
"NYHEIM UTLEIEBOLIG AS",979529894,69.6383247364819,18.9386120418503
"NYHEIM UTLEIEBOLIG AS",979529897,69.6383247364819,18.9386120418503
"NYHEIM UTLEIEBOLIG AS",979529900,69.6383247364819,18.9386120418503
"NYHEIM UTLEIEBOLIG AS",979529903,69.6383247364819,18.9386120418503
"NYHEIM UTLEIEBOLIG AS",979529906,69.6383247364819,18.9386120418503
"NYHEIM UTLEIEBOLIG AS",979529909,69.6383247364819,18.9386120418503
"NYHEIM UTLEIEBOLIG AS",979529912,69.6383247364819,18.9386120418503
"NYHEIM UTLEIEBOLIG AS",979529915,69.6383247364819,18.9386120418503
"NYHEIM UTLEIEBOLIG AS",979529918,69.6383247364819,18.9386120418503
"NYHEIM UTLEIEBOLIG AS",979529921,69.6383247364819,18.9386120418503
"NYHEIM UTLEIEBOLIG AS",979529924,69.6383247364819,18.9386120418503
"NYHEIM UTLEIEBOLIG AS",979529927,69.6383247364819,18.9386120418503
"NYHEIM UTLEIEBOLIG AS",979529930,69.6383247364819,18.9386120418503
"NYHEIM UTLEIEBOLIG AS",979529933,69.6383247364819,18.9386120418503
"NYHEIM UTLEIEBOLIG AS",979529936,69.6383247364819,18.9386120418503
"NYHEIM UTLEIEBOLIG AS",979529939,69.6383247364819,18.9386120418503
"NYHEIM UTLEIEBOLIG AS",979529942,69.6383247364819,18.9386120418503
"NYHEIM UTLEIEBOLIG AS",979529945,69.6383247364819,18.9386120418503
"NYHEIM UTLEIEBOLIG AS",979529948,69.6383247364819,18.9386120418503
"NYHEIM UTLEIEBOLIG AS",979529951,69.6383247364819,18.9386120418503
"NYHEIM UTLEIEBOLIG AS",979529954,69.6383247364819,18.9386120418503
"NYHEIM UTLEIEBOLIG AS",979529957,69.6383247364819,18.9386120418503
"NYHEIM UTLEIEBOLIG AS",979529960,69.6383247364819,18.9386120418503
"NYHEIM UTLEIEBOLIG AS",979529963,69.6383247364819,18.9386120418503
"NYHEIM UTLEIEBOLIG AS",979529966,69.6383247364819,18.9386120418503
"NYHEIM UTLEIEBOLIG AS",979529969,69.6383247364819,18.9386120418503
"NYHEIM UTLEIEBOLIG AS",979529972,69.6383247364819,18.9386120418503
"NYHEIM UTLEIEBOLIG AS",979529975,69.6383247364819,18.9386120418503
"NYHEIM UTLEIEBOLIG AS",979529978,69.6383247364819,18.9386120418503
"NYHEIM UTLEIEBOLIG AS",979529981,69.6383247364819,18.9386120418503
"NYHEIM UTLEIEBOLIG AS",979529984,69.6383247364819,18.9386120418503
"NYHEIM UTLEIEBOLIG AS",979529987,69.6383247364819,18.9386120418503
"NYHEIM UTLEIEBOLIG AS",979529990,69.6383247364819,18.9386120418503
"NYHEIM UTLEIEBOLIG AS",979529993,69.6383247364819,18.9386120418503
"NYHEIM UTLEIEBOLIG AS",979529996,69.6382103310475,18.9391454937492
"NYHEIM UTLEIEBOLIG AS",979529999,69.6382103310475,18.9391454937492
"NYHEIM UTLEIEBOLIG AS",979530002,69.6382103310475,18.9391454937492
"NYHEIM UTLEIEBOLIG AS",979530005,69.6382103310475,18.9391454937492
"NYHEIM UTLEIEBOLIG AS",979530008,69.6382103310475,18.9391454937492
"NYHEIM UTLEIEBOLIG AS",979530011,69.6382103310475,18.9391454937492
"NYHEIM UTLEIEBOLIG AS",979530014,69.6382103310475,18.9391454937492
"NYHEIM UTLEIEBOLIG AS",979530017,69.6382103310475,18.9391454937492
"NYHEIM UTLEIEBOLIG AS",979530020,69.6382103310475,18.9391454937492
"NYHEIM UTLEIEBOLIG AS",979530023,69.6382103310475,18.9391454937492
"NYHEIM UTLEIEBOLIG AS",979530026,69.6382103310475,18.9391454937492
"NYHEIM UTLEIEBOLIG AS",979530029,69.6382103310475,18.9391454937492
"NYHEIM UTLEIEBOLIG AS",979530032,69.6382103310475,18.9391454937492
"NYHEIM UTLEIEBOLIG AS",979530035,69.6382103310475,18.9391454937492
"NYHEIM UTLEIEBOLIG AS",979530038,69.6382103310475,18.9391454937492
"NYHEIM UTLEIEBOLIG AS",979530041,69.6382103310475,18.9391454937492
"NYHEIM UTLEIEBOLIG AS",979530044,69.6382103310475,18.9391454937492
"NYHEIM UTLEIEBOLIG AS",979530047,69.6382103310475,18.9391454937492
"NYHEIM UTLEIEBOLIG AS",979530050,69.6382103310475,18.9391454937492
"NYHEIM UTLEIEBOLIG AS",979530053,69.6382103310475,18.9391454937492
"NYHEIM UTLEIEBOLIG AS",979530056,69.6382103310475,18.9391454937492
"NYHEIM UTLEIEBOLIG AS",979530059,69.6382103310475,18.9391454937492
"NYHEIM UTLEIEBOLIG AS",979530062,69.6382103310475,18.9391454937492
"NYHEIM UTLEIEBOLIG AS",979530065,69.6382103310475,18.9391454937492
"NYHEIM UTLEIEBOLIG AS",979530068,69.6382103310475,18.9391454937492
"NYHEIM UTLEIEBOLIG AS",979530071,69.6382103310475,18.9391454937492
"NYHEIM UTLEIEBOLIG AS",979530074,69.6382103310475,18.9391454937492
"NYHEIM UTLEIEBOLIG AS",979530077,69.6382103310475,18.9391454937492
"NYHEIM UTLEIEBOLIG AS",979530080,69.6382103310475,18.9391454937492
"ARCTIC CAMP BRATTLI AS",3135013,69.6979996307468,18.95887039628
"ARCTIC CAMP BRATTLI AS",3135015,69.6979195864973,18.9596315713139
"JIC UTVIKLING AS",3138526,69.6648303542832,18.9605076713365
"JIC UTVIKLING AS",597735812,69.6648303542832,18.9605076713365
"JIC UTVIKLING AS",597735815,69.6648303542832,18.9605076713365
"JIC UTVIKLING AS",803832949,69.5698087653907,18.7687500909943
"JIC UTVIKLING AS",803832952,69.5698087653907,18.7687500909943
"JIC UTVIKLING AS",803832955,69.5698087653907,18.7687500909943
"JIC UTVIKLING AS",844907125,69.6768214500378,18.7684573713817
"JIC UTVIKLING AS",844907128,69.6768214500378,18.7684573713817
"JIC UTVIKLING AS",844907131,69.6768214500378,18.7684573713817
"JIC UTVIKLING AS",855783163,69.670928226415,18.9681575374624
"JIC UTVIKLING AS",855783166,69.670928226415,18.9681575374624
"JIC UTVIKLING AS",925300794,69.6745423297404,18.9644663507802
"JIC UTVIKLING AS",925300797,69.6745423297404,18.9644663507802
"JIC UTVIKLING AS",925300800,69.6745423297404,18.9644663507802
"JIC UTVIKLING AS",954601532,69.6598108782556,18.9603973663326
"JIC UTVIKLING AS",954601535,69.6598108782556,18.9603973663326
"JIC UTVIKLING AS",979536269,69.6335025693988,18.9222225038799
"JIC UTVIKLING AS",979536272,69.6335025693988,18.9222225038799
"JIC UTVIKLING AS",1076743780,69.6753165688596,18.9647920027125
"JIC UTVIKLING AS",1076743783,69.6753165688596,18.9647920027125
"JIC UTVIKLING AS",1133425815,69.6744420267226,18.9645716447718
"JIC UTVIKLING AS",1133425818,69.6744420267226,18.9645716447718
"RAJOB AS",3128096,69.6479337795472,19.0007702239811
"BATEMAN NORDISK EIENDOM AS",4355378,69.6510719287613,18.9535270719562
"MIDDELTHON INVEST AS",3144032,69.62155750633,18.3147686360699
"MIDDELTHON INVEST AS",3144050,69.6210822889176,18.2856591339596
"MIDDELTHON INVEST AS",3144054,69.6201479042893,18.3028785942791
"MIDDELTHON INVEST AS",3144055,69.6198235287296,18.2881439939105
"TUESDAY AS",950874481,69.6552604264356,18.9637827911897
"TUESDAY AS",950874484,69.6552604264356,18.9637827911897
"TUESDAY AS",950874487,69.6552604264356,18.9637827911897
"NESS ESTATE AS",3666970,69.7886290662486,19.1342163362284
"SHN TOMT 13 2 AS",3142031,69.6848977554401,18.9903715643291
"STORGATA 128 AS",3146225,69.6537787427794,18.9601756954389
"STORGATEN 76 TROMSØ AS",3146170,69.6502579194835,18.9553631473181
"ROALD AMUNDSENSPLASS 1 AS",3490559,69.64767466091,18.958366368173
"EVJENVEIEN 79 AS",851592496,69.6595374331168,19.017171991547
"EVJENVEIEN 79 AS",851592499,69.6595374331168,19.017171991547
"KULEN ASTRID E AS",3145626,69.6527346973906,18.9546886499098
"HC PROPERTY AS",855787132,69.6398090438372,18.9057708237866
"HC PROPERTY AS",855787135,69.6398096445948,18.9059050901598
"HC PROPERTY AS",932299394,69.6477279456676,18.9989633894855
"HC PROPERTY AS",932299397,69.6476955785335,18.9988463073153
"HC PROPERTY AS",932300722,69.6475989608365,18.9985132217079
"HC PROPERTY AS",932300725,69.647576081957,18.998413413912
"HC PROPERTY AS",1118857621,69.663640934017,18.9178228598827
"HC PROPERTY AS",1118857624,69.6634837366094,18.9178222478181
"HC PROPERTY AS",1118857627,69.6636041865187,18.917457060302
"ELTRO UTVIKLING AS",867679019,69.6847501693964,18.9529361247973
"ELTRO UTVIKLING AS",867679022,69.6848522219664,18.9528724214459
"ELTRO UTVIKLING AS",867685157,69.6848926797363,18.9531902288862
"ELTRO UTVIKLING AS",867685160,69.6848191800292,18.9531429085443
"ELTRO UTVIKLING AS",1062866745,69.6621006331513,18.9231919484203
"ELTRO UTVIKLING AS",1062866748,69.6620279559714,18.9230674582612
"ELTRO UTVIKLING AS",1062866751,69.6619648322637,18.9229576482579
"BUKTA NORD AS",3145188,69.6573825150389,18.9684655183693
"HLC EIENDOM AS",921495603,69.6552175446896,18.9589207672157
"HLC EIENDOM AS",921495606,69.6552175446896,18.9589207672157
"SVERRESVOLD HOLDING AS",3126459,69.6649232769706,19.0231412312344
"SOMMARØY FRYSEANLEGG AS",1084052448,69.6342459251566,18.0038680707702
"HOFT EIENDOM AS",3133637,69.6773740800683,18.6357882772837
"HUSAN AS",3141907,69.6837459143033,18.9983506722566
"TROMSØ LODGE AS",3130084,69.5304830076338,18.366857854226
"NORKJØP AS",3140238,69.6699202050489,18.9646617960483
"TONTO UTVIKLING AS",4099220,69.6779329450587,18.9821594275556
"KARLS EIENDOM AS",1086867096,69.6863007271148,18.7405934014546
"LIENCO HOLDING AS",649298974,69.6642574015268,18.9256493115214
"FAK EIENDOM AS",3127432,69.6422870635578,18.9962489350333
"FAK EIENDOM AS",3144808,69.6414285203625,18.9397344549321
"FAK EIENDOM AS",3146350,69.641457654345,18.9404365122872
"FLØYFJELLET UTVIKLING AS",3127428,69.6422017435746,18.9976263152384
"RAMFJORDNESVEIEN 130 AS",3128954,69.5333179074123,19.0017393385471
"NORDSTRÅLE AS",4123457,69.6463827738279,18.9515186549249
"SBB OMSORGSBOLIG 6 AS",251486463,69.6839420602052,18.9971543864114
"ØSTLY AS",3145876,69.6442628221759,18.9347377888393
"HOLM HANSEN EIENDOM AS",4175471,69.6626948585573,18.9655588884211
"FANGSTAUREN AS",3144377,69.6813535069367,18.1732423339029
"FANGSTAUREN AS",3144378,69.6823041142657,18.180398879107
"TROMSØ BOLIGINVEST AS",3139873,69.6395132720975,18.9290079075301
"TROMSØ BOLIGINVEST AS",3144728,69.6578250871478,18.9556370500684
"MALERSENTRALEN EIENDOM AS",3138545,69.6630676863907,18.9657577073063
"DRAMSVEGEN 46 AS",3144943,69.6571249215713,18.9583985749795
"KVALØYVÅGEN GÅRD AS",3133308,69.8538908744521,18.8239188656366
"ALFHEIMVEGEN 1B AS",3146706,69.6496104437411,18.9398327220098
"AJV20 AS",1019463483,69.6438556157979,18.9901802303508
"AJV20 AS",1019463486,69.6437832204279,18.9900453424656
"FORT362 AS",3126983,69.6498110519849,19.0023629767769
"FORT362 AS",3127837,69.6432444739304,18.9833973414008
"FORT362 AS",929781334,69.6885129131071,19.0072954297653
"FORT362 AS",929781337,69.6885409184897,19.0074067557086
"FORT362 AS",929781340,69.688566050855,19.0074865054594
"FORT362 AS",929781346,69.6882880455777,19.0067951723187
"FORT362 AS",929781349,69.6883298155553,19.0066970418251
"FORT362 AS",929781352,69.6883748699166,19.0066124623102
"FORT362 AS",929781355,69.6884061532596,19.0065407951289
"FORT362 AS",929781358,69.688437671611,19.0064588278672
"FORT362 AS",929781361,69.6884836791794,19.0063718415794
"T J HOLDING AS",4128340,69.6439031819849,18.9411482111954
"EVJENVEGEN 76 AS",3125556,69.6588549095102,19.0142950011816
"T J EIENDOM AS",4207628,69.6715278162858,18.9654790785432
"FZL EIENDOM AS",3136106,69.685087549233,18.9458060962872
"A R O EIENDOM AS",1059128706,69.7062040992249,19.0197858079616
"J R EIENDOM AS",1059128703,69.7062040992249,19.0197858079616
"NORDICSPAS EIENDOM AS",1096473386,69.6328652109873,18.0150618473443
"NORDICSPAS EIENDOM AS",1096473389,69.6329214186848,18.0153430038024
"NYHEIM NORDBYEN AS",973539883,69.6599547063317,18.963574857458
"NYHEIM NORDBYEN AS",973539886,69.6599547063317,18.963574857458
"NYHEIM NORDBYEN AS",973539889,69.6599547063317,18.963574857458
"NYHEIM NORDBYEN AS",973539892,69.6599547063317,18.963574857458
"NYHEIM NORDBYEN AS",973539895,69.6599547063317,18.963574857458
"NYHEIM NORDBYEN AS",973539898,69.6599547063317,18.963574857458
"NYHEIM NORDBYEN AS",973539901,69.6599547063317,18.963574857458
"NYHEIM NORDBYEN AS",973539904,69.6599547063317,18.963574857458
"NYHEIM NORDBYEN AS",973539907,69.6599547063317,18.963574857458
"NYHEIM NORDBYEN AS",973539910,69.6599547063317,18.963574857458
"NYHEIM NORDBYEN AS",973539913,69.6599547063317,18.963574857458
"NYHEIM NORDBYEN AS",973539916,69.6599547063317,18.963574857458
"NYHEIM NORDBYEN AS",973539919,69.6599547063317,18.963574857458
"NYHEIM NORDBYEN AS",973539922,69.6599547063317,18.963574857458
"NYHEIM NORDBYEN AS",973539925,69.6599547063317,18.963574857458
"NYHEIM NORDBYEN AS",973539928,69.6599547063317,18.963574857458
"NYHEIM NORDBYEN AS",973539931,69.6599547063317,18.963574857458
"NYHEIM NORDBYEN AS",973539934,69.6599547063317,18.963574857458
"NYHEIM NORDBYEN AS",973539937,69.6599547063317,18.963574857458
"NYHEIM NORDBYEN AS",973539940,69.6599547063317,18.963574857458
"O K HANSSEN EIENDOM AS",3136059,69.6832634404331,18.9442255946544
"GAMVOLLEN EIENDOM AS",294284837,69.6554686157605,18.9393965924094
"SKATTØRA LAGERUTLEIE AS",1059128694,69.7062040992249,19.0197858079616
"SKATTØRA LAGERUTLEIE AS",1059128700,69.7062040992249,19.0197858079616
"SKATTØRA LAGERUTLEIE AS",1059128709,69.7062040992249,19.0197858079616
"SKATTØRA LAGERUTLEIE AS",1059128712,69.7062040992249,19.0197858079616
"YNVEZT EIENDOM AS",3138832,69.6656380579435,18.962931652949
"YNVEZT EIENDOM AS",3143867,69.6242888714055,18.2310396534859
"YNVEZT EIENDOM AS",3146226,69.6549040684525,18.9620999906697
"HUGO EIENDOM AS",3128242,69.6414333262556,19.012850301583
"ARCTIC LODGE TROMVIK AS",3134300,69.7721596027464,18.4229012515926
"BACO EIENDOM AS",1085702406,69.6426700506102,18.9320146782566
"BACO EIENDOM AS",1085702409,69.6427325367751,18.9322326710982
"BACO EIENDOM AS",1085702412,69.642779406271,18.9323058554475
"EIENDOMSPARTNER NORD AS",3128373,69.6460998715028,19.0035347603262
"EIENDOMSPARTNER NORD AS",980341068,69.6434248169157,18.9963907282151
"EIENDOMSPARTNER NORD AS",1059247727,69.6460471269819,19.0031299385742
"EIENDOMSPARTNER NORD AS",1137344924,69.652387292059,18.9469825389673
"EIENDOMSPARTNER NORD AS",1137344927,69.652387292059,18.9469825389673
"EIENDOMSPARTNER NORD AS",1137344930,69.652387292059,18.9469825389673
"RSG 16 AS",3145838,69.6555731989315,18.9602780755542
"PRESTENGGATA 19 AS",3145735,69.6471049835333,18.9500476994988
"SVARTHAMMEREN EIENDOM AS",3127638,69.6426399146114,19.005192199814
"SOLID EIENDOMSINVEST AS",353027169,69.6577355914047,18.964374121199
"SOLID EIENDOMSINVEST AS",353027172,69.6577355914047,18.964374121199
"TROMSØ HUSKY AS",3142535,69.6506218563783,19.570000342659
"DYNERO AS",3139256,69.6734481108244,18.9743141637842
"LIMA UTVIKLING AS",3138930,69.6481799140564,18.9375283316671
"ROPNESVEGEN 49 AS",1086867093,69.6863007271148,18.7405934014546
"KSV 2A AS",3127551,69.6463485771583,18.9921584330339
"SEVERINSEN AS",4099809,69.6534463375071,18.9597780699696
"ARVTO AS",3137289,69.6538504768023,18.9258264560473
"PGT40 AS",3145629,69.6524591858441,18.9537595983067
"CAMP NORD AS",3124576,69.7774371263162,19.3827407548756
"USTABIL UTVIKLING AS",3146346,69.6417950069928,18.941015133968
"EHB EIENDOM AS",3124235,69.7545342809116,19.6748331483399
"FRONT BOLIGINVEST AS",3140069,69.6402600295754,18.9141045242922
"FRONT BOLIGINVEST AS",3140229,69.64252876268,18.9235277126659
"ARATO AS",3145273,69.6440021204443,18.942740682447
"AURORA RENTAL AS",3144689,69.6421839353524,17.9921753736825
